<?xml version='1.0' encoding='UTF-8'?>
<RUCoD xmlns:xsi="http://www.w3.org/2001/XMLSchema-instance" xmlns="http://www.isearch-project.eu/isearch/RUCoD" xmlns:gml="http://www.opengis.net/gml" xmlns:xsd="http://www.w3.org/2001/XMLSchema">
 <Header>
  <ContentObjectType>Multimedia Collection</ContentObjectType>
  <ContentObjectName xml:lang="en-US">Bird</ContentObjectName>
  <ContentObjectID>80000000-8000-0000-F000-000080000102</ContentObjectID>
  <ContentObjectVersion>1</ContentObjectVersion>
  <ContentObjectCreationInformation>
   <Creator>
    <Name>CoFetch Script</Name>
   </Creator>
   <Contributor>
    <Name>HS Fulda</Name>
   </Contributor>
   <Contributor>
    <Name>Google</Name>
   </Contributor>
   <Contributor>
    <Name>flickr.com</Name>
   </Contributor>
   <Contributor>
    <Name>wikipedia.org</Name>
   </Contributor>
   <Contributor>
    <Name>freesound.org</Name>
   </Contributor>
   <Contributor>
    <Name>wunderground.com</Name>
   </Contributor>
   <Contributor>
    <Name>youtube.com</Name>
   </Contributor>
  </ContentObjectCreationInformation>
  <ContentObjectTypes>
   <MultimediaContent type="ImageType">
    <FreeText>Gull flying past BroadhavenBEST VIEWED &lt;a href="http://www.flickriver.com/photos/stellacarling/" rel="nofollow">Brian/Jane photos on Flickriver&lt;/a>OR&lt;a href="http://www.flickriver.com/photos/stellacarling" rel="nofollow">www.flickriver.com/photos/stellacarling&lt;/a></FreeText>
    <MediaName>Gull</MediaName>
    <FileFormat>image/jpeg</FileFormat>
    <MetaTag type="xsd:string" name="UserTag">Gull</MetaTag>
    <MetaTag type="xsd:string" name="UserTag">Flying</MetaTag>
    <MetaTag type="xsd:string" name="UserTag">Bird</MetaTag>
    <MetaTag type="xsd:string" name="UserTag">Broadhaven</MetaTag>
    <MetaTag type="xsd:string" name="UserTag">Pembrokeshire</MetaTag>
    <MetaTag type="xsd:string" name="UserTag">Pembrokeshirewales</MetaTag>
    <MetaTag type="xsd:string" name="UserTag">Pembrokeshireoutdoors</MetaTag>
    <MetaTag type="xsd:string" name="UserTag">Naturewithallitswonders</MetaTag>
    <MediaLocator>
     <MediaUri>http://farm6.staticflickr.com/5261/5887336933_18bd1b184e_b.jpg</MediaUri>
     <MediaPreview>http://farm6.staticflickr.com/5261/5887336933_18bd1b184e_s.jpg</MediaPreview>
    </MediaLocator>
    <MediaCreationInformation>
     <Author>
      <Name>Brian/Jane</Name>
     </Author>
     <Licensing>All Rights Reserved</Licensing>
    </MediaCreationInformation>
    <Size>425780</Size>
   </MultimediaContent>
   <RealWorldInfo>
    <MetadataUri filetype="rwml">Bird_12.rwml</MetadataUri>
   </RealWorldInfo>
  </ContentObjectTypes>
  <Tags>
   <MetaTag type="xsd:string" name="UserTag">Gull</MetaTag>
   <MetaTag type="xsd:string" name="UserTag">Flying</MetaTag>
   <MetaTag type="xsd:string" name="UserTag">Bird</MetaTag>
   <MetaTag type="xsd:string" name="UserTag">Broadhaven</MetaTag>
   <MetaTag type="xsd:string" name="UserTag">Pembrokeshire</MetaTag>
   <MetaTag type="xsd:string" name="UserTag">Pembrokeshirewales</MetaTag>
   <MetaTag type="xsd:string" name="UserTag">Pembrokeshireoutdoors</MetaTag>
   <MetaTag type="xsd:string" name="UserTag">Naturewithallitswonders</MetaTag>
   <MetaTag type="xsd:string" name="Category">01 Bird</MetaTag>
  </Tags>
 </Header>
 <Description>
  <L_Descriptor type="ImageType">
   <MediaName>Gull</MediaName>
   <ImageDescription matching="L2Distance" type="SIFT">
    <LowLevelDescriptor descriptorType="xsd:float" totalNumOfDescriptors="8168" descriptorSize="1021">
     <Store type="text">
      <DescriptorLocator>
       <DescriptorUri>http://vcl.iti.gr/is/UC/descr/2D/80000000-8000-0000-F000-000080000102.imgdescr</DescriptorUri>
      </DescriptorLocator>
     </Store>
    </LowLevelDescriptor>
   </ImageDescription>
  </L_Descriptor>
 </Description>
</RUCoD>
