<?xml version='1.0' encoding='UTF-8'?>
<RUCoD xmlns:xsi="http://www.w3.org/2001/XMLSchema-instance" xmlns="http://www.isearch-project.eu/isearch/RUCoD" xmlns:gml="http://www.opengis.net/gml" xmlns:xsd="http://www.w3.org/2001/XMLSchema">
 <Header>
  <ContentObjectType>Multimedia Collection</ContentObjectType>
  <ContentObjectName xml:lang="en-US">Bird</ContentObjectName>
  <ContentObjectID>80000000-8000-0000-F000-00008000010C</ContentObjectID>
  <ContentObjectVersion>1</ContentObjectVersion>
  <ContentObjectCreationInformation>
   <Creator>
    <Name>CoFetch Script</Name>
   </Creator>
   <Contributor>
    <Name>HS Fulda</Name>
   </Contributor>
   <Contributor>
    <Name>Google</Name>
   </Contributor>
   <Contributor>
    <Name>flickr.com</Name>
   </Contributor>
   <Contributor>
    <Name>wikipedia.org</Name>
   </Contributor>
   <Contributor>
    <Name>freesound.org</Name>
   </Contributor>
   <Contributor>
    <Name>wunderground.com</Name>
   </Contributor>
   <Contributor>
    <Name>youtube.com</Name>
   </Contributor>
  </ContentObjectCreationInformation>
  <ContentObjectTypes>
   <MultimediaContent type="Object3D">
    <FreeText>3D Bird in flight,.</FreeText>
    <MediaName>3D Bird in flight.</MediaName>
    <MetaTag type="xsd:string" name="UserTag">Bird</MetaTag>
    <MediaLocator>
     <MediaUri>http://sketchup.google.com/3dwarehouse/download?mid=349399bde4f59ebb8ce1e56bd4815661&amp;rtyp=zip&amp;fn=Bird+in+flight&amp;ctyp=other&amp;ts=1238949259000&amp;ct=gd</MediaUri>
     <MediaPreview>http://sketchup.google.com/3dwarehouse/download?mid=349399bde4f59ebb8ce1e56bd4815661&amp;rtyp=lt&amp;ctyp=other&amp;ts=1238949259000&amp;ct=gd</MediaPreview>
    </MediaLocator>
    <MediaCreationInformation>
     <Author>
      <Name>Bob (http://sketchup.google.com/3dwarehouse/search?uq=1200484483282565034200937&amp;scoring=m&amp;ct=gd)</Name>
     </Author>
     <Licensing>Google 3D Warehouse License</Licensing>
    </MediaCreationInformation>
    <Size>27670</Size>
   </MultimediaContent>
   <MultimediaContent type="ImageType">
    <FreeText>not sure what type of gull this is</FreeText>
    <MediaName>gull</MediaName>
    <FileFormat>image/jpeg</FileFormat>
    <MetaTag type="xsd:string" name="UserTag">Gull</MetaTag>
    <MediaLocator>
     <MediaUri>http://farm3.staticflickr.com/2369/2338306151_4db9d1550b_b.jpg</MediaUri>
     <MediaPreview>http://farm3.staticflickr.com/2369/2338306151_4db9d1550b_s.jpg</MediaPreview>
    </MediaLocator>
    <MediaCreationInformation>
     <Author>
      <Name>Peter</Name>
     </Author>
     <Licensing>All Rights Reserved</Licensing>
    </MediaCreationInformation>
    <Size>507495</Size>
   </MultimediaContent>
   <MultimediaContent type="SoundType">
    <FreeText>Seagulls and splashing waves recorded at the beach one mile from my house in Sussex, UK. Feb 2003. Sony MZ-R3 MD and ECM-MS907 mic.</FreeText>
    <MediaName>GullsByTheSea.wav</MediaName>
    <FileFormat>audio/x-wav</FileFormat>
    <MetaTag type="xsd:string" name="UserTag">Bird</MetaTag>
    <MetaTag type="xsd:string" name="UserTag">Ear-to-the-earth</MetaTag>
    <MetaTag type="xsd:string" name="UserTag">Waves</MetaTag>
    <MetaTag type="xsd:string" name="UserTag">Splash</MetaTag>
    <MetaTag type="xsd:string" name="UserTag">Seagulls</MetaTag>
    <MetaTag type="xsd:string" name="UserTag">Rumore-del-mare</MetaTag>
    <MetaTag type="xsd:string" name="UserTag">Purist</MetaTag>
    <MetaTag type="xsd:string" name="UserTag">Nature</MetaTag>
    <MetaTag type="xsd:string" name="UserTag">Gulls</MetaTag>
    <MetaTag type="xsd:string" name="UserTag">Field-recording</MetaTag>
    <MetaTag type="xsd:string" name="UserTag">Sea</MetaTag>
    <MetaTag type="xsd:string" name="UserTag">Birds</MetaTag>
    <MediaLocator>
     <MediaUri>http://www.freesound.org/api/sounds/13564/serve/?api_key=e642ab56df1f4cfc87f419fbf9ac5088</MediaUri>
     <MediaPreview>http://www.freesound.org/data/displays/13/13564_37876_wave_M.png</MediaPreview>
     <MediaPreview format="audio/mpeg">http://vcl.iti.gr/i-search/uc3/media/GullsByTheSea.wav_preview.mp3</MediaPreview>
    </MediaLocator>
    <MediaCreationInformation>
     <Author>
      <Name>acclivity</Name>
     </Author>
     <Licensing>CC</Licensing>
    </MediaCreationInformation>
    <Size>1609470</Size>
    <MediaTime>10</MediaTime>
   </MultimediaContent>
   <RealWorldInfo>
    <MetadataUri filetype="rwml">Bird_8.rwml</MetadataUri>
   </RealWorldInfo>
  </ContentObjectTypes>
  <Tags>
   <MetaTag type="xsd:string" name="UserTag">Bird</MetaTag>
   <MetaTag type="xsd:string" name="UserTag">Gull</MetaTag>
   <MetaTag type="xsd:string" name="UserTag">Ear-to-the-earth</MetaTag>
   <MetaTag type="xsd:string" name="UserTag">Waves</MetaTag>
   <MetaTag type="xsd:string" name="UserTag">Splash</MetaTag>
   <MetaTag type="xsd:string" name="UserTag">Seagulls</MetaTag>
   <MetaTag type="xsd:string" name="UserTag">Rumore-del-mare</MetaTag>
   <MetaTag type="xsd:string" name="UserTag">Purist</MetaTag>
   <MetaTag type="xsd:string" name="UserTag">Nature</MetaTag>
   <MetaTag type="xsd:string" name="UserTag">Gulls</MetaTag>
   <MetaTag type="xsd:string" name="UserTag">Field-recording</MetaTag>
   <MetaTag type="xsd:string" name="UserTag">Sea</MetaTag>
   <MetaTag type="xsd:string" name="UserTag">Birds</MetaTag>
   <MetaTag type="xsd:string" name="Category">01 Bird</MetaTag>
  </Tags>
 </Header>
 <Description>
  <L_Descriptor type="ImageType">
   <MediaName>gull</MediaName>
   <ImageDescription matching="L2Distance" type="SIFT">
    <LowLevelDescriptor descriptorType="xsd:float" totalNumOfDescriptors="8168" descriptorSize="1021">
     <Store type="text">
      <DescriptorLocator>
       <DescriptorUri>http://vcl.iti.gr/is/UC/descr/2D/80000000-8000-0000-F000-00008000010C.imgdescr</DescriptorUri>
      </DescriptorLocator>
     </Store>
    </LowLevelDescriptor>
   </ImageDescription>
  </L_Descriptor>
  <L_Descriptor type="Object3D">
   <MediaName>3D Bird in flight.</MediaName>
   <Shape3DDescription matching="MultiViewL2" type="CMVD">
    <LowLevelDescriptor descriptorType="xsd:float" totalNumOfDescriptors="212" descriptorSize="3816" totalNumOfViews="18">
     <Store type="text">
      <DescriptorLocator>
       <DescriptorUri>http://vcl.iti.gr/is/UC/descr/3D/80000000-8000-0000-F000-00008000010C.zip.txt</DescriptorUri>
      </DescriptorLocator>
     </Store>
    </LowLevelDescriptor>
   </Shape3DDescription>
  </L_Descriptor>
  <L_Descriptor type="SoundType">
   <MediaName>GullsByTheSea.wav</MediaName>
   <AudioDescription matching="BrayCurtis" type="BarkBands">
    <LowLevelDescriptor descriptorType="xsd:float" totalNumOfDescriptors="216" descriptorSize="8 27">
     <Store type="text">
      <DescriptorLocator>
       <DescriptorUri>http://vcl.iti.gr/is/UC/descr/audio/80000000-8000-0000-F000-00008000010C.audiodescr</DescriptorUri>
      </DescriptorLocator>
     </Store>
    </LowLevelDescriptor>
   </AudioDescription>
  </L_Descriptor>
 </Description>
</RUCoD>
