<?xml version='1.0' encoding='UTF-8'?>
<RUCoD xmlns:xsi="http://www.w3.org/2001/XMLSchema-instance" xmlns="http://www.isearch-project.eu/isearch/RUCoD" xmlns:gml="http://www.opengis.net/gml" xmlns:xsd="http://www.w3.org/2001/XMLSchema">
 <Header>
  <ContentObjectType>Multimedia Collection</ContentObjectType>
  <ContentObjectName xml:lang="en-US">Bird</ContentObjectName>
  <ContentObjectID>80000000-8000-0000-F000-000080000105</ContentObjectID>
  <ContentObjectVersion>1</ContentObjectVersion>
  <ContentObjectCreationInformation>
   <Creator>
    <Name>CoFetch Script</Name>
   </Creator>
   <Contributor>
    <Name>HS Fulda</Name>
   </Contributor>
   <Contributor>
    <Name>Google</Name>
   </Contributor>
   <Contributor>
    <Name>flickr.com</Name>
   </Contributor>
   <Contributor>
    <Name>wikipedia.org</Name>
   </Contributor>
   <Contributor>
    <Name>freesound.org</Name>
   </Contributor>
   <Contributor>
    <Name>wunderground.com</Name>
   </Contributor>
   <Contributor>
    <Name>youtube.com</Name>
   </Contributor>
  </ContentObjectCreationInformation>
  <ContentObjectTypes>
   <MultimediaContent type="ImageType">
    <FreeText>This image of a robin red breast eating seeds is available a desktop wallpaper over at our website &lt;a href="http://www.digitaldesktopwallpaper.com">Digital Desktop Wallpaper&lt;/a>.Go directly to &lt;a href="http://www.digitaldesktopwallpaper.com/downloads/ddw/bird-wallpaper-003.htm">wallpaper&lt;/a>.If you would like to purchase a high resolution digital version of this image for a specific project please contact us via the &lt;a href="http://www.digitaldesktopwallpaper.com">website&lt;/a>.</FreeText>
    <MediaName>Bird - Robin Red Breast Eating Bird Seed</MediaName>
    <FileFormat>image/jpeg</FileFormat>
    <MetaTag type="xsd:string" name="UserTag">Digitalphotography</MetaTag>
    <MetaTag type="xsd:string" name="UserTag">Freedesktopwallpaper</MetaTag>
    <MetaTag type="xsd:string" name="UserTag">Wallpapers</MetaTag>
    <MetaTag type="xsd:string" name="UserTag">Pcbackground</MetaTag>
    <MetaTag type="xsd:string" name="UserTag">Animal</MetaTag>
    <MetaTag type="xsd:string" name="UserTag">Bird</MetaTag>
    <MetaTag type="xsd:string" name="UserTag">Robin</MetaTag>
    <MetaTag type="xsd:string" name="UserTag">Robinredbreast</MetaTag>
    <MediaLocator>
     <MediaUri>http://farm4.staticflickr.com/3080/2697549953_a2a1cde3f6.jpg</MediaUri>
     <MediaPreview>http://farm4.staticflickr.com/3080/2697549953_a2a1cde3f6_s.jpg</MediaPreview>
    </MediaLocator>
    <MediaCreationInformation>
     <Author>
      <Name>Digital Wallpapers</Name>
     </Author>
     <Licensing>Attribution-NonCommercial-NoDerivs License</Licensing>
    </MediaCreationInformation>
    <Size>112500</Size>
   </MultimediaContent>
   <RealWorldInfo>
    <MetadataUri filetype="rwml">Bird_1.rwml</MetadataUri>
   </RealWorldInfo>
  </ContentObjectTypes>
  <Tags>
   <MetaTag type="xsd:string" name="UserTag">Digitalphotography</MetaTag>
   <MetaTag type="xsd:string" name="UserTag">Freedesktopwallpaper</MetaTag>
   <MetaTag type="xsd:string" name="UserTag">Wallpapers</MetaTag>
   <MetaTag type="xsd:string" name="UserTag">Pcbackground</MetaTag>
   <MetaTag type="xsd:string" name="UserTag">Animal</MetaTag>
   <MetaTag type="xsd:string" name="UserTag">Bird</MetaTag>
   <MetaTag type="xsd:string" name="UserTag">Robin</MetaTag>
   <MetaTag type="xsd:string" name="UserTag">Robinredbreast</MetaTag>
   <MetaTag type="xsd:string" name="Category">01 Bird</MetaTag>
  </Tags>
 </Header>
 <Description>
  <L_Descriptor type="ImageType">
   <MediaName>Bird - Robin Red Breast Eating Bird Seed</MediaName>
   <ImageDescription matching="L2Distance" type="SIFT">
    <LowLevelDescriptor descriptorType="xsd:float" totalNumOfDescriptors="8168" descriptorSize="1021">
     <Store type="text">
      <DescriptorLocator>
       <DescriptorUri>http://vcl.iti.gr/is/UC/descr/2D/80000000-8000-0000-F000-000080000105.imgdescr</DescriptorUri>
      </DescriptorLocator>
     </Store>
    </LowLevelDescriptor>
   </ImageDescription>
  </L_Descriptor>
 </Description>
</RUCoD>
