<?xml version='1.0' encoding='UTF-8'?>
<RUCoD xmlns:xsi="http://www.w3.org/2001/XMLSchema-instance" xmlns="http://www.isearch-project.eu/isearch/RUCoD" xmlns:gml="http://www.opengis.net/gml" xmlns:xsd="http://www.w3.org/2001/XMLSchema">
 <Header>
  <ContentObjectType>Multimedia Collection</ContentObjectType>
  <ContentObjectName xml:lang="en-US">Bird</ContentObjectName>
  <ContentObjectID>80000000-8000-0000-F000-000080000103</ContentObjectID>
  <ContentObjectVersion>1</ContentObjectVersion>
  <ContentObjectCreationInformation>
   <Creator>
    <Name>CoFetch Script</Name>
   </Creator>
   <Contributor>
    <Name>HS Fulda</Name>
   </Contributor>
   <Contributor>
    <Name>Google</Name>
   </Contributor>
   <Contributor>
    <Name>flickr.com</Name>
   </Contributor>
   <Contributor>
    <Name>wikipedia.org</Name>
   </Contributor>
   <Contributor>
    <Name>freesound.org</Name>
   </Contributor>
   <Contributor>
    <Name>wunderground.com</Name>
   </Contributor>
   <Contributor>
    <Name>youtube.com</Name>
   </Contributor>
  </ContentObjectCreationInformation>
  <ContentObjectTypes>
   <MultimediaContent type="ImageType">
    <FreeText>Gull flying into the sun</FreeText>
    <MediaName>IMGP4789 Gull</MediaName>
    <FileFormat>image/jpeg</FileFormat>
    <MetaTag type="xsd:string" name="UserTag">Gull</MetaTag>
    <MetaTag type="xsd:string" name="UserTag">Bif</MetaTag>
    <MetaTag type="xsd:string" name="UserTag">Torontozoo</MetaTag>
    <MetaTag type="xsd:string" name="UserTag">Smcpda300mmf40edifsdm</MetaTag>
    <MetaTag type="xsd:string" name="UserTag">Pentaxk5</MetaTag>
    <MetaTag type="xsd:string" name="UserTag">Ringbilled</MetaTag>
    <MediaLocator>
     <MediaUri>http://farm5.staticflickr.com/4124/5170704043_6acf277358_b.jpg</MediaUri>
     <MediaPreview>http://farm5.staticflickr.com/4124/5170704043_6acf277358_s.jpg</MediaPreview>
    </MediaLocator>
    <MediaCreationInformation>
     <Author>
      <Name>Bob</Name>
     </Author>
     <Licensing>All Rights Reserved</Licensing>
    </MediaCreationInformation>
    <Size>265524</Size>
   </MultimediaContent>
   <RealWorldInfo>
    <MetadataUri filetype="rwml">Bird_13.rwml</MetadataUri>
   </RealWorldInfo>
  </ContentObjectTypes>
  <Tags>
   <MetaTag type="xsd:string" name="UserTag">Gull</MetaTag>
   <MetaTag type="xsd:string" name="UserTag">Bif</MetaTag>
   <MetaTag type="xsd:string" name="UserTag">Torontozoo</MetaTag>
   <MetaTag type="xsd:string" name="UserTag">Smcpda300mmf40edifsdm</MetaTag>
   <MetaTag type="xsd:string" name="UserTag">Pentaxk5</MetaTag>
   <MetaTag type="xsd:string" name="UserTag">Ringbilled</MetaTag>
   <MetaTag type="xsd:string" name="Category">01 Bird</MetaTag>
  </Tags>
 </Header>
 <Description>
  <L_Descriptor type="ImageType">
   <MediaName>IMGP4789 Gull</MediaName>
   <ImageDescription matching="L2Distance" type="SIFT">
    <LowLevelDescriptor descriptorType="xsd:float" totalNumOfDescriptors="8168" descriptorSize="1021">
     <Store type="text">
      <DescriptorLocator>
       <DescriptorUri>http://vcl.iti.gr/is/UC/descr/2D/80000000-8000-0000-F000-000080000103.imgdescr</DescriptorUri>
      </DescriptorLocator>
     </Store>
    </LowLevelDescriptor>
   </ImageDescription>
  </L_Descriptor>
 </Description>
</RUCoD>
