<?xml version='1.0' encoding='UTF-8'?>
<RUCoD xmlns:xsi="http://www.w3.org/2001/XMLSchema-instance" xmlns="http://www.isearch-project.eu/isearch/RUCoD" xmlns:gml="http://www.opengis.net/gml" xmlns:xsd="http://www.w3.org/2001/XMLSchema">
 <Header>
  <ContentObjectType>Multimedia Collection</ContentObjectType>
  <ContentObjectName xml:lang="en-US">Bird</ContentObjectName>
  <ContentObjectID>80000000-8000-0000-F000-000080000100</ContentObjectID>
  <ContentObjectVersion>1</ContentObjectVersion>
  <ContentObjectCreationInformation>
   <Creator>
    <Name>CoFetch Script</Name>
   </Creator>
   <Contributor>
    <Name>HS Fulda</Name>
   </Contributor>
   <Contributor>
    <Name>Google</Name>
   </Contributor>
   <Contributor>
    <Name>flickr.com</Name>
   </Contributor>
   <Contributor>
    <Name>wikipedia.org</Name>
   </Contributor>
   <Contributor>
    <Name>freesound.org</Name>
   </Contributor>
   <Contributor>
    <Name>wunderground.com</Name>
   </Contributor>
   <Contributor>
    <Name>youtube.com</Name>
   </Contributor>
  </ContentObjectCreationInformation>
  <ContentObjectTypes>
   <MultimediaContent type="ImageType">
    <FreeText>American Herring Gull &lt;i>Larus smithsonianus&lt;/i> on the fishing structure of Arrowhead Marsh, MLK Regional Shoreline, Oakland, CA.  Taken by a Nikon D40x at ISO 400 with a Sigma 70-300 DG non-APO macro lens. (at 300) See notes for field marks that separate this species from the Western Gull.</FreeText>
    <MediaName>American Herring Gull AHM 4-1-10 2</MediaName>
    <FileFormat>image/jpeg</FileFormat>
    <MetaTag type="xsd:string" name="UserTag">Americanherringgull</MetaTag>
    <MetaTag type="xsd:string" name="UserTag">Arrowheadmarsh</MetaTag>
    <MetaTag type="xsd:string" name="UserTag">Mlk</MetaTag>
    <MetaTag type="xsd:string" name="UserTag">Nikond40x</MetaTag>
    <MetaTag type="xsd:string" name="UserTag">Geotagged</MetaTag>
    <MetaTag type="xsd:string" name="UserTag">Larussmithsonianus</MetaTag>
    <MetaTag type="xsd:string" name="UserTag">Ebparksok</MetaTag>
    <MetaTag type="xsd:string" name="UserTag">Sigma70300ƒ456dg</MetaTag>
    <MediaLocator>
     <MediaUri>http://farm5.staticflickr.com/4075/4746400644_08efec7d97_b.jpg</MediaUri>
     <MediaPreview>http://farm5.staticflickr.com/4075/4746400644_08efec7d97_s.jpg</MediaPreview>
    </MediaLocator>
    <MediaCreationInformation>
     <Author>
      <Name>Paul Sullivan</Name>
     </Author>
     <Licensing>Attribution-NoDerivs License</Licensing>
    </MediaCreationInformation>
    <Size>420864</Size>
   </MultimediaContent>
   <RealWorldInfo>
    <MetadataUri filetype="rwml">Bird_10.rwml</MetadataUri>
   </RealWorldInfo>
  </ContentObjectTypes>
  <Tags>
   <MetaTag type="xsd:string" name="UserTag">Americanherringgull</MetaTag>
   <MetaTag type="xsd:string" name="UserTag">Arrowheadmarsh</MetaTag>
   <MetaTag type="xsd:string" name="UserTag">Mlk</MetaTag>
   <MetaTag type="xsd:string" name="UserTag">Nikond40x</MetaTag>
   <MetaTag type="xsd:string" name="UserTag">Geotagged</MetaTag>
   <MetaTag type="xsd:string" name="UserTag">Larussmithsonianus</MetaTag>
   <MetaTag type="xsd:string" name="UserTag">Ebparksok</MetaTag>
   <MetaTag type="xsd:string" name="UserTag">Sigma70300ƒ456dg</MetaTag>
   <MetaTag type="xsd:string" name="Category">01 Bird</MetaTag>
  </Tags>
 </Header>
 <Description>
  <L_Descriptor type="ImageType">
   <MediaName>American Herring Gull AHM 4-1-10 2</MediaName>
   <ImageDescription matching="L2Distance" type="SIFT">
    <LowLevelDescriptor descriptorType="xsd:float" totalNumOfDescriptors="8168" descriptorSize="1021">
     <Store type="text">
      <DescriptorLocator>
       <DescriptorUri>http://vcl.iti.gr/is/UC/descr/2D/80000000-8000-0000-F000-000080000100.imgdescr</DescriptorUri>
      </DescriptorLocator>
     </Store>
    </LowLevelDescriptor>
   </ImageDescription>
  </L_Descriptor>
 </Description>
</RUCoD>
