<?xml version='1.0' encoding='UTF-8'?>
<RUCoD xmlns:xsi="http://www.w3.org/2001/XMLSchema-instance" xmlns="http://www.isearch-project.eu/isearch/RUCoD" xmlns:gml="http://www.opengis.net/gml" xmlns:xsd="http://www.w3.org/2001/XMLSchema">
 <Header>
  <ContentObjectType>Multimedia Collection</ContentObjectType>
  <ContentObjectName xml:lang="en-US">Duck</ContentObjectName>
  <ContentObjectID>80000000-8000-0000-F000-00008000012D</ContentObjectID>
  <ContentObjectVersion>1</ContentObjectVersion>
  <ContentObjectCreationInformation>
   <Creator>
    <Name>CoFetch Script</Name>
   </Creator>
   <Contributor>
    <Name>HS Fulda</Name>
   </Contributor>
   <Contributor>
    <Name>Google</Name>
   </Contributor>
   <Contributor>
    <Name>flickr.com</Name>
   </Contributor>
   <Contributor>
    <Name>wikipedia.org</Name>
   </Contributor>
   <Contributor>
    <Name>freesound.org</Name>
   </Contributor>
   <Contributor>
    <Name>wunderground.com</Name>
   </Contributor>
   <Contributor>
    <Name>youtube.com</Name>
   </Contributor>
  </ContentObjectCreationInformation>
  <ContentObjectTypes>
   <MultimediaContent type="ImageType">
    <FreeText>Photo taken in a bathtub, a nice little yellow rubber duck floating in the soap.It's nice to see the dept of field in this photo works nice. It took a lot of time to get the whitebalance right, to get the soap white/blue instead of yellow/blue.&lt;a href="http://www.icuadro-fotografie.nl/en/" rel="nofollow">See more photos at iCuadro Photography&lt;/a></FreeText>
    <MediaName>Rubber duck</MediaName>
    <FileFormat>image/jpeg</FileFormat>
    <MetaTag type="xsd:string" name="UserTag">2008</MetaTag>
    <MetaTag type="xsd:string" name="UserTag">White</MetaTag>
    <MetaTag type="xsd:string" name="UserTag">Yellow</MetaTag>
    <MetaTag type="xsd:string" name="UserTag">Orange</MetaTag>
    <MetaTag type="xsd:string" name="UserTag">Rubberduck</MetaTag>
    <MetaTag type="xsd:string" name="UserTag">Soap</MetaTag>
    <MediaLocator>
     <MediaUri>http://farm3.staticflickr.com/2202/2380249707_d6fdf2c45f_b.jpg</MediaUri>
     <MediaPreview>http://farm3.staticflickr.com/2202/2380249707_d6fdf2c45f_s.jpg</MediaPreview>
    </MediaLocator>
    <MediaCreationInformation>
     <Author>
      <Name>iCuadro Fotografie</Name>
     </Author>
     <Licensing>All Rights Reserved</Licensing>
    </MediaCreationInformation>
    <Size>418407</Size>
   </MultimediaContent>
   <RealWorldInfo>
    <MetadataUri filetype="rwml">Duck_7.rwml</MetadataUri>
   </RealWorldInfo>
  </ContentObjectTypes>
  <Tags>
   <MetaTag type="xsd:string" name="UserTag">2008</MetaTag>
   <MetaTag type="xsd:string" name="UserTag">White</MetaTag>
   <MetaTag type="xsd:string" name="UserTag">Yellow</MetaTag>
   <MetaTag type="xsd:string" name="UserTag">Orange</MetaTag>
   <MetaTag type="xsd:string" name="UserTag">Rubberduck</MetaTag>
   <MetaTag type="xsd:string" name="UserTag">Soap</MetaTag>
   <MetaTag type="xsd:string" name="Category">01 Bird</MetaTag>
  </Tags>
 </Header>
 <Description>
  <L_Descriptor type="ImageType">
   <MediaName>Rubber duck</MediaName>
   <ImageDescription matching="L2Distance" type="SIFT">
    <LowLevelDescriptor descriptorType="xsd:float" totalNumOfDescriptors="8168" descriptorSize="1021">
     <Store type="text">
      <DescriptorLocator>
       <DescriptorUri>http://vcl.iti.gr/is/UC/descr/2D/80000000-8000-0000-F000-00008000012D.imgdescr</DescriptorUri>
      </DescriptorLocator>
     </Store>
    </LowLevelDescriptor>
   </ImageDescription>
  </L_Descriptor>
 </Description>
</RUCoD>
