<?xml version='1.0' encoding='UTF-8'?>
<RUCoD xmlns:xsi="http://www.w3.org/2001/XMLSchema-instance" xmlns="http://www.isearch-project.eu/isearch/RUCoD" xmlns:gml="http://www.opengis.net/gml" xmlns:xsd="http://www.w3.org/2001/XMLSchema">
 <Header>
  <ContentObjectType>Multimedia Collection</ContentObjectType>
  <ContentObjectName xml:lang="en-US">Duck</ContentObjectName>
  <ContentObjectID>80000000-8000-0000-F000-000080000114</ContentObjectID>
  <ContentObjectVersion>1</ContentObjectVersion>
  <ContentObjectCreationInformation>
   <Creator>
    <Name>CoFetch Script</Name>
   </Creator>
   <Contributor>
    <Name>HS Fulda</Name>
   </Contributor>
   <Contributor>
    <Name>Google</Name>
   </Contributor>
   <Contributor>
    <Name>flickr.com</Name>
   </Contributor>
   <Contributor>
    <Name>wikipedia.org</Name>
   </Contributor>
   <Contributor>
    <Name>freesound.org</Name>
   </Contributor>
   <Contributor>
    <Name>wunderground.com</Name>
   </Contributor>
   <Contributor>
    <Name>youtube.com</Name>
   </Contributor>
  </ContentObjectCreationInformation>
  <ContentObjectTypes>
   <MultimediaContent type="Object3D">
    <FreeText>Wooden duck toy for 3d sketchup challenge</FreeText>
    <MediaName>Ducky</MediaName>
    <MetaTag type="xsd:string" name="UserTag">Duck</MetaTag>
    <MediaLocator>
     <MediaUri>http://sketchup.google.com/3dwarehouse/download?mid=c756be116a5228279c184d4625d13a0d&amp;rtyp=zip&amp;fn=ducky05&amp;ctyp=other&amp;ts=1202488194000&amp;ct=gd</MediaUri>
     <MediaPreview>http://sketchup.google.com/3dwarehouse/download?mid=c756be116a5228279c184d4625d13a0d&amp;rtyp=lt&amp;ctyp=other&amp;ts=1202488194000&amp;ct=gd</MediaPreview>
    </MediaLocator>
    <MediaCreationInformation>
     <Author>
      <Name>sketchDude (http://sketchup.google.com/3dwarehouse/search?uq=1604388625352299884604259&amp;scoring=m&amp;ct=gd)</Name>
     </Author>
     <Licensing>Google 3D Warehouse License</Licensing>
    </MediaCreationInformation>
    <Size>388929</Size>
   </MultimediaContent>
   <MultimediaContent type="ImageType">
    <FreeText>Toy duck of wood on wheels with a slightly moving neck and head.L:  22 cm  W:  6 cm H: 16 cm/Leksaksanka av trä på hjul. Hals och huvud något rörliga.Foto: Mats Fallqvist, Länsmuseet Gävleborg</FreeText>
    <MediaName>Wooden Duck | Anka av trä</MediaName>
    <FileFormat>image/jpeg</FileFormat>
    <MetaTag type="xsd:string" name="UserTag">Leksaksanka</MetaTag>
    <MetaTag type="xsd:string" name="UserTag">Trä</MetaTag>
    <MetaTag type="xsd:string" name="UserTag">Vintage</MetaTag>
    <MetaTag type="xsd:string" name="UserTag">Toy</MetaTag>
    <MetaTag type="xsd:string" name="UserTag">Toys</MetaTag>
    <MetaTag type="xsd:string" name="UserTag">Oldtoys</MetaTag>
    <MetaTag type="xsd:string" name="UserTag">Woodenduck</MetaTag>
    <MetaTag type="xsd:string" name="UserTag">Duck</MetaTag>
    <MediaLocator>
     <MediaUri>http://farm7.staticflickr.com/6219/6263567380_f24e7ea262_b.jpg</MediaUri>
     <MediaPreview>http://farm7.staticflickr.com/6219/6263567380_f24e7ea262_s.jpg</MediaPreview>
    </MediaLocator>
    <MediaCreationInformation>
     <Author>
      <Name>Länsmuseet Gävleborg</Name>
     </Author>
     <Licensing>Attribution-NonCommercial-NoDerivs License</Licensing>
    </MediaCreationInformation>
    <Size>444212</Size>
   </MultimediaContent>
   <RealWorldInfo>
    <MetadataUri filetype="rwml">Duck_11.rwml</MetadataUri>
   </RealWorldInfo>
  </ContentObjectTypes>
  <Tags>
   <MetaTag type="xsd:string" name="UserTag">Duck</MetaTag>
   <MetaTag type="xsd:string" name="UserTag">Leksaksanka</MetaTag>
   <MetaTag type="xsd:string" name="UserTag">Trä</MetaTag>
   <MetaTag type="xsd:string" name="UserTag">Vintage</MetaTag>
   <MetaTag type="xsd:string" name="UserTag">Toy</MetaTag>
   <MetaTag type="xsd:string" name="UserTag">Toys</MetaTag>
   <MetaTag type="xsd:string" name="UserTag">Oldtoys</MetaTag>
   <MetaTag type="xsd:string" name="UserTag">Woodenduck</MetaTag>
   <MetaTag type="xsd:string" name="Category">01 Bird</MetaTag>
  </Tags>
 </Header>
 <Description>
  <L_Descriptor type="ImageType">
   <MediaName>Wooden Duck | Anka av trä</MediaName>
   <ImageDescription matching="L2Distance" type="SIFT">
    <LowLevelDescriptor descriptorType="xsd:float" totalNumOfDescriptors="8168" descriptorSize="1021">
     <Store type="text">
      <DescriptorLocator>
       <DescriptorUri>http://vcl.iti.gr/is/UC/descr/2D/80000000-8000-0000-F000-000080000114.imgdescr</DescriptorUri>
      </DescriptorLocator>
     </Store>
    </LowLevelDescriptor>
   </ImageDescription>
  </L_Descriptor>
  <L_Descriptor type="Object3D">
   <MediaName>Ducky</MediaName>
   <Shape3DDescription matching="MultiViewL2" type="CMVD">
    <LowLevelDescriptor descriptorType="xsd:float" totalNumOfDescriptors="212" descriptorSize="3816" totalNumOfViews="18">
     <Store type="text">
      <DescriptorLocator>
       <DescriptorUri>http://vcl.iti.gr/is/UC/descr/3D/80000000-8000-0000-F000-000080000114.zip.txt</DescriptorUri>
      </DescriptorLocator>
     </Store>
    </LowLevelDescriptor>
   </Shape3DDescription>
  </L_Descriptor>
 </Description>
</RUCoD>
