<?xml version='1.0' encoding='UTF-8'?>
<RUCoD xmlns:xsi="http://www.w3.org/2001/XMLSchema-instance" xmlns="http://www.isearch-project.eu/isearch/RUCoD" xmlns:gml="http://www.opengis.net/gml" xmlns:xsd="http://www.w3.org/2001/XMLSchema">
 <Header>
  <ContentObjectType>Multimedia Collection</ContentObjectType>
  <ContentObjectName xml:lang="en-US">Duck</ContentObjectName>
  <ContentObjectID>80000000-8000-0000-F000-00008000012B</ContentObjectID>
  <ContentObjectVersion>1</ContentObjectVersion>
  <ContentObjectCreationInformation>
   <Creator>
    <Name>CoFetch Script</Name>
   </Creator>
   <Contributor>
    <Name>HS Fulda</Name>
   </Contributor>
   <Contributor>
    <Name>Google</Name>
   </Contributor>
   <Contributor>
    <Name>flickr.com</Name>
   </Contributor>
   <Contributor>
    <Name>wikipedia.org</Name>
   </Contributor>
   <Contributor>
    <Name>freesound.org</Name>
   </Contributor>
   <Contributor>
    <Name>wunderground.com</Name>
   </Contributor>
   <Contributor>
    <Name>youtube.com</Name>
   </Contributor>
  </ContentObjectCreationInformation>
  <ContentObjectTypes>
   <MultimediaContent type="ImageType">
    <FreeText>Rubber duck in my Koi pond.</FreeText>
    <MediaName>Rubber Duck.</MediaName>
    <FileFormat>image/jpeg</FileFormat>
    <MetaTag type="xsd:string" name="UserTag">Km6xo</MetaTag>
    <MetaTag type="xsd:string" name="UserTag">Pond</MetaTag>
    <MetaTag type="xsd:string" name="UserTag">Rubberduck</MetaTag>
    <MediaLocator>
     <MediaUri>http://farm3.staticflickr.com/2087/2076727253_84256b1cd9_b.jpg</MediaUri>
     <MediaPreview>http://farm3.staticflickr.com/2087/2076727253_84256b1cd9_s.jpg</MediaPreview>
    </MediaLocator>
    <MediaCreationInformation>
     <Author>
      <Name>John Shappell</Name>
     </Author>
     <Licensing>All Rights Reserved</Licensing>
    </MediaCreationInformation>
    <Size>471860</Size>
   </MultimediaContent>
   <MultimediaContent type="VideoType">
    <MediaName>Rubber Ducky</MediaName>
    <MetaTag type="xsd:string" name="UserTag">Comedy</MetaTag>
    <MetaTag type="xsd:string" name="UserTag">Blow up</MetaTag>
    <MetaTag type="xsd:string" name="UserTag">Explosion</MetaTag>
    <MetaTag type="xsd:string" name="UserTag">Fire</MetaTag>
    <MetaTag type="xsd:string" name="UserTag">Rubber ducky</MetaTag>
    <MetaTag type="xsd:string" name="UserTag">Funny</MetaTag>
    <MediaLocator>
     <MediaUri>https://www.youtube.com/watch?v=loBqrDgtKCU</MediaUri>
     <MediaPreview>http://i.ytimg.com/vi/loBqrDgtKCU/default.jpg</MediaPreview>
    </MediaLocator>
    <MediaCreationInformation>
     <Author>
      <Name>Frode4007</Name>
     </Author>
     <Licensing>All right reserved</Licensing>
    </MediaCreationInformation>
    <MediaTime>148</MediaTime>
   </MultimediaContent>
   <RealWorldInfo>
    <MetadataUri filetype="rwml">Duck_5.rwml</MetadataUri>
   </RealWorldInfo>
  </ContentObjectTypes>
  <Tags>
   <MetaTag type="xsd:string" name="UserTag">Km6xo</MetaTag>
   <MetaTag type="xsd:string" name="UserTag">Pond</MetaTag>
   <MetaTag type="xsd:string" name="UserTag">Rubberduck</MetaTag>
   <MetaTag type="xsd:string" name="UserTag">Comedy</MetaTag>
   <MetaTag type="xsd:string" name="UserTag">Blow up</MetaTag>
   <MetaTag type="xsd:string" name="UserTag">Explosion</MetaTag>
   <MetaTag type="xsd:string" name="UserTag">Fire</MetaTag>
   <MetaTag type="xsd:string" name="UserTag">Rubber ducky</MetaTag>
   <MetaTag type="xsd:string" name="UserTag">Funny</MetaTag>
   <MetaTag type="xsd:string" name="Category">01 Bird</MetaTag>
  </Tags>
 </Header>
 <Description>
  <L_Descriptor type="ImageType">
   <MediaName>Rubber Duck.</MediaName>
   <ImageDescription matching="L2Distance" type="SIFT">
    <LowLevelDescriptor descriptorType="xsd:float" totalNumOfDescriptors="8168" descriptorSize="1021">
     <Store type="text">
      <DescriptorLocator>
       <DescriptorUri>http://vcl.iti.gr/is/UC/descr/2D/80000000-8000-0000-F000-00008000012B.imgdescr</DescriptorUri>
      </DescriptorLocator>
     </Store>
    </LowLevelDescriptor>
   </ImageDescription>
  </L_Descriptor>
 </Description>
</RUCoD>
