<?xml version='1.0' encoding='UTF-8'?>
<RUCoD xmlns:xsi="http://www.w3.org/2001/XMLSchema-instance" xmlns="http://www.isearch-project.eu/isearch/RUCoD" xmlns:gml="http://www.opengis.net/gml" xmlns:xsd="http://www.w3.org/2001/XMLSchema">
 <Header>
  <ContentObjectType>Multimedia Collection</ContentObjectType>
  <ContentObjectName xml:lang="en-US">Duck</ContentObjectName>
  <ContentObjectID>80000000-8000-0000-F000-000080000113</ContentObjectID>
  <ContentObjectVersion>1</ContentObjectVersion>
  <ContentObjectCreationInformation>
   <Creator>
    <Name>CoFetch Script</Name>
   </Creator>
   <Contributor>
    <Name>HS Fulda</Name>
   </Contributor>
   <Contributor>
    <Name>Google</Name>
   </Contributor>
   <Contributor>
    <Name>flickr.com</Name>
   </Contributor>
   <Contributor>
    <Name>wikipedia.org</Name>
   </Contributor>
   <Contributor>
    <Name>freesound.org</Name>
   </Contributor>
   <Contributor>
    <Name>wunderground.com</Name>
   </Contributor>
   <Contributor>
    <Name>youtube.com</Name>
   </Contributor>
  </ContentObjectCreationInformation>
  <ContentObjectTypes>
   <MultimediaContent type="Object3D">
    <FreeText>yellow duck</FreeText>
    <MediaName>duck</MediaName>
    <MetaTag type="xsd:string" name="UserTag">Duck</MetaTag>
    <MediaLocator>
     <MediaUri>http://sketchup.google.com/3dwarehouse/download?mid=cb378e8ab550dd45412ee1518787de04&amp;rtyp=zip&amp;fn=duck&amp;ctyp=other&amp;ts=1336187660000&amp;ct=gd</MediaUri>
     <MediaPreview>http://sketchup.google.com/3dwarehouse/download?mid=cb378e8ab550dd45412ee1518787de04&amp;rtyp=lt&amp;ctyp=other&amp;ts=1336187660000&amp;ct=gd</MediaPreview>
    </MediaLocator>
    <MediaCreationInformation>
     <Author>
      <Name>Claudio Kirner (http://sketchup.google.com/3dwarehouse/search?uq=1693041918104841138962085&amp;scoring=m&amp;ct=gd)</Name>
     </Author>
     <Licensing>Google 3D Warehouse License</Licensing>
    </MediaCreationInformation>
    <Size>21760</Size>
   </MultimediaContent>
   <MultimediaContent type="ImageType">
    <FreeText>inspired from this two projects &lt;a href="http://www.flickr.com/photos/donkbars/sets/72157594560359162/"> &amp;quot;the alien series&amp;quot;&lt;/a> (by &lt;a href="http://www.flickr.com/photos/donkbars/">Donk Bars&lt;/a>) and &lt;a href="http://www.flickr.com/photos/hanniballl/sets/72157594565058531/"> &amp;quot;follow the yellow flag&amp;quot;&lt;/a> (by &lt;a href="http://www.flickr.com/photos/hanniballl/"> &amp;quot; hannibaLLL&amp;quot;&lt;/a>) - i create my own project:&lt;a href="http://www.flickr.com/photos/cool_colonia4711/sets/72157600113467711/">&lt;b>&amp;quot;ERNIE's YELLOW RUBBER DUCK DISCOVERS THE WORLD&amp;quot;&lt;/b>&lt;/a></FreeText>
    <MediaName>light out, spot on... here comes the original, incredible, yellow rubber duck</MediaName>
    <FileFormat>image/jpeg</FileFormat>
    <MetaTag type="xsd:string" name="UserTag">Anawesomeshot</MetaTag>
    <MetaTag type="xsd:string" name="UserTag">Conceptphotos</MetaTag>
    <MetaTag type="xsd:string" name="UserTag">Nophotoshop</MetaTag>
    <MetaTag type="xsd:string" name="UserTag">Onlylightandshadow</MetaTag>
    <MetaTag type="xsd:string" name="UserTag">Yellowrubberduck</MetaTag>
    <MetaTag type="xsd:string" name="UserTag">Grass</MetaTag>
    <MetaTag type="xsd:string" name="UserTag">Green</MetaTag>
    <MetaTag type="xsd:string" name="UserTag">Sunlight</MetaTag>
    <MediaLocator>
     <MediaUri>http://farm1.staticflickr.com/226/469753063_a36ca90de8_z.jpg?zz=1</MediaUri>
     <MediaPreview>http://farm1.staticflickr.com/226/469753063_a36ca90de8_s.jpg</MediaPreview>
    </MediaLocator>
    <MediaCreationInformation>
     <Author>
      <Name>Lars Schleicher</Name>
     </Author>
     <Licensing>All Rights Reserved</Licensing>
    </MediaCreationInformation>
    <Size>168192</Size>
   </MultimediaContent>
   <RealWorldInfo>
    <MetadataUri filetype="rwml">Duck_10.rwml</MetadataUri>
   </RealWorldInfo>
  </ContentObjectTypes>
  <Tags>
   <MetaTag type="xsd:string" name="UserTag">Duck</MetaTag>
   <MetaTag type="xsd:string" name="UserTag">Anawesomeshot</MetaTag>
   <MetaTag type="xsd:string" name="UserTag">Conceptphotos</MetaTag>
   <MetaTag type="xsd:string" name="UserTag">Nophotoshop</MetaTag>
   <MetaTag type="xsd:string" name="UserTag">Onlylightandshadow</MetaTag>
   <MetaTag type="xsd:string" name="UserTag">Yellowrubberduck</MetaTag>
   <MetaTag type="xsd:string" name="UserTag">Grass</MetaTag>
   <MetaTag type="xsd:string" name="UserTag">Green</MetaTag>
   <MetaTag type="xsd:string" name="UserTag">Sunlight</MetaTag>
   <MetaTag type="xsd:string" name="Category">01 Bird</MetaTag>
  </Tags>
 </Header>
 <Description>
  <L_Descriptor type="ImageType">
   <MediaName>light out, spot on... here comes the original, incredible, yellow rubber duck</MediaName>
   <ImageDescription matching="L2Distance" type="SIFT">
    <LowLevelDescriptor descriptorType="xsd:float" totalNumOfDescriptors="8168" descriptorSize="1021">
     <Store type="text">
      <DescriptorLocator>
       <DescriptorUri>http://vcl.iti.gr/is/UC/descr/2D/80000000-8000-0000-F000-000080000113.imgdescr</DescriptorUri>
      </DescriptorLocator>
     </Store>
    </LowLevelDescriptor>
   </ImageDescription>
  </L_Descriptor>
  <L_Descriptor type="Object3D">
   <MediaName>duck</MediaName>
   <Shape3DDescription matching="MultiViewL2" type="CMVD">
    <LowLevelDescriptor descriptorType="xsd:float" totalNumOfDescriptors="212" descriptorSize="3816" totalNumOfViews="18">
     <Store type="text">
      <DescriptorLocator>
       <DescriptorUri>http://vcl.iti.gr/is/UC/descr/3D/80000000-8000-0000-F000-000080000113.zip.txt</DescriptorUri>
      </DescriptorLocator>
     </Store>
    </LowLevelDescriptor>
   </Shape3DDescription>
  </L_Descriptor>
 </Description>
</RUCoD>
