<?xml version='1.0' encoding='UTF-8'?>
<RUCoD xmlns:xsi="http://www.w3.org/2001/XMLSchema-instance" xmlns="http://www.isearch-project.eu/isearch/RUCoD" xmlns:gml="http://www.opengis.net/gml" xmlns:xsd="http://www.w3.org/2001/XMLSchema">
 <Header>
  <ContentObjectType>Multimedia Collection</ContentObjectType>
  <ContentObjectName xml:lang="en-US">Duck</ContentObjectName>
  <ContentObjectID>80000000-8000-0000-F000-000080000119</ContentObjectID>
  <ContentObjectVersion>1</ContentObjectVersion>
  <ContentObjectCreationInformation>
   <Creator>
    <Name>CoFetch Script</Name>
   </Creator>
   <Contributor>
    <Name>HS Fulda</Name>
   </Contributor>
   <Contributor>
    <Name>Google</Name>
   </Contributor>
   <Contributor>
    <Name>flickr.com</Name>
   </Contributor>
   <Contributor>
    <Name>wikipedia.org</Name>
   </Contributor>
   <Contributor>
    <Name>freesound.org</Name>
   </Contributor>
   <Contributor>
    <Name>wunderground.com</Name>
   </Contributor>
   <Contributor>
    <Name>youtube.com</Name>
   </Contributor>
  </ContentObjectCreationInformation>
  <ContentObjectTypes>
   <MultimediaContent type="ImageType">
    <FreeText>You saw me standing there alone, you thought I am experienced with life, you thought I am brave enough to step forward...My beloved you, you don't know what I've been through since I saw you, and you don't know how sad it is in my heart because of ...the time.A friend told me that I am going to meet you late this year, if that has happened, would you be able to accept me? Or If not, would you be kind enough to tell me to leave, forever...just as if you've never seen it and felt it. When you see a wild duck around, please remember me as one of your old friend.Good night.</FreeText>
    <MediaName>The Wild Duck</MediaName>
    <FileFormat>image/jpeg</FileFormat>
    <MetaTag type="xsd:string" name="UserTag">Canon5dmarkii</MetaTag>
    <MetaTag type="xsd:string" name="UserTag">Ef70200mmf4</MetaTag>
    <MetaTag type="xsd:string" name="UserTag">Wildduck</MetaTag>
    <MetaTag type="xsd:string" name="UserTag">Solitude</MetaTag>
    <MetaTag type="xsd:string" name="UserTag">Waiting</MetaTag>
    <MetaTag type="xsd:string" name="UserTag">Decision</MetaTag>
    <MetaTag type="xsd:string" name="UserTag">Differentworld</MetaTag>
    <MetaTag type="xsd:string" name="UserTag">Agirlwithamarkonherarm</MetaTag>
    <MediaLocator>
     <MediaUri>http://farm5.staticflickr.com/4005/5111445358_23ff941600_b.jpg</MediaUri>
     <MediaPreview>http://farm5.staticflickr.com/4005/5111445358_23ff941600_s.jpg</MediaPreview>
    </MediaLocator>
    <MediaCreationInformation>
     <Author>
      <Name>Wei Qiao</Name>
     </Author>
     <Licensing>All Rights Reserved</Licensing>
    </MediaCreationInformation>
    <Size>396903</Size>
   </MultimediaContent>
   <RealWorldInfo>
    <MetadataUri filetype="rwml">Duck_16.rwml</MetadataUri>
   </RealWorldInfo>
  </ContentObjectTypes>
  <Tags>
   <MetaTag type="xsd:string" name="UserTag">Canon5dmarkii</MetaTag>
   <MetaTag type="xsd:string" name="UserTag">Ef70200mmf4</MetaTag>
   <MetaTag type="xsd:string" name="UserTag">Wildduck</MetaTag>
   <MetaTag type="xsd:string" name="UserTag">Solitude</MetaTag>
   <MetaTag type="xsd:string" name="UserTag">Waiting</MetaTag>
   <MetaTag type="xsd:string" name="UserTag">Decision</MetaTag>
   <MetaTag type="xsd:string" name="UserTag">Differentworld</MetaTag>
   <MetaTag type="xsd:string" name="UserTag">Agirlwithamarkonherarm</MetaTag>
   <MetaTag type="xsd:string" name="Category">01 Bird</MetaTag>
  </Tags>
 </Header>
 <Description>
  <L_Descriptor type="ImageType">
   <MediaName>The Wild Duck</MediaName>
   <ImageDescription matching="L2Distance" type="SIFT">
    <LowLevelDescriptor descriptorType="xsd:float" totalNumOfDescriptors="8168" descriptorSize="1021">
     <Store type="text">
      <DescriptorLocator>
       <DescriptorUri>http://vcl.iti.gr/is/UC/descr/2D/80000000-8000-0000-F000-000080000119.imgdescr</DescriptorUri>
      </DescriptorLocator>
     </Store>
    </LowLevelDescriptor>
   </ImageDescription>
  </L_Descriptor>
 </Description>
</RUCoD>
