<?xml version='1.0' encoding='UTF-8'?>
<RUCoD xmlns:xsi="http://www.w3.org/2001/XMLSchema-instance" xmlns="http://www.isearch-project.eu/isearch/RUCoD" xmlns:gml="http://www.opengis.net/gml" xmlns:xsd="http://www.w3.org/2001/XMLSchema">
 <Header>
  <ContentObjectType>Multimedia Collection</ContentObjectType>
  <ContentObjectName xml:lang="en-US">Eagle</ContentObjectName>
  <ContentObjectID>80000000-8000-0000-F000-000080000134</ContentObjectID>
  <ContentObjectVersion>1</ContentObjectVersion>
  <ContentObjectCreationInformation>
   <Creator>
    <Name>CoFetch Script</Name>
   </Creator>
   <Contributor>
    <Name>HS Fulda</Name>
   </Contributor>
   <Contributor>
    <Name>Google</Name>
   </Contributor>
   <Contributor>
    <Name>flickr.com</Name>
   </Contributor>
   <Contributor>
    <Name>wikipedia.org</Name>
   </Contributor>
   <Contributor>
    <Name>freesound.org</Name>
   </Contributor>
   <Contributor>
    <Name>wunderground.com</Name>
   </Contributor>
   <Contributor>
    <Name>youtube.com</Name>
   </Contributor>
  </ContentObjectCreationInformation>
  <ContentObjectTypes>
   <MultimediaContent type="ImageType">
    <FreeText>Bald Eagle</FreeText>
    <MediaName>Bald Eagle</MediaName>
    <FileFormat>image/jpeg</FileFormat>
    <MetaTag type="xsd:string" name="UserTag">Birds</MetaTag>
    <MetaTag type="xsd:string" name="UserTag">Darlington</MetaTag>
    <MetaTag type="xsd:string" name="UserTag">Harfordcounty</MetaTag>
    <MetaTag type="xsd:string" name="UserTag">Maryland</MetaTag>
    <MetaTag type="xsd:string" name="UserTag">Conowingofishermanspark</MetaTag>
    <MetaTag type="xsd:string" name="UserTag">Sonydslra100</MetaTag>
    <MetaTag type="xsd:string" name="UserTag">Sigma170500mm</MetaTag>
    <MetaTag type="xsd:string" name="UserTag">Baldeagles</MetaTag>
    <MediaLocator>
     <MediaUri>http://farm3.staticflickr.com/2126/2219054293_2278fc6041_b.jpg</MediaUri>
     <MediaPreview>http://farm3.staticflickr.com/2126/2219054293_2278fc6041_s.jpg</MediaPreview>
    </MediaLocator>
    <MediaCreationInformation>
     <Author>
      <Name>Eric Haas</Name>
     </Author>
     <Licensing>All Rights Reserved</Licensing>
    </MediaCreationInformation>
    <Size>532685</Size>
   </MultimediaContent>
   <MultimediaContent type="VideoType">
    <FreeText>viewing bald eagles at Hyatt Raptor Bay resort in Bonita Springs, FL</FreeText>
    <MediaName>bald eagles in FL</MediaName>
    <MetaTag type="xsd:string" name="UserTag">Animals</MetaTag>
    <MetaTag type="xsd:string" name="UserTag">Bald</MetaTag>
    <MetaTag type="xsd:string" name="UserTag">Eagle</MetaTag>
    <MediaLocator>
     <MediaUri>https://www.youtube.com/watch?v=ytyZaiMQPgw</MediaUri>
     <MediaPreview>http://i.ytimg.com/vi/ytyZaiMQPgw/default.jpg</MediaPreview>
    </MediaLocator>
    <MediaCreationInformation>
     <Author>
      <Name>ubaba23</Name>
     </Author>
     <Licensing>All right reserved</Licensing>
    </MediaCreationInformation>
    <MediaTime>108</MediaTime>
   </MultimediaContent>
   <RealWorldInfo>
    <MetadataUri filetype="rwml">Eagle_13.rwml</MetadataUri>
   </RealWorldInfo>
  </ContentObjectTypes>
  <Tags>
   <MetaTag type="xsd:string" name="UserTag">Birds</MetaTag>
   <MetaTag type="xsd:string" name="UserTag">Darlington</MetaTag>
   <MetaTag type="xsd:string" name="UserTag">Harfordcounty</MetaTag>
   <MetaTag type="xsd:string" name="UserTag">Maryland</MetaTag>
   <MetaTag type="xsd:string" name="UserTag">Conowingofishermanspark</MetaTag>
   <MetaTag type="xsd:string" name="UserTag">Sonydslra100</MetaTag>
   <MetaTag type="xsd:string" name="UserTag">Sigma170500mm</MetaTag>
   <MetaTag type="xsd:string" name="UserTag">Baldeagles</MetaTag>
   <MetaTag type="xsd:string" name="UserTag">Animals</MetaTag>
   <MetaTag type="xsd:string" name="UserTag">Bald</MetaTag>
   <MetaTag type="xsd:string" name="UserTag">Eagle</MetaTag>
   <MetaTag type="xsd:string" name="Category">01 Bird</MetaTag>
  </Tags>
 </Header>
 <Description>
  <L_Descriptor type="ImageType">
   <MediaName>Bald Eagle</MediaName>
   <ImageDescription matching="L2Distance" type="SIFT">
    <LowLevelDescriptor descriptorType="xsd:float" totalNumOfDescriptors="8168" descriptorSize="1021">
     <Store type="text">
      <DescriptorLocator>
       <DescriptorUri>http://vcl.iti.gr/is/UC/descr/2D/80000000-8000-0000-F000-000080000134.imgdescr</DescriptorUri>
      </DescriptorLocator>
     </Store>
    </LowLevelDescriptor>
   </ImageDescription>
  </L_Descriptor>
 </Description>
</RUCoD>
