<?xml version='1.0' encoding='UTF-8'?>
<RUCoD xmlns:xsi="http://www.w3.org/2001/XMLSchema-instance" xmlns="http://www.isearch-project.eu/isearch/RUCoD" xmlns:gml="http://www.opengis.net/gml" xmlns:xsd="http://www.w3.org/2001/XMLSchema">
 <Header>
  <ContentObjectType>Multimedia Collection</ContentObjectType>
  <ContentObjectName xml:lang="en-US">Eagle</ContentObjectName>
  <ContentObjectID>80000000-8000-0000-F000-000080000146</ContentObjectID>
  <ContentObjectVersion>1</ContentObjectVersion>
  <ContentObjectCreationInformation>
   <Creator>
    <Name>CoFetch Script</Name>
   </Creator>
   <Contributor>
    <Name>HS Fulda</Name>
   </Contributor>
   <Contributor>
    <Name>Google</Name>
   </Contributor>
   <Contributor>
    <Name>flickr.com</Name>
   </Contributor>
   <Contributor>
    <Name>wikipedia.org</Name>
   </Contributor>
   <Contributor>
    <Name>freesound.org</Name>
   </Contributor>
   <Contributor>
    <Name>wunderground.com</Name>
   </Contributor>
   <Contributor>
    <Name>youtube.com</Name>
   </Contributor>
  </ContentObjectCreationInformation>
  <ContentObjectTypes>
   <MultimediaContent type="Object3D">
    <FreeText>Not a bad model if I do say so myself for a change</FreeText>
    <MediaName>AMERICAN BALD EAGLE</MediaName>
    <MetaTag type="xsd:string" name="UserTag">Eagle</MetaTag>
    <MediaLocator>
     <MediaUri>http://sketchup.google.com/3dwarehouse/download?mid=9fef30c98d5fd4bde25354f768841a99&amp;rtyp=zip&amp;fn=eagle&amp;ctyp=other&amp;ts=1202487547000&amp;ct=gd</MediaUri>
     <MediaPreview>http://sketchup.google.com/3dwarehouse/download?mid=9fef30c98d5fd4bde25354f768841a99&amp;rtyp=lt&amp;ctyp=other&amp;ts=1202487547000&amp;ct=gd</MediaPreview>
    </MediaLocator>
    <MediaCreationInformation>
     <Author>
      <Name>raybearmass (http://sketchup.google.com/3dwarehouse/search?uq=0794399748861449220665443&amp;scoring=m&amp;ct=gd)</Name>
     </Author>
     <Licensing>Google 3D Warehouse License</Licensing>
    </MediaCreationInformation>
    <Size>1549900</Size>
   </MultimediaContent>
   <MultimediaContent type="ImageType">
    <FreeText>American Bald Eagle</FreeText>
    <MediaName>American Bald Eagle</MediaName>
    <FileFormat>image/jpeg</FileFormat>
    <MetaTag type="xsd:string" name="UserTag">Americanbaldeagle</MetaTag>
    <MetaTag type="xsd:string" name="UserTag">Eagle</MetaTag>
    <MetaTag type="xsd:string" name="UserTag">Baldeagle</MetaTag>
    <MetaTag type="xsd:string" name="UserTag">Lockanddam14</MetaTag>
    <MetaTag type="xsd:string" name="UserTag">Chicagophotoshop</MetaTag>
    <MetaTag type="xsd:string" name="UserTag">Chicagophotography</MetaTag>
    <MediaLocator>
     <MediaUri>http://farm6.staticflickr.com/5100/5441375825_af57066505_b.jpg</MediaUri>
     <MediaPreview>http://farm6.staticflickr.com/5100/5441375825_af57066505_s.jpg</MediaPreview>
    </MediaLocator>
    <MediaCreationInformation>
     <Author>
      <Name>Jeff Lewis</Name>
     </Author>
     <Licensing>All Rights Reserved</Licensing>
    </MediaCreationInformation>
    <Size>451124</Size>
   </MultimediaContent>
   <MultimediaContent type="VideoType">
    <FreeText>See how an American Bald Eagle catches a salmon out of the water in full flight. Fragment from BBC Nature's Great Events - The Great Salmon Run: www.bbc.co.uk You can buy it here: www.bbcshop.com</FreeText>
    <MediaName>Bald Eagle catches salmon</MediaName>
    <MetaTag type="xsd:string" name="UserTag">Animals</MetaTag>
    <MetaTag type="xsd:string" name="UserTag">Eagle</MetaTag>
    <MetaTag type="xsd:string" name="UserTag">Fish</MetaTag>
    <MetaTag type="xsd:string" name="UserTag">Salmon</MetaTag>
    <MetaTag type="xsd:string" name="UserTag">Catch</MetaTag>
    <MetaTag type="xsd:string" name="UserTag">Hd</MetaTag>
    <MediaLocator>
     <MediaUri>https://www.youtube.com/watch?v=hecXupPpE9o</MediaUri>
     <MediaPreview>http://i.ytimg.com/vi/hecXupPpE9o/default.jpg</MediaPreview>
    </MediaLocator>
    <MediaCreationInformation>
     <Author>
      <Name>AdmireNL</Name>
     </Author>
     <Licensing>All right reserved</Licensing>
    </MediaCreationInformation>
    <MediaTime>52</MediaTime>
   </MultimediaContent>
   <MultimediaContent type="SoundType">
    <FreeText>Eagle calling in Fontavignone, Abruzzo, Italy.</FreeText>
    <MediaName>eagle.wav</MediaName>
    <FileFormat>audio/x-wav</FileFormat>
    <MetaTag type="xsd:string" name="UserTag">Italy</MetaTag>
    <MetaTag type="xsd:string" name="UserTag">Fontavignone</MetaTag>
    <MetaTag type="xsd:string" name="UserTag">Eagle</MetaTag>
    <MetaTag type="xsd:string" name="UserTag">Birds</MetaTag>
    <MetaTag type="xsd:string" name="UserTag">Abruzzo</MetaTag>
    <MetaTag type="xsd:string" name="UserTag">Field-recording</MetaTag>
    <MetaTag type="xsd:string" name="UserTag">Nature</MetaTag>
    <MediaLocator>
     <MediaUri>http://www.freesound.org/api/sounds/104911/serve/?api_key=e642ab56df1f4cfc87f419fbf9ac5088</MediaUri>
     <MediaPreview>http://www.freesound.org/data/displays/104/104911_1050515_wave_M.png</MediaPreview>
     <MediaPreview format="audio/mpeg">http://vcl.iti.gr/i-search/uc3/media/eagle.wav_preview.mp3</MediaPreview>
    </MediaLocator>
    <MediaCreationInformation>
     <Author>
      <Name>kabit</Name>
     </Author>
     <Licensing>CC</Licensing>
    </MediaCreationInformation>
    <Size>2060384</Size>
    <MediaTime>12</MediaTime>
   </MultimediaContent>
   <RealWorldInfo>
    <MetadataUri filetype="rwml">Eagle.rwml</MetadataUri>
   </RealWorldInfo>
  </ContentObjectTypes>
  <Tags>
   <MetaTag type="xsd:string" name="UserTag">Eagle</MetaTag>
   <MetaTag type="xsd:string" name="UserTag">Americanbaldeagle</MetaTag>
   <MetaTag type="xsd:string" name="UserTag">Baldeagle</MetaTag>
   <MetaTag type="xsd:string" name="UserTag">Lockanddam14</MetaTag>
   <MetaTag type="xsd:string" name="UserTag">Chicagophotoshop</MetaTag>
   <MetaTag type="xsd:string" name="UserTag">Chicagophotography</MetaTag>
   <MetaTag type="xsd:string" name="UserTag">Animals</MetaTag>
   <MetaTag type="xsd:string" name="UserTag">Fish</MetaTag>
   <MetaTag type="xsd:string" name="UserTag">Salmon</MetaTag>
   <MetaTag type="xsd:string" name="UserTag">Catch</MetaTag>
   <MetaTag type="xsd:string" name="UserTag">Hd</MetaTag>
   <MetaTag type="xsd:string" name="UserTag">Italy</MetaTag>
   <MetaTag type="xsd:string" name="UserTag">Fontavignone</MetaTag>
   <MetaTag type="xsd:string" name="UserTag">Birds</MetaTag>
   <MetaTag type="xsd:string" name="UserTag">Abruzzo</MetaTag>
   <MetaTag type="xsd:string" name="UserTag">Field-recording</MetaTag>
   <MetaTag type="xsd:string" name="UserTag">Nature</MetaTag>
   <MetaTag type="xsd:string" name="Category">01 Bird</MetaTag>
  </Tags>
 </Header>
 <Description>
  <L_Descriptor type="ImageType">
   <MediaName>American Bald Eagle</MediaName>
   <ImageDescription matching="L2Distance" type="SIFT">
    <LowLevelDescriptor descriptorType="xsd:float" totalNumOfDescriptors="8168" descriptorSize="1021">
     <Store type="text">
      <DescriptorLocator>
       <DescriptorUri>http://vcl.iti.gr/is/UC/descr/2D/80000000-8000-0000-F000-000080000146.imgdescr</DescriptorUri>
      </DescriptorLocator>
     </Store>
    </LowLevelDescriptor>
   </ImageDescription>
  </L_Descriptor>
  <L_Descriptor type="Object3D">
   <MediaName>AMERICAN BALD EAGLE</MediaName>
   <Shape3DDescription matching="MultiViewL2" type="CMVD">
    <LowLevelDescriptor descriptorType="xsd:float" totalNumOfDescriptors="212" descriptorSize="3816" totalNumOfViews="18">
     <Store type="text">
      <DescriptorLocator>
       <DescriptorUri>http://vcl.iti.gr/is/UC/descr/3D/80000000-8000-0000-F000-000080000146.zip.txt</DescriptorUri>
      </DescriptorLocator>
     </Store>
    </LowLevelDescriptor>
   </Shape3DDescription>
  </L_Descriptor>
  <L_Descriptor type="SoundType">
   <MediaName>eagle.wav</MediaName>
   <AudioDescription matching="BrayCurtis" type="BarkBands">
    <LowLevelDescriptor descriptorType="xsd:float" totalNumOfDescriptors="216" descriptorSize="8 27">
     <Store type="text">
      <DescriptorLocator>
       <DescriptorUri>http://vcl.iti.gr/is/UC/descr/audio/80000000-8000-0000-F000-000080000146.audiodescr</DescriptorUri>
      </DescriptorLocator>
     </Store>
    </LowLevelDescriptor>
   </AudioDescription>
  </L_Descriptor>
 </Description>
</RUCoD>
