<?xml version='1.0' encoding='UTF-8'?>
<RUCoD xmlns:xsi="http://www.w3.org/2001/XMLSchema-instance" xmlns="http://www.isearch-project.eu/isearch/RUCoD" xmlns:gml="http://www.opengis.net/gml" xmlns:xsd="http://www.w3.org/2001/XMLSchema">
 <Header>
  <ContentObjectType>Multimedia Collection</ContentObjectType>
  <ContentObjectName xml:lang="en-US">Eagle</ContentObjectName>
  <ContentObjectID>80000000-8000-0000-F000-000080000142</ContentObjectID>
  <ContentObjectVersion>1</ContentObjectVersion>
  <ContentObjectCreationInformation>
   <Creator>
    <Name>CoFetch Script</Name>
   </Creator>
   <Contributor>
    <Name>HS Fulda</Name>
   </Contributor>
   <Contributor>
    <Name>Google</Name>
   </Contributor>
   <Contributor>
    <Name>flickr.com</Name>
   </Contributor>
   <Contributor>
    <Name>wikipedia.org</Name>
   </Contributor>
   <Contributor>
    <Name>freesound.org</Name>
   </Contributor>
   <Contributor>
    <Name>wunderground.com</Name>
   </Contributor>
   <Contributor>
    <Name>youtube.com</Name>
   </Contributor>
  </ContentObjectCreationInformation>
  <ContentObjectTypes>
   <MultimediaContent type="ImageType">
    <FreeText>Bald EagleThis photo used here: &lt;a href="http://phpesis.net/home" rel="nofollow">phpesis.net/home&lt;/a></FreeText>
    <MediaName>Bald Eagle</MediaName>
    <FileFormat>image/jpeg</FileFormat>
    <MetaTag type="xsd:string" name="UserTag">Baldeagle</MetaTag>
    <MetaTag type="xsd:string" name="UserTag">Haliaeetusleucocephalus</MetaTag>
    <MetaTag type="xsd:string" name="UserTag">Accipitridae</MetaTag>
    <MetaTag type="xsd:string" name="UserTag">Accipitriformes</MetaTag>
    <MetaTag type="xsd:string" name="UserTag">Nationalzoo</MetaTag>
    <MetaTag type="xsd:string" name="UserTag">Eagle</MetaTag>
    <MetaTag type="xsd:string" name="UserTag">Bird</MetaTag>
    <MetaTag type="xsd:string" name="UserTag">Birds</MetaTag>
    <MediaLocator>
     <MediaUri>http://farm5.staticflickr.com/4101/4937860129_f49a152055_b.jpg</MediaUri>
     <MediaPreview>http://farm5.staticflickr.com/4101/4937860129_f49a152055_s.jpg</MediaPreview>
    </MediaLocator>
    <MediaCreationInformation>
     <Author>
      <Name>blmiers2</Name>
     </Author>
     <Licensing>All Rights Reserved</Licensing>
    </MediaCreationInformation>
    <Size>388916</Size>
   </MultimediaContent>
   <RealWorldInfo>
    <MetadataUri filetype="rwml">Eagle_6.rwml</MetadataUri>
   </RealWorldInfo>
  </ContentObjectTypes>
  <Tags>
   <MetaTag type="xsd:string" name="UserTag">Baldeagle</MetaTag>
   <MetaTag type="xsd:string" name="UserTag">Haliaeetusleucocephalus</MetaTag>
   <MetaTag type="xsd:string" name="UserTag">Accipitridae</MetaTag>
   <MetaTag type="xsd:string" name="UserTag">Accipitriformes</MetaTag>
   <MetaTag type="xsd:string" name="UserTag">Nationalzoo</MetaTag>
   <MetaTag type="xsd:string" name="UserTag">Eagle</MetaTag>
   <MetaTag type="xsd:string" name="UserTag">Bird</MetaTag>
   <MetaTag type="xsd:string" name="UserTag">Birds</MetaTag>
   <MetaTag type="xsd:string" name="Category">01 Bird</MetaTag>
  </Tags>
 </Header>
 <Description>
  <L_Descriptor type="ImageType">
   <MediaName>Bald Eagle</MediaName>
   <ImageDescription matching="L2Distance" type="SIFT">
    <LowLevelDescriptor descriptorType="xsd:float" totalNumOfDescriptors="8168" descriptorSize="1021">
     <Store type="text">
      <DescriptorLocator>
       <DescriptorUri>http://vcl.iti.gr/is/UC/descr/2D/80000000-8000-0000-F000-000080000142.imgdescr</DescriptorUri>
      </DescriptorLocator>
     </Store>
    </LowLevelDescriptor>
   </ImageDescription>
  </L_Descriptor>
 </Description>
</RUCoD>
