<?xml version='1.0' encoding='UTF-8'?>
<RUCoD xmlns:xsi="http://www.w3.org/2001/XMLSchema-instance" xmlns="http://www.isearch-project.eu/isearch/RUCoD" xmlns:gml="http://www.opengis.net/gml" xmlns:xsd="http://www.w3.org/2001/XMLSchema">
 <Header>
  <ContentObjectType>Multimedia Collection</ContentObjectType>
  <ContentObjectName xml:lang="en-US">Goose</ContentObjectName>
  <ContentObjectID>80000000-8000-0000-F000-000080000150</ContentObjectID>
  <ContentObjectVersion>1</ContentObjectVersion>
  <ContentObjectCreationInformation>
   <Creator>
    <Name>CoFetch Script</Name>
   </Creator>
   <Contributor>
    <Name>HS Fulda</Name>
   </Contributor>
   <Contributor>
    <Name>Google</Name>
   </Contributor>
   <Contributor>
    <Name>flickr.com</Name>
   </Contributor>
   <Contributor>
    <Name>wikipedia.org</Name>
   </Contributor>
   <Contributor>
    <Name>freesound.org</Name>
   </Contributor>
   <Contributor>
    <Name>wunderground.com</Name>
   </Contributor>
   <Contributor>
    <Name>youtube.com</Name>
   </Contributor>
  </ContentObjectCreationInformation>
  <ContentObjectTypes>
   <MultimediaContent type="ImageType">
    <FreeText>White Goose</FreeText>
    <MediaName>White Goose</MediaName>
    <FileFormat>image/jpeg</FileFormat>
    <MetaTag type="xsd:string" name="UserTag">Whitegoosestillpondwildfowlserenity</MetaTag>
    <MetaTag type="xsd:string" name="UserTag">Maggiebeer</MetaTag>
    <MetaTag type="xsd:string" name="UserTag">Barossavalley</MetaTag>
    <MetaTag type="xsd:string" name="UserTag">Pheasantfarmroad</MetaTag>
    <MetaTag type="xsd:string" name="UserTag">Southaustralia</MetaTag>
    <MediaLocator>
     <MediaUri>http://farm3.staticflickr.com/2743/4329250735_61913e9fbc_z.jpg?zz=1</MediaUri>
     <MediaPreview>http://farm3.staticflickr.com/2743/4329250735_61913e9fbc_s.jpg</MediaPreview>
    </MediaLocator>
    <MediaCreationInformation>
     <Author>
      <Name>redpopcreative</Name>
     </Author>
     <Licensing>All Rights Reserved</Licensing>
    </MediaCreationInformation>
    <Size>184320</Size>
   </MultimediaContent>
   <MultimediaContent type="SoundType">
    <FreeText>A pair of Canada Geese calling as they fly overhead. Sony MD and stereo mic. 8-May-06</FreeText>
    <MediaName>CanadaGeese.flac</MediaName>
    <MetaTag type="xsd:string" name="UserTag">Quack</MetaTag>
    <MetaTag type="xsd:string" name="UserTag">Goose</MetaTag>
    <MetaTag type="xsd:string" name="UserTag">Geese</MetaTag>
    <MetaTag type="xsd:string" name="UserTag">Fly-by</MetaTag>
    <MetaTag type="xsd:string" name="UserTag">Field-recording</MetaTag>
    <MetaTag type="xsd:string" name="UserTag">Canada</MetaTag>
    <MetaTag type="xsd:string" name="UserTag">Call</MetaTag>
    <MetaTag type="xsd:string" name="UserTag">Bird</MetaTag>
    <MediaLocator>
     <MediaUri>http://www.freesound.org/api/sounds/18794/serve/?api_key=e642ab56df1f4cfc87f419fbf9ac5088</MediaUri>
     <MediaPreview>http://www.freesound.org/data/displays/18/18794_37876_wave_M.png</MediaPreview>
     <MediaPreview format="audio/mpeg">http://vcl.iti.gr/i-search/uc3/media/CanadaGeese.flac_preview.mp3</MediaPreview>
    </MediaLocator>
    <MediaCreationInformation>
     <Author>
      <Name>acclivity</Name>
     </Author>
     <Licensing>CC</Licensing>
    </MediaCreationInformation>
    <Size>1010328</Size>
    <MediaTime>12</MediaTime>
   </MultimediaContent>
   <RealWorldInfo>
    <MetadataUri filetype="rwml">Goose_19.rwml</MetadataUri>
   </RealWorldInfo>
  </ContentObjectTypes>
  <Tags>
   <MetaTag type="xsd:string" name="UserTag">Whitegoosestillpondwildfowlserenity</MetaTag>
   <MetaTag type="xsd:string" name="UserTag">Maggiebeer</MetaTag>
   <MetaTag type="xsd:string" name="UserTag">Barossavalley</MetaTag>
   <MetaTag type="xsd:string" name="UserTag">Pheasantfarmroad</MetaTag>
   <MetaTag type="xsd:string" name="UserTag">Southaustralia</MetaTag>
   <MetaTag type="xsd:string" name="UserTag">Quack</MetaTag>
   <MetaTag type="xsd:string" name="UserTag">Goose</MetaTag>
   <MetaTag type="xsd:string" name="UserTag">Geese</MetaTag>
   <MetaTag type="xsd:string" name="UserTag">Fly-by</MetaTag>
   <MetaTag type="xsd:string" name="UserTag">Field-recording</MetaTag>
   <MetaTag type="xsd:string" name="UserTag">Canada</MetaTag>
   <MetaTag type="xsd:string" name="UserTag">Call</MetaTag>
   <MetaTag type="xsd:string" name="UserTag">Bird</MetaTag>
   <MetaTag type="xsd:string" name="Category">01 Bird</MetaTag>
  </Tags>
 </Header>
 <Description>
  <L_Descriptor type="ImageType">
   <MediaName>White Goose</MediaName>
   <ImageDescription matching="L2Distance" type="SIFT">
    <LowLevelDescriptor descriptorType="xsd:float" totalNumOfDescriptors="8168" descriptorSize="1021">
     <Store type="text">
      <DescriptorLocator>
       <DescriptorUri>http://vcl.iti.gr/is/UC/descr/2D/80000000-8000-0000-F000-000080000150.imgdescr</DescriptorUri>
      </DescriptorLocator>
     </Store>
    </LowLevelDescriptor>
   </ImageDescription>
  </L_Descriptor>
  <L_Descriptor type="SoundType">
   <MediaName>CanadaGeese.flac</MediaName>
   <AudioDescription matching="BrayCurtis" type="BarkBands">
    <LowLevelDescriptor descriptorType="xsd:float" totalNumOfDescriptors="216" descriptorSize="8 27">
     <Store type="text">
      <DescriptorLocator>
       <DescriptorUri>http://vcl.iti.gr/is/UC/descr/audio/80000000-8000-0000-F000-000080000150.audiodescr</DescriptorUri>
      </DescriptorLocator>
     </Store>
    </LowLevelDescriptor>
   </AudioDescription>
  </L_Descriptor>
 </Description>
</RUCoD>
