<?xml version='1.0' encoding='UTF-8'?>
<RUCoD xmlns:xsi="http://www.w3.org/2001/XMLSchema-instance" xmlns="http://www.isearch-project.eu/isearch/RUCoD" xmlns:gml="http://www.opengis.net/gml" xmlns:xsd="http://www.w3.org/2001/XMLSchema">
 <Header>
  <ContentObjectType>Multimedia Collection</ContentObjectType>
  <ContentObjectName xml:lang="en-US">Goose</ContentObjectName>
  <ContentObjectID>80000000-8000-0000-F000-000080000152</ContentObjectID>
  <ContentObjectVersion>1</ContentObjectVersion>
  <ContentObjectCreationInformation>
   <Creator>
    <Name>CoFetch Script</Name>
   </Creator>
   <Contributor>
    <Name>HS Fulda</Name>
   </Contributor>
   <Contributor>
    <Name>Google</Name>
   </Contributor>
   <Contributor>
    <Name>flickr.com</Name>
   </Contributor>
   <Contributor>
    <Name>wikipedia.org</Name>
   </Contributor>
   <Contributor>
    <Name>freesound.org</Name>
   </Contributor>
   <Contributor>
    <Name>wunderground.com</Name>
   </Contributor>
   <Contributor>
    <Name>youtube.com</Name>
   </Contributor>
  </ContentObjectCreationInformation>
  <ContentObjectTypes>
   <MultimediaContent type="ImageType">
    <FreeText>.  White Goose. Taken Thursday 10/03/2011 in Trago Mills, Two Waters Foot, Liskeard at 1658Hrs.Camera-Nikon D3100. Lens-Tamron 70-300mm.</FreeText>
    <MediaName>White Goose. Nikon D3100. DSC_0507</MediaName>
    <FileFormat>image/jpeg</FileFormat>
    <MetaTag type="xsd:string" name="UserTag">Nikond3100</MetaTag>
    <MetaTag type="xsd:string" name="UserTag">Tamron70300mm</MetaTag>
    <MetaTag type="xsd:string" name="UserTag">Whitegoose</MetaTag>
    <MetaTag type="xsd:string" name="UserTag">Tragomills</MetaTag>
    <MetaTag type="xsd:string" name="UserTag">Liskeard</MetaTag>
    <MetaTag type="xsd:string" name="UserTag">Cornwall</MetaTag>
    <MetaTag type="xsd:string" name="UserTag">Uk</MetaTag>
    <MetaTag type="xsd:string" name="UserTag">Tamronaf7030mmf456dildtelephotomacrolensthewestcountry</MetaTag>
    <MediaLocator>
     <MediaUri>http://farm6.staticflickr.com/5011/5516759845_1d21b0cf58_b.jpg</MediaUri>
     <MediaPreview>http://farm6.staticflickr.com/5011/5516759845_1d21b0cf58_s.jpg</MediaPreview>
    </MediaLocator>
    <MediaCreationInformation>
     <Author>
      <Name>Robert Pittman</Name>
     </Author>
     <Licensing>All Rights Reserved</Licensing>
    </MediaCreationInformation>
    <Size>417000</Size>
   </MultimediaContent>
   <RealWorldInfo>
    <MetadataUri filetype="rwml">Goose_20.rwml</MetadataUri>
   </RealWorldInfo>
  </ContentObjectTypes>
  <Tags>
   <MetaTag type="xsd:string" name="UserTag">Nikond3100</MetaTag>
   <MetaTag type="xsd:string" name="UserTag">Tamron70300mm</MetaTag>
   <MetaTag type="xsd:string" name="UserTag">Whitegoose</MetaTag>
   <MetaTag type="xsd:string" name="UserTag">Tragomills</MetaTag>
   <MetaTag type="xsd:string" name="UserTag">Liskeard</MetaTag>
   <MetaTag type="xsd:string" name="UserTag">Cornwall</MetaTag>
   <MetaTag type="xsd:string" name="UserTag">Uk</MetaTag>
   <MetaTag type="xsd:string" name="UserTag">Tamronaf7030mmf456dildtelephotomacrolensthewestcountry</MetaTag>
   <MetaTag type="xsd:string" name="Category">01 Bird</MetaTag>
  </Tags>
 </Header>
 <Description>
  <L_Descriptor type="ImageType">
   <MediaName>White Goose. Nikon D3100. DSC_0507</MediaName>
   <ImageDescription matching="L2Distance" type="SIFT">
    <LowLevelDescriptor descriptorType="xsd:float" totalNumOfDescriptors="8168" descriptorSize="1021">
     <Store type="text">
      <DescriptorLocator>
       <DescriptorUri>http://vcl.iti.gr/is/UC/descr/2D/80000000-8000-0000-F000-000080000152.imgdescr</DescriptorUri>
      </DescriptorLocator>
     </Store>
    </LowLevelDescriptor>
   </ImageDescription>
  </L_Descriptor>
 </Description>
</RUCoD>
