<?xml version='1.0' encoding='UTF-8'?>
<RUCoD xmlns:xsi="http://www.w3.org/2001/XMLSchema-instance" xmlns="http://www.isearch-project.eu/isearch/RUCoD" xmlns:gml="http://www.opengis.net/gml" xmlns:xsd="http://www.w3.org/2001/XMLSchema">
 <Header>
  <ContentObjectType>Multimedia Collection</ContentObjectType>
  <ContentObjectName xml:lang="en-US">Hawk</ContentObjectName>
  <ContentObjectID>80000000-8000-0000-F000-000080000169</ContentObjectID>
  <ContentObjectVersion>1</ContentObjectVersion>
  <ContentObjectCreationInformation>
   <Creator>
    <Name>CoFetch Script</Name>
   </Creator>
   <Contributor>
    <Name>HS Fulda</Name>
   </Contributor>
   <Contributor>
    <Name>Google</Name>
   </Contributor>
   <Contributor>
    <Name>flickr.com</Name>
   </Contributor>
   <Contributor>
    <Name>wikipedia.org</Name>
   </Contributor>
   <Contributor>
    <Name>freesound.org</Name>
   </Contributor>
   <Contributor>
    <Name>wunderground.com</Name>
   </Contributor>
   <Contributor>
    <Name>youtube.com</Name>
   </Contributor>
  </ContentObjectCreationInformation>
  <ContentObjectTypes>
   <MultimediaContent type="ImageType">
    <FreeText>Red-shouldered Hawk, Flamingo, Everglades</FreeText>
    <MediaName>Red-shouldered Hawk</MediaName>
    <FileFormat>image/jpeg</FileFormat>
    <MetaTag type="xsd:string" name="UserTag">Redshoulderedhawk</MetaTag>
    <MetaTag type="xsd:string" name="UserTag">Flamingo</MetaTag>
    <MetaTag type="xsd:string" name="UserTag">Everglades</MetaTag>
    <MetaTag type="xsd:string" name="UserTag">Buteolineatusextimus</MetaTag>
    <MetaTag type="xsd:string" name="UserTag">Buteolineatus</MetaTag>
    <MediaLocator>
     <MediaUri>http://farm6.staticflickr.com/5108/5802037127_f93ba22952_b.jpg</MediaUri>
     <MediaPreview>http://farm6.staticflickr.com/5108/5802037127_f93ba22952_s.jpg</MediaPreview>
    </MediaLocator>
    <MediaCreationInformation>
     <Author>
      <Name>Dave Irving</Name>
     </Author>
     <Licensing>All Rights Reserved</Licensing>
    </MediaCreationInformation>
    <Size>419636</Size>
   </MultimediaContent>
   <MultimediaContent type="VideoType">
    <FreeText>This Red-Shouldered hawk has claimed my backyard as his/her hunting ground. Gets more interesting around 2.5 to 3 minute mark.</FreeText>
    <MediaName>Backyard Red-Shouldered Hawk</MediaName>
    <MetaTag type="xsd:string" name="UserTag">Animals</MetaTag>
    <MetaTag type="xsd:string" name="UserTag">Hawk</MetaTag>
    <MetaTag type="xsd:string" name="UserTag">Red-Shouldered</MetaTag>
    <MetaTag type="xsd:string" name="UserTag">Raptor</MetaTag>
    <MetaTag type="xsd:string" name="UserTag">Birds of prey</MetaTag>
    <MediaLocator>
     <MediaUri>https://www.youtube.com/watch?v=VVBRJwY4vIY</MediaUri>
     <MediaPreview>http://i.ytimg.com/vi/VVBRJwY4vIY/default.jpg</MediaPreview>
    </MediaLocator>
    <MediaCreationInformation>
     <Author>
      <Name>backyardhawk</Name>
     </Author>
     <Licensing>All right reserved</Licensing>
    </MediaCreationInformation>
    <MediaTime>240</MediaTime>
   </MultimediaContent>
   <RealWorldInfo>
    <MetadataUri filetype="rwml">Hawk_9.rwml</MetadataUri>
   </RealWorldInfo>
  </ContentObjectTypes>
  <Tags>
   <MetaTag type="xsd:string" name="UserTag">Redshoulderedhawk</MetaTag>
   <MetaTag type="xsd:string" name="UserTag">Flamingo</MetaTag>
   <MetaTag type="xsd:string" name="UserTag">Everglades</MetaTag>
   <MetaTag type="xsd:string" name="UserTag">Buteolineatusextimus</MetaTag>
   <MetaTag type="xsd:string" name="UserTag">Buteolineatus</MetaTag>
   <MetaTag type="xsd:string" name="UserTag">Animals</MetaTag>
   <MetaTag type="xsd:string" name="UserTag">Hawk</MetaTag>
   <MetaTag type="xsd:string" name="UserTag">Red-Shouldered</MetaTag>
   <MetaTag type="xsd:string" name="UserTag">Raptor</MetaTag>
   <MetaTag type="xsd:string" name="UserTag">Birds of prey</MetaTag>
   <MetaTag type="xsd:string" name="Category">01 Bird</MetaTag>
  </Tags>
 </Header>
 <Description>
  <L_Descriptor type="ImageType">
   <MediaName>Red-shouldered Hawk</MediaName>
   <ImageDescription matching="L2Distance" type="SIFT">
    <LowLevelDescriptor descriptorType="xsd:float" totalNumOfDescriptors="8168" descriptorSize="1021">
     <Store type="text">
      <DescriptorLocator>
       <DescriptorUri>http://vcl.iti.gr/is/UC/descr/2D/80000000-8000-0000-F000-000080000169.imgdescr</DescriptorUri>
      </DescriptorLocator>
     </Store>
    </LowLevelDescriptor>
   </ImageDescription>
  </L_Descriptor>
 </Description>
</RUCoD>
