<?xml version='1.0' encoding='UTF-8'?>
<RUCoD xmlns:xsi="http://www.w3.org/2001/XMLSchema-instance" xmlns="http://www.isearch-project.eu/isearch/RUCoD" xmlns:gml="http://www.opengis.net/gml" xmlns:xsd="http://www.w3.org/2001/XMLSchema">
 <Header>
  <ContentObjectType>Multimedia Collection</ContentObjectType>
  <ContentObjectName xml:lang="en-US">Hawk</ContentObjectName>
  <ContentObjectID>80000000-8000-0000-F000-000080000161</ContentObjectID>
  <ContentObjectVersion>1</ContentObjectVersion>
  <ContentObjectCreationInformation>
   <Creator>
    <Name>CoFetch Script</Name>
   </Creator>
   <Contributor>
    <Name>HS Fulda</Name>
   </Contributor>
   <Contributor>
    <Name>Google</Name>
   </Contributor>
   <Contributor>
    <Name>flickr.com</Name>
   </Contributor>
   <Contributor>
    <Name>wikipedia.org</Name>
   </Contributor>
   <Contributor>
    <Name>freesound.org</Name>
   </Contributor>
   <Contributor>
    <Name>wunderground.com</Name>
   </Contributor>
   <Contributor>
    <Name>youtube.com</Name>
   </Contributor>
  </ContentObjectCreationInformation>
  <ContentObjectTypes>
   <MultimediaContent type="ImageType">
    <FreeText>Red Tailed Hawk&lt;a href="http://www.wildwingsinc.org/" rel="nofollow">www.wildwingsinc.org/&lt;/a></FreeText>
    <MediaName>Red Tailed Hawk - Shasta</MediaName>
    <FileFormat>image/jpeg</FileFormat>
    <MetaTag type="xsd:string" name="UserTag">Mendonponds</MetaTag>
    <MetaTag type="xsd:string" name="UserTag">2007</MetaTag>
    <MetaTag type="xsd:string" name="UserTag">Wildwings</MetaTag>
    <MetaTag type="xsd:string" name="UserTag">Redtailhawk</MetaTag>
    <MetaTag type="xsd:string" name="UserTag">Blog</MetaTag>
    <MetaTag type="xsd:string" name="UserTag">Buteojamaicensis</MetaTag>
    <MetaTag type="xsd:string" name="UserTag">Redtailedhawk</MetaTag>
    <MetaTag type="xsd:string" name="UserTag">Geotagged</MetaTag>
    <MediaLocator>
     <MediaUri>http://farm1.staticflickr.com/136/401057490_d817222916_b.jpg</MediaUri>
     <MediaPreview>http://farm1.staticflickr.com/136/401057490_d817222916_s.jpg</MediaPreview>
    </MediaLocator>
    <MediaCreationInformation>
     <Author>
      <Name>blmiers2</Name>
     </Author>
     <Licensing>All Rights Reserved</Licensing>
    </MediaCreationInformation>
    <Size>356967</Size>
   </MultimediaContent>
   <MultimediaContent type="VideoType">
    <FreeText>A Red Tailed Hawk eats, calls and plays in the middle of New York City, in Central Park. Filmed August 11, 2007. www.ianthere.wordpress.com</FreeText>
    <MediaName>Red Tailed Hawk - Central Park New York (long version)</MediaName>
    <MetaTag type="xsd:string" name="UserTag">Animals</MetaTag>
    <MetaTag type="xsd:string" name="UserTag">Hawk</MetaTag>
    <MetaTag type="xsd:string" name="UserTag">Redtailedhawk</MetaTag>
    <MetaTag type="xsd:string" name="UserTag">Centralpark</MetaTag>
    <MetaTag type="xsd:string" name="UserTag">Newyork</MetaTag>
    <MetaTag type="xsd:string" name="UserTag">Manhattan</MetaTag>
    <MetaTag type="xsd:string" name="UserTag">Bird</MetaTag>
    <MediaLocator>
     <MediaUri>https://www.youtube.com/watch?v=RtZvOUEpWE8</MediaUri>
     <MediaPreview>http://i.ytimg.com/vi/RtZvOUEpWE8/default.jpg</MediaPreview>
    </MediaLocator>
    <MediaCreationInformation>
     <Author>
      <Name>blakewilliam</Name>
     </Author>
     <Licensing>All right reserved</Licensing>
    </MediaCreationInformation>
    <MediaTime>546</MediaTime>
   </MultimediaContent>
   <RealWorldInfo>
    <MetadataUri filetype="rwml">Hawk_1.rwml</MetadataUri>
   </RealWorldInfo>
  </ContentObjectTypes>
  <Tags>
   <MetaTag type="xsd:string" name="UserTag">2007</MetaTag>
   <MetaTag type="xsd:string" name="UserTag">Mendonponds</MetaTag>
   <MetaTag type="xsd:string" name="UserTag">Wildwings</MetaTag>
   <MetaTag type="xsd:string" name="UserTag">Redtailhawk</MetaTag>
   <MetaTag type="xsd:string" name="UserTag">Blog</MetaTag>
   <MetaTag type="xsd:string" name="UserTag">Buteojamaicensis</MetaTag>
   <MetaTag type="xsd:string" name="UserTag">Redtailedhawk</MetaTag>
   <MetaTag type="xsd:string" name="UserTag">Geotagged</MetaTag>
   <MetaTag type="xsd:string" name="UserTag">Animals</MetaTag>
   <MetaTag type="xsd:string" name="UserTag">Hawk</MetaTag>
   <MetaTag type="xsd:string" name="UserTag">Centralpark</MetaTag>
   <MetaTag type="xsd:string" name="UserTag">Newyork</MetaTag>
   <MetaTag type="xsd:string" name="UserTag">Manhattan</MetaTag>
   <MetaTag type="xsd:string" name="UserTag">Bird</MetaTag>
   <MetaTag type="xsd:string" name="Category">01 Bird</MetaTag>
  </Tags>
 </Header>
 <Description>
  <L_Descriptor type="ImageType">
   <MediaName>Red Tailed Hawk - Shasta</MediaName>
   <ImageDescription matching="L2Distance" type="SIFT">
    <LowLevelDescriptor descriptorType="xsd:float" totalNumOfDescriptors="8168" descriptorSize="1021">
     <Store type="text">
      <DescriptorLocator>
       <DescriptorUri>http://vcl.iti.gr/is/UC/descr/2D/80000000-8000-0000-F000-000080000161.imgdescr</DescriptorUri>
      </DescriptorLocator>
     </Store>
    </LowLevelDescriptor>
   </ImageDescription>
  </L_Descriptor>
 </Description>
</RUCoD>
