<?xml version='1.0' encoding='UTF-8'?>
<RUCoD xmlns:xsi="http://www.w3.org/2001/XMLSchema-instance" xmlns="http://www.isearch-project.eu/isearch/RUCoD" xmlns:gml="http://www.opengis.net/gml" xmlns:xsd="http://www.w3.org/2001/XMLSchema">
 <Header>
  <ContentObjectType>Multimedia Collection</ContentObjectType>
  <ContentObjectName xml:lang="en-US">Hawk</ContentObjectName>
  <ContentObjectID>80000000-8000-0000-F000-000080000164</ContentObjectID>
  <ContentObjectVersion>1</ContentObjectVersion>
  <ContentObjectCreationInformation>
   <Creator>
    <Name>CoFetch Script</Name>
   </Creator>
   <Contributor>
    <Name>HS Fulda</Name>
   </Contributor>
   <Contributor>
    <Name>Google</Name>
   </Contributor>
   <Contributor>
    <Name>flickr.com</Name>
   </Contributor>
   <Contributor>
    <Name>wikipedia.org</Name>
   </Contributor>
   <Contributor>
    <Name>freesound.org</Name>
   </Contributor>
   <Contributor>
    <Name>wunderground.com</Name>
   </Contributor>
   <Contributor>
    <Name>youtube.com</Name>
   </Contributor>
  </ContentObjectCreationInformation>
  <ContentObjectTypes>
   <MultimediaContent type="ImageType">
    <FreeText>Red-Shouldered Hawk, Buteo Lineatus. Location: Pearland, Texas.This hawk paid us several visits during the summer of 2003. He'd sit on the back fence and sometimes eat something. With my wife's Audubon Field Guide, we identified it as a Red Shoulder Hawk. It's hard to see here, but the color on his wings was very evident in flight. Photo captured with digital camera on tripod in timelapse mode.</FreeText>
    <MediaName>Red Shouldered Hawk</MediaName>
    <FileFormat>image/jpeg</FileFormat>
    <MetaTag type="xsd:string" name="UserTag">Hawk</MetaTag>
    <MetaTag type="xsd:string" name="UserTag">Redshoulderedhawk</MetaTag>
    <MetaTag type="xsd:string" name="UserTag">Buteolineatus</MetaTag>
    <MediaLocator>
     <MediaUri>http://farm1.staticflickr.com/9/13626732_248f5ac154_b.jpg</MediaUri>
     <MediaPreview>http://farm1.staticflickr.com/9/13626732_248f5ac154_s.jpg</MediaPreview>
    </MediaLocator>
    <MediaCreationInformation>
     <Author>
      <Name>jimthompson</Name>
     </Author>
     <Licensing>Attribution-ShareAlike License</Licensing>
    </MediaCreationInformation>
    <Size>503808</Size>
   </MultimediaContent>
   <RealWorldInfo>
    <MetadataUri filetype="rwml">Hawk_4.rwml</MetadataUri>
   </RealWorldInfo>
  </ContentObjectTypes>
  <Tags>
   <MetaTag type="xsd:string" name="UserTag">Hawk</MetaTag>
   <MetaTag type="xsd:string" name="UserTag">Redshoulderedhawk</MetaTag>
   <MetaTag type="xsd:string" name="UserTag">Buteolineatus</MetaTag>
   <MetaTag type="xsd:string" name="Category">01 Bird</MetaTag>
  </Tags>
 </Header>
 <Description>
  <L_Descriptor type="ImageType">
   <MediaName>Red Shouldered Hawk</MediaName>
   <ImageDescription matching="L2Distance" type="SIFT">
    <LowLevelDescriptor descriptorType="xsd:float" totalNumOfDescriptors="8168" descriptorSize="1021">
     <Store type="text">
      <DescriptorLocator>
       <DescriptorUri>http://vcl.iti.gr/is/UC/descr/2D/80000000-8000-0000-F000-000080000164.imgdescr</DescriptorUri>
      </DescriptorLocator>
     </Store>
    </LowLevelDescriptor>
   </ImageDescription>
  </L_Descriptor>
 </Description>
</RUCoD>
