<?xml version='1.0' encoding='UTF-8'?>
<RUCoD xmlns:xsi="http://www.w3.org/2001/XMLSchema-instance" xmlns="http://www.isearch-project.eu/isearch/RUCoD" xmlns:gml="http://www.opengis.net/gml" xmlns:xsd="http://www.w3.org/2001/XMLSchema">
 <Header>
  <ContentObjectType>Multimedia Collection</ContentObjectType>
  <ContentObjectName xml:lang="en-US">Hen</ContentObjectName>
  <ContentObjectID>80000000-8000-0000-F000-000080000176</ContentObjectID>
  <ContentObjectVersion>1</ContentObjectVersion>
  <ContentObjectCreationInformation>
   <Creator>
    <Name>CoFetch Script</Name>
   </Creator>
   <Contributor>
    <Name>HS Fulda</Name>
   </Contributor>
   <Contributor>
    <Name>Google</Name>
   </Contributor>
   <Contributor>
    <Name>flickr.com</Name>
   </Contributor>
   <Contributor>
    <Name>wikipedia.org</Name>
   </Contributor>
   <Contributor>
    <Name>freesound.org</Name>
   </Contributor>
   <Contributor>
    <Name>wunderground.com</Name>
   </Contributor>
   <Contributor>
    <Name>youtube.com</Name>
   </Contributor>
  </ContentObjectCreationInformation>
  <ContentObjectTypes>
   <MultimediaContent type="ImageType">
    <FreeText>A fine rooster</FreeText>
    <MediaName> Rooster</MediaName>
    <FileFormat>image/jpeg</FileFormat>
    <MetaTag type="xsd:string" name="UserTag">Rooster</MetaTag>
    <MediaLocator>
     <MediaUri>http://farm6.staticflickr.com/5220/5522629195_ae35b56137_b.jpg</MediaUri>
     <MediaPreview>http://farm6.staticflickr.com/5220/5522629195_ae35b56137_s.jpg</MediaPreview>
    </MediaLocator>
    <MediaCreationInformation>
     <Author>
      <Name>bagsgroove</Name>
     </Author>
     <Licensing>Attribution-ShareAlike License</Licensing>
    </MediaCreationInformation>
    <Size>420864</Size>
   </MultimediaContent>
   <MultimediaContent type="SoundType">
    <FreeText>Rooster rowing (single crow)</FreeText>
    <MediaName>Rooster chicken calls_2.wav</MediaName>
    <FileFormat>audio/x-wav</FileFormat>
    <MetaTag type="xsd:string" name="UserTag">Environmental-sounds-research</MetaTag>
    <MetaTag type="xsd:string" name="UserTag">Rooster</MetaTag>
    <MetaTag type="xsd:string" name="UserTag">House</MetaTag>
    <MetaTag type="xsd:string" name="UserTag">Hen</MetaTag>
    <MetaTag type="xsd:string" name="UserTag">Farm</MetaTag>
    <MetaTag type="xsd:string" name="UserTag">Chicken</MetaTag>
    <MediaLocator>
     <MediaUri>http://www.freesound.org/api/sounds/43382/serve/?api_key=e642ab56df1f4cfc87f419fbf9ac5088</MediaUri>
     <MediaPreview>http://www.freesound.org/data/displays/43/43382_50975_wave_M.png</MediaPreview>
     <MediaPreview format="audio/mpeg">http://vcl.iti.gr/i-search/uc3/media/Rooster chicken calls_2.wav_preview.mp3</MediaPreview>
    </MediaLocator>
    <MediaCreationInformation>
     <Author>
      <Name>AGFX</Name>
     </Author>
     <Licensing>CC</Licensing>
    </MediaCreationInformation>
    <Size>431682</Size>
    <MediaTime>3</MediaTime>
   </MultimediaContent>
   <RealWorldInfo>
    <MetadataUri filetype="rwml">Hen_6.rwml</MetadataUri>
   </RealWorldInfo>
  </ContentObjectTypes>
  <Tags>
   <MetaTag type="xsd:string" name="UserTag">Rooster</MetaTag>
   <MetaTag type="xsd:string" name="UserTag">Environmental-sounds-research</MetaTag>
   <MetaTag type="xsd:string" name="UserTag">House</MetaTag>
   <MetaTag type="xsd:string" name="UserTag">Hen</MetaTag>
   <MetaTag type="xsd:string" name="UserTag">Farm</MetaTag>
   <MetaTag type="xsd:string" name="UserTag">Chicken</MetaTag>
   <MetaTag type="xsd:string" name="Category">01 Bird</MetaTag>
  </Tags>
 </Header>
 <Description>
  <L_Descriptor type="ImageType">
   <MediaName> Rooster</MediaName>
   <ImageDescription matching="L2Distance" type="SIFT">
    <LowLevelDescriptor descriptorType="xsd:float" totalNumOfDescriptors="8168" descriptorSize="1021">
     <Store type="text">
      <DescriptorLocator>
       <DescriptorUri>http://vcl.iti.gr/is/UC/descr/2D/80000000-8000-0000-F000-000080000176.imgdescr</DescriptorUri>
      </DescriptorLocator>
     </Store>
    </LowLevelDescriptor>
   </ImageDescription>
  </L_Descriptor>
  <L_Descriptor type="SoundType">
   <MediaName>Rooster chicken calls_2.wav</MediaName>
   <AudioDescription matching="BrayCurtis" type="BarkBands">
    <LowLevelDescriptor descriptorType="xsd:float" totalNumOfDescriptors="216" descriptorSize="8 27">
     <Store type="text">
      <DescriptorLocator>
       <DescriptorUri>http://vcl.iti.gr/is/UC/descr/audio/80000000-8000-0000-F000-000080000176.audiodescr</DescriptorUri>
      </DescriptorLocator>
     </Store>
    </LowLevelDescriptor>
   </AudioDescription>
  </L_Descriptor>
 </Description>
</RUCoD>
