<?xml version='1.0' encoding='UTF-8'?>
<RUCoD xmlns:xsi="http://www.w3.org/2001/XMLSchema-instance" xmlns="http://www.isearch-project.eu/isearch/RUCoD" xmlns:gml="http://www.opengis.net/gml" xmlns:xsd="http://www.w3.org/2001/XMLSchema">
 <Header>
  <ContentObjectType>Multimedia Collection</ContentObjectType>
  <ContentObjectName xml:lang="en-US">Hen</ContentObjectName>
  <ContentObjectID>80000000-8000-0000-F000-000080000175</ContentObjectID>
  <ContentObjectVersion>1</ContentObjectVersion>
  <ContentObjectCreationInformation>
   <Creator>
    <Name>CoFetch Script</Name>
   </Creator>
   <Contributor>
    <Name>HS Fulda</Name>
   </Contributor>
   <Contributor>
    <Name>Google</Name>
   </Contributor>
   <Contributor>
    <Name>flickr.com</Name>
   </Contributor>
   <Contributor>
    <Name>wikipedia.org</Name>
   </Contributor>
   <Contributor>
    <Name>freesound.org</Name>
   </Contributor>
   <Contributor>
    <Name>wunderground.com</Name>
   </Contributor>
   <Contributor>
    <Name>youtube.com</Name>
   </Contributor>
  </ContentObjectCreationInformation>
  <ContentObjectTypes>
   <MultimediaContent type="ImageType">
    <FreeText>A common rooster.  For quite a long time, I've wanted to get a shot like this.  This rooster was pretty shy, trying to move away from my lens.  This particular photo was shot through a fence and the wires on the fence don't show up due to the DoF.No crop, image is as it is - out of the camera.  I had to rest my lens hood on the fence - ended up with a few scratches on the hood, but the shot was worth it. :-)Shot near Manchinbele, at a Sunflower farm on the way back to Bangalore.I am taking a break for a few days.  :-)&lt;a href="http://farm4.static.flickr.com/3036/2900810994_c343ca6f92_b.jpg">View Large&lt;/a>Explored #453 on Sep 29, 2008 </FreeText>
    <MediaName>Rooster</MediaName>
    <FileFormat>image/jpeg</FileFormat>
    <MetaTag type="xsd:string" name="UserTag">Rooster</MetaTag>
    <MetaTag type="xsd:string" name="UserTag">Fowl</MetaTag>
    <MetaTag type="xsd:string" name="UserTag">Manchinbele</MetaTag>
    <MetaTag type="xsd:string" name="UserTag">Birds</MetaTag>
    <MetaTag type="xsd:string" name="UserTag">Canonef70200mmf4lusm</MetaTag>
    <MetaTag type="xsd:string" name="UserTag">Canoneos350d</MetaTag>
    <MetaTag type="xsd:string" name="UserTag">Abigfave</MetaTag>
    <MetaTag type="xsd:string" name="UserTag">Niranjvaidyanathan</MetaTag>
    <MediaLocator>
     <MediaUri>http://farm4.staticflickr.com/3036/2900810994_c343ca6f92_b.jpg</MediaUri>
     <MediaPreview>http://farm4.staticflickr.com/3036/2900810994_c343ca6f92_s.jpg</MediaPreview>
    </MediaLocator>
    <MediaCreationInformation>
     <Author>
      <Name>Niranj Vaidyanathan</Name>
     </Author>
     <Licensing>All Rights Reserved</Licensing>
    </MediaCreationInformation>
    <Size>419636</Size>
   </MultimediaContent>
   <RealWorldInfo>
    <MetadataUri filetype="rwml">Hen_5.rwml</MetadataUri>
   </RealWorldInfo>
  </ContentObjectTypes>
  <Tags>
   <MetaTag type="xsd:string" name="UserTag">Rooster</MetaTag>
   <MetaTag type="xsd:string" name="UserTag">Fowl</MetaTag>
   <MetaTag type="xsd:string" name="UserTag">Manchinbele</MetaTag>
   <MetaTag type="xsd:string" name="UserTag">Birds</MetaTag>
   <MetaTag type="xsd:string" name="UserTag">Canonef70200mmf4lusm</MetaTag>
   <MetaTag type="xsd:string" name="UserTag">Canoneos350d</MetaTag>
   <MetaTag type="xsd:string" name="UserTag">Abigfave</MetaTag>
   <MetaTag type="xsd:string" name="UserTag">Niranjvaidyanathan</MetaTag>
   <MetaTag type="xsd:string" name="Category">01 Bird</MetaTag>
  </Tags>
 </Header>
 <Description>
  <L_Descriptor type="ImageType">
   <MediaName>Rooster</MediaName>
   <ImageDescription matching="L2Distance" type="SIFT">
    <LowLevelDescriptor descriptorType="xsd:float" totalNumOfDescriptors="8168" descriptorSize="1021">
     <Store type="text">
      <DescriptorLocator>
       <DescriptorUri>http://vcl.iti.gr/is/UC/descr/2D/80000000-8000-0000-F000-000080000175.imgdescr</DescriptorUri>
      </DescriptorLocator>
     </Store>
    </LowLevelDescriptor>
   </ImageDescription>
  </L_Descriptor>
 </Description>
</RUCoD>
