<?xml version='1.0' encoding='UTF-8'?>
<RUCoD xmlns:xsi="http://www.w3.org/2001/XMLSchema-instance" xmlns="http://www.isearch-project.eu/isearch/RUCoD" xmlns:gml="http://www.opengis.net/gml" xmlns:xsd="http://www.w3.org/2001/XMLSchema">
 <Header>
  <ContentObjectType>Multimedia Collection</ContentObjectType>
  <ContentObjectName xml:lang="en-US">Owl</ContentObjectName>
  <ContentObjectID>80000000-8000-0000-F000-00008000017C</ContentObjectID>
  <ContentObjectVersion>1</ContentObjectVersion>
  <ContentObjectCreationInformation>
   <Creator>
    <Name>CoFetch Script</Name>
   </Creator>
   <Contributor>
    <Name>HS Fulda</Name>
   </Contributor>
   <Contributor>
    <Name>Google</Name>
   </Contributor>
   <Contributor>
    <Name>flickr.com</Name>
   </Contributor>
   <Contributor>
    <Name>wikipedia.org</Name>
   </Contributor>
   <Contributor>
    <Name>freesound.org</Name>
   </Contributor>
   <Contributor>
    <Name>wunderground.com</Name>
   </Contributor>
   <Contributor>
    <Name>youtube.com</Name>
   </Contributor>
  </ContentObjectCreationInformation>
  <ContentObjectTypes>
   <MultimediaContent type="ImageType">
    <FreeText>Owl bird</FreeText>
    <MediaName>Owl bird</MediaName>
    <FileFormat>image/jpeg</FileFormat>
    <MetaTag type="xsd:string" name="UserTag">Efs55250mmf456is</MetaTag>
    <MetaTag type="xsd:string" name="UserTag">Owl</MetaTag>
    <MetaTag type="xsd:string" name="UserTag">Bird</MetaTag>
    <MediaLocator>
     <MediaUri>http://farm6.staticflickr.com/5146/5687458009_1d8cb1efbc_b.jpg</MediaUri>
     <MediaPreview>http://farm6.staticflickr.com/5146/5687458009_1d8cb1efbc_s.jpg</MediaPreview>
    </MediaLocator>
    <MediaCreationInformation>
     <Author>
      <Name>@Doug88888</Name>
     </Author>
     <Licensing>All Rights Reserved</Licensing>
    </MediaCreationInformation>
    <Size>628532</Size>
   </MultimediaContent>
   <MultimediaContent type="SoundType">
    <FreeText>Tawny Owl recorded in Pyrenees, France, in July 2002 using Sony MZ-R3 MD and ECM-MS907 mic. Some selective filtering has been applied to improve the SNR.</FreeText>
    <MediaName>TawnyOwl2.wav</MediaName>
    <FileFormat>audio/x-wav</FileFormat>
    <MetaTag type="xsd:string" name="UserTag">Field-recording</MetaTag>
    <MetaTag type="xsd:string" name="UserTag">Nature</MetaTag>
    <MetaTag type="xsd:string" name="UserTag">Birdsong</MetaTag>
    <MediaLocator>
     <MediaUri>http://www.freesound.org/api/sounds/13536/serve/?api_key=e642ab56df1f4cfc87f419fbf9ac5088</MediaUri>
     <MediaPreview>http://www.freesound.org/data/displays/13/13536_37876_wave_M.png</MediaPreview>
     <MediaPreview format="audio/mpeg">http://vcl.iti.gr/i-search/uc3/media/TawnyOwl2.wav_preview.mp3</MediaPreview>
    </MediaLocator>
    <MediaCreationInformation>
     <Author>
      <Name>acclivity</Name>
     </Author>
     <Licensing>CC</Licensing>
    </MediaCreationInformation>
    <Size>6794188</Size>
    <MediaTime>39</MediaTime>
   </MultimediaContent>
   <RealWorldInfo>
    <MetadataUri filetype="rwml">Owl_1.rwml</MetadataUri>
   </RealWorldInfo>
  </ContentObjectTypes>
  <Tags>
   <MetaTag type="xsd:string" name="UserTag">Efs55250mmf456is</MetaTag>
   <MetaTag type="xsd:string" name="UserTag">Owl</MetaTag>
   <MetaTag type="xsd:string" name="UserTag">Bird</MetaTag>
   <MetaTag type="xsd:string" name="UserTag">Field-recording</MetaTag>
   <MetaTag type="xsd:string" name="UserTag">Nature</MetaTag>
   <MetaTag type="xsd:string" name="UserTag">Birdsong</MetaTag>
   <MetaTag type="xsd:string" name="Category">01 Bird</MetaTag>
  </Tags>
 </Header>
 <Description>
  <L_Descriptor type="ImageType">
   <MediaName>Owl bird</MediaName>
   <ImageDescription matching="L2Distance" type="SIFT">
    <LowLevelDescriptor descriptorType="xsd:float" totalNumOfDescriptors="8168" descriptorSize="1021">
     <Store type="text">
      <DescriptorLocator>
       <DescriptorUri>http://vcl.iti.gr/is/UC/descr/2D/80000000-8000-0000-F000-00008000017C.imgdescr</DescriptorUri>
      </DescriptorLocator>
     </Store>
    </LowLevelDescriptor>
   </ImageDescription>
  </L_Descriptor>
  <L_Descriptor type="SoundType">
   <MediaName>TawnyOwl2.wav</MediaName>
   <AudioDescription matching="BrayCurtis" type="BarkBands">
    <LowLevelDescriptor descriptorType="xsd:float" totalNumOfDescriptors="216" descriptorSize="8 27">
     <Store type="text">
      <DescriptorLocator>
       <DescriptorUri>http://vcl.iti.gr/is/UC/descr/audio/80000000-8000-0000-F000-00008000017C.audiodescr</DescriptorUri>
      </DescriptorLocator>
     </Store>
    </LowLevelDescriptor>
   </AudioDescription>
  </L_Descriptor>
 </Description>
</RUCoD>
