<?xml version='1.0' encoding='UTF-8'?>
<RUCoD xmlns:xsi="http://www.w3.org/2001/XMLSchema-instance" xmlns="http://www.isearch-project.eu/isearch/RUCoD" xmlns:gml="http://www.opengis.net/gml" xmlns:xsd="http://www.w3.org/2001/XMLSchema">
 <Header>
  <ContentObjectType>Multimedia Collection</ContentObjectType>
  <ContentObjectName xml:lang="en-US">Owl</ContentObjectName>
  <ContentObjectID>80000000-8000-0000-F000-000080000183</ContentObjectID>
  <ContentObjectVersion>1</ContentObjectVersion>
  <ContentObjectCreationInformation>
   <Creator>
    <Name>CoFetch Script</Name>
   </Creator>
   <Contributor>
    <Name>HS Fulda</Name>
   </Contributor>
   <Contributor>
    <Name>Google</Name>
   </Contributor>
   <Contributor>
    <Name>flickr.com</Name>
   </Contributor>
   <Contributor>
    <Name>wikipedia.org</Name>
   </Contributor>
   <Contributor>
    <Name>freesound.org</Name>
   </Contributor>
   <Contributor>
    <Name>wunderground.com</Name>
   </Contributor>
   <Contributor>
    <Name>youtube.com</Name>
   </Contributor>
  </ContentObjectCreationInformation>
  <ContentObjectTypes>
   <MultimediaContent type="ImageType">
    <FreeText>I think this is a small barn owl - not too sure - anyone has the id I would be most appreciative. I think he's a pretty little thing and he was very young too.Comments all appreciated - invites, awards, notes, tags - other language tags..... if you have time please add themPlease no flickriver badges or self promotion - I will delete them</FreeText>
    <MediaName>Little Owl - Roenningen - Canon 7D</MediaName>
    <FileFormat>image/jpeg</FileFormat>
    <MetaTag type="xsd:string" name="UserTag">Owl</MetaTag>
    <MetaTag type="xsd:string" name="UserTag">Little</MetaTag>
    <MetaTag type="xsd:string" name="UserTag">Littleowl</MetaTag>
    <MetaTag type="xsd:string" name="UserTag">Kleineeuler</MetaTag>
    <MetaTag type="xsd:string" name="UserTag">Euler</MetaTag>
    <MetaTag type="xsd:string" name="UserTag">Smallowl</MetaTag>
    <MetaTag type="xsd:string" name="UserTag">Canon7d</MetaTag>
    <MetaTag type="xsd:string" name="UserTag">Bestofblinkwinners</MetaTag>
    <MediaLocator>
     <MediaUri>http://farm7.staticflickr.com/6037/6249658779_847bd37007_b.jpg</MediaUri>
     <MediaPreview>http://farm7.staticflickr.com/6037/6249658779_847bd37007_s.jpg</MediaPreview>
    </MediaLocator>
    <MediaCreationInformation>
     <Author>
      <Name>Spangles44 Blinkagain for interesting images</Name>
     </Author>
     <Licensing>All Rights Reserved</Licensing>
    </MediaCreationInformation>
    <Size>505037</Size>
   </MultimediaContent>
   <RealWorldInfo>
    <MetadataUri filetype="rwml">Owl_8.rwml</MetadataUri>
   </RealWorldInfo>
  </ContentObjectTypes>
  <Tags>
   <MetaTag type="xsd:string" name="UserTag">Owl</MetaTag>
   <MetaTag type="xsd:string" name="UserTag">Little</MetaTag>
   <MetaTag type="xsd:string" name="UserTag">Littleowl</MetaTag>
   <MetaTag type="xsd:string" name="UserTag">Kleineeuler</MetaTag>
   <MetaTag type="xsd:string" name="UserTag">Euler</MetaTag>
   <MetaTag type="xsd:string" name="UserTag">Smallowl</MetaTag>
   <MetaTag type="xsd:string" name="UserTag">Canon7d</MetaTag>
   <MetaTag type="xsd:string" name="UserTag">Bestofblinkwinners</MetaTag>
   <MetaTag type="xsd:string" name="Category">01 Bird</MetaTag>
  </Tags>
 </Header>
 <Description>
  <L_Descriptor type="ImageType">
   <MediaName>Little Owl - Roenningen - Canon 7D</MediaName>
   <ImageDescription matching="L2Distance" type="SIFT">
    <LowLevelDescriptor descriptorType="xsd:float" totalNumOfDescriptors="8168" descriptorSize="1021">
     <Store type="text">
      <DescriptorLocator>
       <DescriptorUri>http://vcl.iti.gr/is/UC/descr/2D/80000000-8000-0000-F000-000080000183.imgdescr</DescriptorUri>
      </DescriptorLocator>
     </Store>
    </LowLevelDescriptor>
   </ImageDescription>
  </L_Descriptor>
 </Description>
</RUCoD>
