<?xml version='1.0' encoding='UTF-8'?>
<RUCoD xmlns:xsi="http://www.w3.org/2001/XMLSchema-instance" xmlns="http://www.isearch-project.eu/isearch/RUCoD" xmlns:gml="http://www.opengis.net/gml" xmlns:xsd="http://www.w3.org/2001/XMLSchema">
 <Header>
  <ContentObjectType>Multimedia Collection</ContentObjectType>
  <ContentObjectName xml:lang="en-US">Parrot</ContentObjectName>
  <ContentObjectID>80000000-8000-0000-F000-000080000196</ContentObjectID>
  <ContentObjectVersion>1</ContentObjectVersion>
  <ContentObjectCreationInformation>
   <Creator>
    <Name>CoFetch Script</Name>
   </Creator>
   <Contributor>
    <Name>HS Fulda</Name>
   </Contributor>
   <Contributor>
    <Name>Google</Name>
   </Contributor>
   <Contributor>
    <Name>flickr.com</Name>
   </Contributor>
   <Contributor>
    <Name>wikipedia.org</Name>
   </Contributor>
   <Contributor>
    <Name>freesound.org</Name>
   </Contributor>
   <Contributor>
    <Name>wunderground.com</Name>
   </Contributor>
   <Contributor>
    <Name>youtube.com</Name>
   </Contributor>
  </ContentObjectCreationInformation>
  <ContentObjectTypes>
   <MultimediaContent type="ImageType">
    <FreeText>Green parrot at Symbio wildlife park, Stanwell Tops, NSW,  Australia.Alexandrine Parakeet - &lt;i>Psittacula eupatria&lt;/i>&lt;a href="http://en.wikipedia.org/wiki/Image:Alexandrine_Parakeet-Psittacula_eupatria-Symbio_wildlife_park-NSW.jpg">en.wikipedia.org/wiki/Image:Alexandrine_Parakeet-Psittacu...&lt;/a></FreeText>
    <MediaName>Green Parrot</MediaName>
    <FileFormat>image/jpeg</FileFormat>
    <MetaTag type="xsd:string" name="UserTag">Parrot</MetaTag>
    <MetaTag type="xsd:string" name="UserTag">Bird</MetaTag>
    <MetaTag type="xsd:string" name="UserTag">Green</MetaTag>
    <MetaTag type="xsd:string" name="UserTag">Australia</MetaTag>
    <MetaTag type="xsd:string" name="UserTag">Stanwell</MetaTag>
    <MetaTag type="xsd:string" name="UserTag">Symbio</MetaTag>
    <MetaTag type="xsd:string" name="UserTag">Alexandrine</MetaTag>
    <MetaTag type="xsd:string" name="UserTag">Psittacula</MetaTag>
    <MediaLocator>
     <MediaUri>http://farm1.staticflickr.com/21/31162251_22cfe52035_b.jpg</MediaUri>
     <MediaPreview>http://farm1.staticflickr.com/21/31162251_22cfe52035_s.jpg</MediaPreview>
    </MediaLocator>
    <MediaCreationInformation>
     <Author>
      <Name>TCL 1961</Name>
     </Author>
     <Licensing>Attribution License</Licensing>
    </MediaCreationInformation>
    <Size>471860</Size>
   </MultimediaContent>
   <RealWorldInfo>
    <MetadataUri filetype="rwml">Parrot_26.rwml</MetadataUri>
   </RealWorldInfo>
  </ContentObjectTypes>
  <Tags>
   <MetaTag type="xsd:string" name="UserTag">Parrot</MetaTag>
   <MetaTag type="xsd:string" name="UserTag">Bird</MetaTag>
   <MetaTag type="xsd:string" name="UserTag">Green</MetaTag>
   <MetaTag type="xsd:string" name="UserTag">Australia</MetaTag>
   <MetaTag type="xsd:string" name="UserTag">Stanwell</MetaTag>
   <MetaTag type="xsd:string" name="UserTag">Symbio</MetaTag>
   <MetaTag type="xsd:string" name="UserTag">Alexandrine</MetaTag>
   <MetaTag type="xsd:string" name="UserTag">Psittacula</MetaTag>
   <MetaTag type="xsd:string" name="Category">01 Bird</MetaTag>
  </Tags>
 </Header>
 <Description>
  <L_Descriptor type="ImageType">
   <MediaName>Green Parrot</MediaName>
   <ImageDescription matching="L2Distance" type="SIFT">
    <LowLevelDescriptor descriptorType="xsd:float" totalNumOfDescriptors="8168" descriptorSize="1021">
     <Store type="text">
      <DescriptorLocator>
       <DescriptorUri>http://vcl.iti.gr/is/UC/descr/2D/80000000-8000-0000-F000-000080000196.imgdescr</DescriptorUri>
      </DescriptorLocator>
     </Store>
    </LowLevelDescriptor>
   </ImageDescription>
  </L_Descriptor>
 </Description>
</RUCoD>
