<?xml version='1.0' encoding='UTF-8'?>
<RUCoD xmlns:xsi="http://www.w3.org/2001/XMLSchema-instance" xmlns="http://www.isearch-project.eu/isearch/RUCoD" xmlns:gml="http://www.opengis.net/gml" xmlns:xsd="http://www.w3.org/2001/XMLSchema">
 <Header>
  <ContentObjectType>Multimedia Collection</ContentObjectType>
  <ContentObjectName xml:lang="en-US">Parrot</ContentObjectName>
  <ContentObjectID>80000000-8000-0000-F000-000080000195</ContentObjectID>
  <ContentObjectVersion>1</ContentObjectVersion>
  <ContentObjectCreationInformation>
   <Creator>
    <Name>CoFetch Script</Name>
   </Creator>
   <Contributor>
    <Name>HS Fulda</Name>
   </Contributor>
   <Contributor>
    <Name>Google</Name>
   </Contributor>
   <Contributor>
    <Name>flickr.com</Name>
   </Contributor>
   <Contributor>
    <Name>wikipedia.org</Name>
   </Contributor>
   <Contributor>
    <Name>freesound.org</Name>
   </Contributor>
   <Contributor>
    <Name>wunderground.com</Name>
   </Contributor>
   <Contributor>
    <Name>youtube.com</Name>
   </Contributor>
  </ContentObjectCreationInformation>
  <ContentObjectTypes>
   <MultimediaContent type="ImageType">
    <FreeText>Nicaragua, Masaya. The endangered Chocoyos Green Parrot. A colony of these small, green parrots actually lives inside the main caldera of the Masaya volcano!  While most life forms avoid the gaseous fumes and inhospitable terrain of the crater these parakeets thrive here.   The gases emitted evey day include, Sulfur dioxide, Carbon dioxide, Hydrogen sulfide, Hydrogen fluoride. crazy birds.</FreeText>
    <MediaName>Chocoyos Green Parrot</MediaName>
    <FileFormat>image/jpeg</FileFormat>
    <MetaTag type="xsd:string" name="UserTag">Nicaragua</MetaTag>
    <MetaTag type="xsd:string" name="UserTag">Masaya</MetaTag>
    <MetaTag type="xsd:string" name="UserTag">Volcao</MetaTag>
    <MetaTag type="xsd:string" name="UserTag">Chocoyosgreenparrot</MetaTag>
    <MetaTag type="xsd:string" name="UserTag">Gases</MetaTag>
    <MediaLocator>
     <MediaUri>http://farm8.staticflickr.com/7013/6840064333_0fcdf0d18d_b.jpg</MediaUri>
     <MediaPreview>http://farm8.staticflickr.com/7013/6840064333_0fcdf0d18d_s.jpg</MediaPreview>
    </MediaLocator>
    <MediaCreationInformation>
     <Author>
      <Name>Steven Johnson</Name>
     </Author>
     <Licensing>All Rights Reserved</Licensing>
    </MediaCreationInformation>
    <Size>525927</Size>
   </MultimediaContent>
   <RealWorldInfo>
    <MetadataUri filetype="rwml">Parrot_25.rwml</MetadataUri>
   </RealWorldInfo>
  </ContentObjectTypes>
  <Tags>
   <MetaTag type="xsd:string" name="UserTag">Nicaragua</MetaTag>
   <MetaTag type="xsd:string" name="UserTag">Masaya</MetaTag>
   <MetaTag type="xsd:string" name="UserTag">Volcao</MetaTag>
   <MetaTag type="xsd:string" name="UserTag">Chocoyosgreenparrot</MetaTag>
   <MetaTag type="xsd:string" name="UserTag">Gases</MetaTag>
   <MetaTag type="xsd:string" name="Category">01 Bird</MetaTag>
  </Tags>
 </Header>
 <Description>
  <L_Descriptor type="ImageType">
   <MediaName>Chocoyos Green Parrot</MediaName>
   <ImageDescription matching="L2Distance" type="SIFT">
    <LowLevelDescriptor descriptorType="xsd:float" totalNumOfDescriptors="8168" descriptorSize="1021">
     <Store type="text">
      <DescriptorLocator>
       <DescriptorUri>http://vcl.iti.gr/is/UC/descr/2D/80000000-8000-0000-F000-000080000195.imgdescr</DescriptorUri>
      </DescriptorLocator>
     </Store>
    </LowLevelDescriptor>
   </ImageDescription>
  </L_Descriptor>
 </Description>
</RUCoD>
