<?xml version='1.0' encoding='UTF-8'?>
<RUCoD xmlns:xsi="http://www.w3.org/2001/XMLSchema-instance" xmlns="http://www.isearch-project.eu/isearch/RUCoD" xmlns:gml="http://www.opengis.net/gml" xmlns:xsd="http://www.w3.org/2001/XMLSchema">
 <Header>
  <ContentObjectType>Multimedia Collection</ContentObjectType>
  <ContentObjectName xml:lang="en-US">Penguin</ContentObjectName>
  <ContentObjectID>80000000-8000-0000-F000-0000800001A9</ContentObjectID>
  <ContentObjectVersion>1</ContentObjectVersion>
  <ContentObjectCreationInformation>
   <Creator>
    <Name>CoFetch Script</Name>
   </Creator>
   <Contributor>
    <Name>HS Fulda</Name>
   </Contributor>
   <Contributor>
    <Name>Google</Name>
   </Contributor>
   <Contributor>
    <Name>flickr.com</Name>
   </Contributor>
   <Contributor>
    <Name>wikipedia.org</Name>
   </Contributor>
   <Contributor>
    <Name>freesound.org</Name>
   </Contributor>
   <Contributor>
    <Name>wunderground.com</Name>
   </Contributor>
   <Contributor>
    <Name>youtube.com</Name>
   </Contributor>
  </ContentObjectCreationInformation>
  <ContentObjectTypes>
   <MultimediaContent type="ImageType">
    <FreeText>A Magellanic Penguin (Spheniscus magellanicus) in the Hot Pink Flamingoes at the Monterey Bay Aquarium, Monterey, California.</FreeText>
    <MediaName>Magellanic Penguin (Spheniscus magellanicus)</MediaName>
    <FileFormat>image/jpeg</FileFormat>
    <MetaTag type="xsd:string" name="UserTag">Animal</MetaTag>
    <MetaTag type="xsd:string" name="UserTag">Bird</MetaTag>
    <MetaTag type="xsd:string" name="UserTag">California</MetaTag>
    <MetaTag type="xsd:string" name="UserTag">Canon7d</MetaTag>
    <MetaTag type="xsd:string" name="UserTag">Canonefs55250mmf456is</MetaTag>
    <MetaTag type="xsd:string" name="UserTag">Life</MetaTag>
    <MetaTag type="xsd:string" name="UserTag">Magellanicpenguin</MetaTag>
    <MetaTag type="xsd:string" name="UserTag">Monterey</MetaTag>
    <MediaLocator>
     <MediaUri>http://farm6.staticflickr.com/5110/5678923746_384ba9e7f5_b.jpg</MediaUri>
     <MediaPreview>http://farm6.staticflickr.com/5110/5678923746_384ba9e7f5_s.jpg</MediaPreview>
    </MediaLocator>
    <MediaCreationInformation>
     <Author>
      <Name>Francois Boucher</Name>
     </Author>
     <Licensing>All Rights Reserved</Licensing>
    </MediaCreationInformation>
    <Size>419636</Size>
   </MultimediaContent>
   <RealWorldInfo>
    <MetadataUri filetype="rwml">Penguin_19.rwml</MetadataUri>
   </RealWorldInfo>
  </ContentObjectTypes>
  <Tags>
   <MetaTag type="xsd:string" name="UserTag">Animal</MetaTag>
   <MetaTag type="xsd:string" name="UserTag">Bird</MetaTag>
   <MetaTag type="xsd:string" name="UserTag">California</MetaTag>
   <MetaTag type="xsd:string" name="UserTag">Canon7d</MetaTag>
   <MetaTag type="xsd:string" name="UserTag">Canonefs55250mmf456is</MetaTag>
   <MetaTag type="xsd:string" name="UserTag">Life</MetaTag>
   <MetaTag type="xsd:string" name="UserTag">Magellanicpenguin</MetaTag>
   <MetaTag type="xsd:string" name="UserTag">Monterey</MetaTag>
   <MetaTag type="xsd:string" name="Category">01 Bird</MetaTag>
  </Tags>
 </Header>
 <Description>
  <L_Descriptor type="ImageType">
   <MediaName>Magellanic Penguin (Spheniscus magellanicus)</MediaName>
   <ImageDescription matching="L2Distance" type="SIFT">
    <LowLevelDescriptor descriptorType="xsd:float" totalNumOfDescriptors="8168" descriptorSize="1021">
     <Store type="text">
      <DescriptorLocator>
       <DescriptorUri>http://vcl.iti.gr/is/UC/descr/2D/80000000-8000-0000-F000-0000800001A9.imgdescr</DescriptorUri>
      </DescriptorLocator>
     </Store>
    </LowLevelDescriptor>
   </ImageDescription>
  </L_Descriptor>
 </Description>
</RUCoD>
