<?xml version='1.0' encoding='UTF-8'?>
<RUCoD xmlns:xsi="http://www.w3.org/2001/XMLSchema-instance" xmlns="http://www.isearch-project.eu/isearch/RUCoD" xmlns:gml="http://www.opengis.net/gml" xmlns:xsd="http://www.w3.org/2001/XMLSchema">
 <Header>
  <ContentObjectType>Multimedia Collection</ContentObjectType>
  <ContentObjectName xml:lang="en-US">Penguin</ContentObjectName>
  <ContentObjectID>80000000-8000-0000-F000-0000800001A4</ContentObjectID>
  <ContentObjectVersion>1</ContentObjectVersion>
  <ContentObjectCreationInformation>
   <Creator>
    <Name>CoFetch Script</Name>
   </Creator>
   <Contributor>
    <Name>HS Fulda</Name>
   </Contributor>
   <Contributor>
    <Name>Google</Name>
   </Contributor>
   <Contributor>
    <Name>flickr.com</Name>
   </Contributor>
   <Contributor>
    <Name>wikipedia.org</Name>
   </Contributor>
   <Contributor>
    <Name>freesound.org</Name>
   </Contributor>
   <Contributor>
    <Name>wunderground.com</Name>
   </Contributor>
   <Contributor>
    <Name>youtube.com</Name>
   </Contributor>
  </ContentObjectCreationInformation>
  <ContentObjectTypes>
   <MultimediaContent type="ImageType">
    <FreeText>Magellanic Penguin, Isla Magdalena,Punta Arenas, Chile, South America.</FreeText>
    <MediaName>Magellanic Penguin-3548</MediaName>
    <FileFormat>image/jpeg</FileFormat>
    <MetaTag type="xsd:string" name="UserTag">Magellanicpenguinpuntaarenas</MetaTag>
    <MetaTag type="xsd:string" name="UserTag">Chile</MetaTag>
    <MetaTag type="xsd:string" name="UserTag">Southamerica</MetaTag>
    <MetaTag type="xsd:string" name="UserTag">Isla</MetaTag>
    <MetaTag type="xsd:string" name="UserTag">Magdalena</MetaTag>
    <MediaLocator>
     <MediaUri>http://farm6.staticflickr.com/5058/5570723285_6b3d1d2c9d_b.jpg</MediaUri>
     <MediaPreview>http://farm6.staticflickr.com/5058/5570723285_6b3d1d2c9d_s.jpg</MediaPreview>
    </MediaLocator>
    <MediaCreationInformation>
     <Author>
      <Name>Brenda Bell</Name>
     </Author>
     <Licensing>All Rights Reserved</Licensing>
    </MediaCreationInformation>
    <Size>419636</Size>
   </MultimediaContent>
   <MultimediaContent type="SoundType">
    <FreeText>Two Magellanic Penguins braying, with water in the background. Recorded with an Edirol R-09HR.</FreeText>
    <MediaName>magellanic_penguin.wav</MediaName>
    <FileFormat>audio/x-wav</FileFormat>
    <MetaTag type="xsd:string" name="UserTag">Zoo</MetaTag>
    <MetaTag type="xsd:string" name="UserTag">Tropical</MetaTag>
    <MetaTag type="xsd:string" name="UserTag">Penguin</MetaTag>
    <MetaTag type="xsd:string" name="UserTag">Field-recording</MetaTag>
    <MetaTag type="xsd:string" name="UserTag">Exotic</MetaTag>
    <MetaTag type="xsd:string" name="UserTag">Birds</MetaTag>
    <MetaTag type="xsd:string" name="UserTag">Bird</MetaTag>
    <MetaTag type="xsd:string" name="UserTag">Aviary</MetaTag>
    <MediaLocator>
     <MediaUri>http://www.freesound.org/api/sounds/111079/serve/?api_key=e642ab56df1f4cfc87f419fbf9ac5088</MediaUri>
     <MediaPreview>http://www.freesound.org/data/displays/111/111079_1578278_wave_M.png</MediaPreview>
     <MediaPreview format="audio/mpeg">http://vcl.iti.gr/i-search/uc3/media/magellanic_penguin.wav_preview.mp3</MediaPreview>
    </MediaLocator>
    <MediaCreationInformation>
     <Author>
      <Name>soundbytez</Name>
     </Author>
     <Licensing>CC</Licensing>
    </MediaCreationInformation>
    <Size>1228786</Size>
    <MediaTime>7</MediaTime>
   </MultimediaContent>
   <RealWorldInfo>
    <MetadataUri filetype="rwml">Penguin_14.rwml</MetadataUri>
   </RealWorldInfo>
  </ContentObjectTypes>
  <Tags>
   <MetaTag type="xsd:string" name="UserTag">Magellanicpenguinpuntaarenas</MetaTag>
   <MetaTag type="xsd:string" name="UserTag">Chile</MetaTag>
   <MetaTag type="xsd:string" name="UserTag">Southamerica</MetaTag>
   <MetaTag type="xsd:string" name="UserTag">Isla</MetaTag>
   <MetaTag type="xsd:string" name="UserTag">Magdalena</MetaTag>
   <MetaTag type="xsd:string" name="UserTag">Zoo</MetaTag>
   <MetaTag type="xsd:string" name="UserTag">Tropical</MetaTag>
   <MetaTag type="xsd:string" name="UserTag">Penguin</MetaTag>
   <MetaTag type="xsd:string" name="UserTag">Field-recording</MetaTag>
   <MetaTag type="xsd:string" name="UserTag">Exotic</MetaTag>
   <MetaTag type="xsd:string" name="UserTag">Birds</MetaTag>
   <MetaTag type="xsd:string" name="UserTag">Bird</MetaTag>
   <MetaTag type="xsd:string" name="UserTag">Aviary</MetaTag>
   <MetaTag type="xsd:string" name="Category">01 Bird</MetaTag>
  </Tags>
 </Header>
 <Description>
  <L_Descriptor type="ImageType">
   <MediaName>Magellanic Penguin-3548</MediaName>
   <ImageDescription matching="L2Distance" type="SIFT">
    <LowLevelDescriptor descriptorType="xsd:float" totalNumOfDescriptors="8168" descriptorSize="1021">
     <Store type="text">
      <DescriptorLocator>
       <DescriptorUri>http://vcl.iti.gr/is/UC/descr/2D/80000000-8000-0000-F000-0000800001A4.imgdescr</DescriptorUri>
      </DescriptorLocator>
     </Store>
    </LowLevelDescriptor>
   </ImageDescription>
  </L_Descriptor>
  <L_Descriptor type="SoundType">
   <MediaName>magellanic_penguin.wav</MediaName>
   <AudioDescription matching="BrayCurtis" type="BarkBands">
    <LowLevelDescriptor descriptorType="xsd:float" totalNumOfDescriptors="216" descriptorSize="8 27">
     <Store type="text">
      <DescriptorLocator>
       <DescriptorUri>http://vcl.iti.gr/is/UC/descr/audio/80000000-8000-0000-F000-0000800001A4.audiodescr</DescriptorUri>
      </DescriptorLocator>
     </Store>
    </LowLevelDescriptor>
   </AudioDescription>
  </L_Descriptor>
 </Description>
</RUCoD>
