<?xml version='1.0' encoding='UTF-8'?>
<RUCoD xmlns:xsi="http://www.w3.org/2001/XMLSchema-instance" xmlns="http://www.isearch-project.eu/isearch/RUCoD" xmlns:gml="http://www.opengis.net/gml" xmlns:xsd="http://www.w3.org/2001/XMLSchema">
 <Header>
  <ContentObjectType>Multimedia Collection</ContentObjectType>
  <ContentObjectName xml:lang="en-US">Sparrow</ContentObjectName>
  <ContentObjectID>80000000-8000-0000-F000-0000800001BC</ContentObjectID>
  <ContentObjectVersion>1</ContentObjectVersion>
  <ContentObjectCreationInformation>
   <Creator>
    <Name>CoFetch Script</Name>
   </Creator>
   <Contributor>
    <Name>HS Fulda</Name>
   </Contributor>
   <Contributor>
    <Name>Google</Name>
   </Contributor>
   <Contributor>
    <Name>flickr.com</Name>
   </Contributor>
   <Contributor>
    <Name>wikipedia.org</Name>
   </Contributor>
   <Contributor>
    <Name>freesound.org</Name>
   </Contributor>
   <Contributor>
    <Name>wunderground.com</Name>
   </Contributor>
   <Contributor>
    <Name>youtube.com</Name>
   </Contributor>
  </ContentObjectCreationInformation>
  <ContentObjectTypes>
   <MultimediaContent type="ImageType">
    <FreeText>Sparrows are one of the cute birds,often found in many places .With increased urbanization it started leaving cities.Unlike Crows &amp;amp; Pigeons,it cannot adjust and live along Humans.Fact is Sparrow population is dwindling world wide in urban areas.These links would help us in understanding the issues.&lt;a href="http://www.worldhousesparrowday.org" rel="nofollow">www.worldhousesparrowday.org&lt;/a>The following link contains the some info on feeding Sparrows in urban areas:&lt;a href="http://www.natureforever.org/" rel="nofollow">www.natureforever.org/&lt;/a></FreeText>
    <MediaName>Sparrow</MediaName>
    <FileFormat>image/jpeg</FileFormat>
    <MetaTag type="xsd:string" name="UserTag">Sparrow</MetaTag>
    <MetaTag type="xsd:string" name="UserTag">Ooty</MetaTag>
    <MetaTag type="xsd:string" name="UserTag">Westernghats</MetaTag>
    <MediaLocator>
     <MediaUri>http://farm3.staticflickr.com/2727/4460055843_bc38eb7c28_z.jpg?zz=1</MediaUri>
     <MediaPreview>http://farm3.staticflickr.com/2727/4460055843_bc38eb7c28_s.jpg</MediaPreview>
    </MediaLocator>
    <MediaCreationInformation>
     <Author>
      <Name>Nara Simhan</Name>
     </Author>
     <Licensing>Attribution-NonCommercial-ShareAlike License</Licensing>
    </MediaCreationInformation>
    <Size>163968</Size>
   </MultimediaContent>
   <MultimediaContent type="SoundType">
    <FreeText>group of sparrows /grupo de gorriones</FreeText>
    <MediaName>sparrows.in.the.open.mp3</MediaName>
    <FileFormat>audio/mpeg</FileFormat>
    <MetaTag type="xsd:string" name="UserTag">Chirp</MetaTag>
    <MetaTag type="xsd:string" name="UserTag">South-spain</MetaTag>
    <MetaTag type="xsd:string" name="UserTag">Nature</MetaTag>
    <MetaTag type="xsd:string" name="UserTag">Field-recording</MetaTag>
    <MetaTag type="xsd:string" name="UserTag">Birds</MetaTag>
    <MetaTag type="xsd:string" name="UserTag">Andalucia</MetaTag>
    <MediaLocator>
     <MediaUri>http://www.freesound.org/api/sounds/4221/serve/?api_key=e642ab56df1f4cfc87f419fbf9ac5088</MediaUri>
     <MediaPreview>http://www.freesound.org/data/displays/4/4221_8043_wave_M.png</MediaPreview>
     <MediaPreview format="audio/mpeg">http://vcl.iti.gr/i-search/uc3/media/sparrows.in.the.open.mp3_preview.mp3</MediaPreview>
    </MediaLocator>
    <MediaCreationInformation>
     <Author>
      <Name>dobroide</Name>
     </Author>
     <Licensing>CC</Licensing>
    </MediaCreationInformation>
    <Size>122890</Size>
    <MediaTime>8</MediaTime>
   </MultimediaContent>
   <RealWorldInfo>
    <MetadataUri filetype="rwml">Sparrow_4.rwml</MetadataUri>
   </RealWorldInfo>
  </ContentObjectTypes>
  <Tags>
   <MetaTag type="xsd:string" name="UserTag">Sparrow</MetaTag>
   <MetaTag type="xsd:string" name="UserTag">Ooty</MetaTag>
   <MetaTag type="xsd:string" name="UserTag">Westernghats</MetaTag>
   <MetaTag type="xsd:string" name="UserTag">Chirp</MetaTag>
   <MetaTag type="xsd:string" name="UserTag">South-spain</MetaTag>
   <MetaTag type="xsd:string" name="UserTag">Nature</MetaTag>
   <MetaTag type="xsd:string" name="UserTag">Field-recording</MetaTag>
   <MetaTag type="xsd:string" name="UserTag">Birds</MetaTag>
   <MetaTag type="xsd:string" name="UserTag">Andalucia</MetaTag>
   <MetaTag type="xsd:string" name="Category">01 Bird</MetaTag>
  </Tags>
 </Header>
 <Description>
  <L_Descriptor type="ImageType">
   <MediaName>Sparrow</MediaName>
   <ImageDescription matching="L2Distance" type="SIFT">
    <LowLevelDescriptor descriptorType="xsd:float" totalNumOfDescriptors="8168" descriptorSize="1021">
     <Store type="text">
      <DescriptorLocator>
       <DescriptorUri>http://vcl.iti.gr/is/UC/descr/2D/80000000-8000-0000-F000-0000800001BC.imgdescr</DescriptorUri>
      </DescriptorLocator>
     </Store>
    </LowLevelDescriptor>
   </ImageDescription>
  </L_Descriptor>
  <L_Descriptor type="SoundType">
   <MediaName>sparrows.in.the.open.mp3</MediaName>
   <AudioDescription matching="BrayCurtis" type="BarkBands">
    <LowLevelDescriptor descriptorType="xsd:float" totalNumOfDescriptors="216" descriptorSize="8 27">
     <Store type="text">
      <DescriptorLocator>
       <DescriptorUri>http://vcl.iti.gr/is/UC/descr/audio/80000000-8000-0000-F000-0000800001BC.audiodescr</DescriptorUri>
      </DescriptorLocator>
     </Store>
    </LowLevelDescriptor>
   </AudioDescription>
  </L_Descriptor>
 </Description>
</RUCoD>
