<?xml version='1.0' encoding='UTF-8'?>
<RUCoD xmlns:xsi="http://www.w3.org/2001/XMLSchema-instance" xmlns="http://www.isearch-project.eu/isearch/RUCoD" xmlns:gml="http://www.opengis.net/gml" xmlns:xsd="http://www.w3.org/2001/XMLSchema">
 <Header>
  <ContentObjectType>Multimedia Collection</ContentObjectType>
  <ContentObjectName xml:lang="en-US">Sparrow</ContentObjectName>
  <ContentObjectID>80000000-8000-0000-F000-0000800001C1</ContentObjectID>
  <ContentObjectVersion>1</ContentObjectVersion>
  <ContentObjectCreationInformation>
   <Creator>
    <Name>CoFetch Script</Name>
   </Creator>
   <Contributor>
    <Name>HS Fulda</Name>
   </Contributor>
   <Contributor>
    <Name>Google</Name>
   </Contributor>
   <Contributor>
    <Name>flickr.com</Name>
   </Contributor>
   <Contributor>
    <Name>wikipedia.org</Name>
   </Contributor>
   <Contributor>
    <Name>freesound.org</Name>
   </Contributor>
   <Contributor>
    <Name>wunderground.com</Name>
   </Contributor>
   <Contributor>
    <Name>youtube.com</Name>
   </Contributor>
  </ContentObjectCreationInformation>
  <ContentObjectTypes>
   <MultimediaContent type="ImageType">
    <FreeText>Another visitor of our garden.Male sparrow - männlicher Hausspatz.. EOS 400D, f/7,1  ISO 800  1/400sec  390 mm</FreeText>
    <MediaName>Sparrow</MediaName>
    <FileFormat>image/jpeg</FileFormat>
    <MetaTag type="xsd:string" name="UserTag">Sparrow</MetaTag>
    <MetaTag type="xsd:string" name="UserTag">Hausspatz</MetaTag>
    <MediaLocator>
     <MediaUri>http://farm4.staticflickr.com/3008/2308283120_edb265d120_z.jpg?zz=1</MediaUri>
     <MediaPreview>http://farm4.staticflickr.com/3008/2308283120_edb265d120_s.jpg</MediaPreview>
    </MediaLocator>
    <MediaCreationInformation>
     <Author>
      <Name>pe_ha45</Name>
     </Author>
     <Licensing>All Rights Reserved</Licensing>
    </MediaCreationInformation>
    <Size>170112</Size>
   </MultimediaContent>
   <MultimediaContent type="SoundType">
    <FreeText>a single sparrow inside a room, with birds outside in the background /gorrion solitario en el interior de una casa, se oyen otros pajaros fuera</FreeText>
    <MediaName>sparrow.astray.inside.house.mp3</MediaName>
    <FileFormat>audio/mpeg</FileFormat>
    <MetaTag type="xsd:string" name="UserTag">South-spain</MetaTag>
    <MetaTag type="xsd:string" name="UserTag">Nature</MetaTag>
    <MetaTag type="xsd:string" name="UserTag">Field-recording</MetaTag>
    <MetaTag type="xsd:string" name="UserTag">Birds</MetaTag>
    <MetaTag type="xsd:string" name="UserTag">Andalucia</MetaTag>
    <MediaLocator>
     <MediaUri>http://www.freesound.org/api/sounds/4220/serve/?api_key=e642ab56df1f4cfc87f419fbf9ac5088</MediaUri>
     <MediaPreview>http://www.freesound.org/data/displays/4/4220_8043_wave_M.png</MediaPreview>
     <MediaPreview format="audio/mpeg">http://vcl.iti.gr/i-search/uc3/media/sparrow.astray.inside.house.mp3_preview.mp3</MediaPreview>
    </MediaLocator>
    <MediaCreationInformation>
     <Author>
      <Name>dobroide</Name>
     </Author>
     <Licensing>CC</Licensing>
    </MediaCreationInformation>
    <Size>159754</Size>
    <MediaTime>10</MediaTime>
   </MultimediaContent>
   <RealWorldInfo>
    <MetadataUri filetype="rwml">Sparrow_9.rwml</MetadataUri>
   </RealWorldInfo>
  </ContentObjectTypes>
  <Tags>
   <MetaTag type="xsd:string" name="UserTag">Sparrow</MetaTag>
   <MetaTag type="xsd:string" name="UserTag">Hausspatz</MetaTag>
   <MetaTag type="xsd:string" name="UserTag">South-spain</MetaTag>
   <MetaTag type="xsd:string" name="UserTag">Nature</MetaTag>
   <MetaTag type="xsd:string" name="UserTag">Field-recording</MetaTag>
   <MetaTag type="xsd:string" name="UserTag">Birds</MetaTag>
   <MetaTag type="xsd:string" name="UserTag">Andalucia</MetaTag>
   <MetaTag type="xsd:string" name="Category">01 Bird</MetaTag>
  </Tags>
 </Header>
 <Description>
  <L_Descriptor type="ImageType">
   <MediaName>Sparrow</MediaName>
   <ImageDescription matching="L2Distance" type="SIFT">
    <LowLevelDescriptor descriptorType="xsd:float" totalNumOfDescriptors="8168" descriptorSize="1021">
     <Store type="text">
      <DescriptorLocator>
       <DescriptorUri>http://vcl.iti.gr/is/UC/descr/2D/80000000-8000-0000-F000-0000800001C1.imgdescr</DescriptorUri>
      </DescriptorLocator>
     </Store>
    </LowLevelDescriptor>
   </ImageDescription>
  </L_Descriptor>
  <L_Descriptor type="SoundType">
   <MediaName>sparrow.astray.inside.house.mp3</MediaName>
   <AudioDescription matching="BrayCurtis" type="BarkBands">
    <LowLevelDescriptor descriptorType="xsd:float" totalNumOfDescriptors="216" descriptorSize="8 27">
     <Store type="text">
      <DescriptorLocator>
       <DescriptorUri>http://vcl.iti.gr/is/UC/descr/audio/80000000-8000-0000-F000-0000800001C1.audiodescr</DescriptorUri>
      </DescriptorLocator>
     </Store>
    </LowLevelDescriptor>
   </AudioDescription>
  </L_Descriptor>
 </Description>
</RUCoD>
