<?xml version='1.0' encoding='UTF-8'?>
<RUCoD xmlns:xsi="http://www.w3.org/2001/XMLSchema-instance" xmlns="http://www.isearch-project.eu/isearch/RUCoD" xmlns:gml="http://www.opengis.net/gml" xmlns:xsd="http://www.w3.org/2001/XMLSchema">
 <Header>
  <ContentObjectType>Multimedia Collection</ContentObjectType>
  <ContentObjectName xml:lang="en-US">Sparrow</ContentObjectName>
  <ContentObjectID>80000000-8000-0000-F000-0000800001C0</ContentObjectID>
  <ContentObjectVersion>1</ContentObjectVersion>
  <ContentObjectCreationInformation>
   <Creator>
    <Name>CoFetch Script</Name>
   </Creator>
   <Contributor>
    <Name>HS Fulda</Name>
   </Contributor>
   <Contributor>
    <Name>Google</Name>
   </Contributor>
   <Contributor>
    <Name>flickr.com</Name>
   </Contributor>
   <Contributor>
    <Name>wikipedia.org</Name>
   </Contributor>
   <Contributor>
    <Name>freesound.org</Name>
   </Contributor>
   <Contributor>
    <Name>wunderground.com</Name>
   </Contributor>
   <Contributor>
    <Name>youtube.com</Name>
   </Contributor>
  </ContentObjectCreationInformation>
  <ContentObjectTypes>
   <MultimediaContent type="ImageType">
    <FreeText>&lt;b>Blackie Spit - &lt;/b>&lt;i>Surrey BC Canada&lt;/i>I photographed this character a couple weeks ago. Is it a Lincoln's Sparrow? Thanks for the help.</FreeText>
    <MediaName>Lincoln's Sparrow</MediaName>
    <FileFormat>image/jpeg</FileFormat>
    <MetaTag type="xsd:string" name="UserTag">Lincolnssparrow</MetaTag>
    <MetaTag type="xsd:string" name="UserTag">Melospizalincolnii</MetaTag>
    <MetaTag type="xsd:string" name="UserTag">D80</MetaTag>
    <MetaTag type="xsd:string" name="UserTag">Nikkor300mmf4afs</MetaTag>
    <MetaTag type="xsd:string" name="UserTag">Tc14eii</MetaTag>
    <MetaTag type="xsd:string" name="UserTag">Blackiespit</MetaTag>
    <MetaTag type="xsd:string" name="UserTag">Surrey</MetaTag>
    <MetaTag type="xsd:string" name="UserTag">Canada</MetaTag>
    <MediaLocator>
     <MediaUri>http://farm3.staticflickr.com/2588/3984283247_b7cab17b51_z.jpg?zz=1</MediaUri>
     <MediaPreview>http://farm3.staticflickr.com/2588/3984283247_b7cab17b51_s.jpg</MediaPreview>
    </MediaLocator>
    <MediaCreationInformation>
     <Author>
      <Name>Wes Aslin</Name>
     </Author>
     <Licensing>All Rights Reserved</Licensing>
    </MediaCreationInformation>
    <Size>216960</Size>
   </MultimediaContent>
   <RealWorldInfo>
    <MetadataUri filetype="rwml">Sparrow_8.rwml</MetadataUri>
   </RealWorldInfo>
  </ContentObjectTypes>
  <Tags>
   <MetaTag type="xsd:string" name="UserTag">Lincolnssparrow</MetaTag>
   <MetaTag type="xsd:string" name="UserTag">Melospizalincolnii</MetaTag>
   <MetaTag type="xsd:string" name="UserTag">D80</MetaTag>
   <MetaTag type="xsd:string" name="UserTag">Nikkor300mmf4afs</MetaTag>
   <MetaTag type="xsd:string" name="UserTag">Tc14eii</MetaTag>
   <MetaTag type="xsd:string" name="UserTag">Blackiespit</MetaTag>
   <MetaTag type="xsd:string" name="UserTag">Surrey</MetaTag>
   <MetaTag type="xsd:string" name="UserTag">Canada</MetaTag>
   <MetaTag type="xsd:string" name="Category">01 Bird</MetaTag>
  </Tags>
 </Header>
 <Description>
  <L_Descriptor type="ImageType">
   <MediaName>Lincoln's Sparrow</MediaName>
   <ImageDescription matching="L2Distance" type="SIFT">
    <LowLevelDescriptor descriptorType="xsd:float" totalNumOfDescriptors="8168" descriptorSize="1021">
     <Store type="text">
      <DescriptorLocator>
       <DescriptorUri>http://vcl.iti.gr/is/UC/descr/2D/80000000-8000-0000-F000-0000800001C0.imgdescr</DescriptorUri>
      </DescriptorLocator>
     </Store>
    </LowLevelDescriptor>
   </ImageDescription>
  </L_Descriptor>
 </Description>
</RUCoD>
