<?xml version='1.0' encoding='UTF-8'?>
<RUCoD xmlns:xsi="http://www.w3.org/2001/XMLSchema-instance" xmlns="http://www.isearch-project.eu/isearch/RUCoD" xmlns:gml="http://www.opengis.net/gml" xmlns:xsd="http://www.w3.org/2001/XMLSchema">
 <Header>
  <ContentObjectType>Multimedia Collection</ContentObjectType>
  <ContentObjectName xml:lang="en-US">Swan</ContentObjectName>
  <ContentObjectID>80000000-8000-0000-F000-0000800001CD</ContentObjectID>
  <ContentObjectVersion>1</ContentObjectVersion>
  <ContentObjectCreationInformation>
   <Creator>
    <Name>CoFetch Script</Name>
   </Creator>
   <Contributor>
    <Name>HS Fulda</Name>
   </Contributor>
   <Contributor>
    <Name>Google</Name>
   </Contributor>
   <Contributor>
    <Name>flickr.com</Name>
   </Contributor>
   <Contributor>
    <Name>wikipedia.org</Name>
   </Contributor>
   <Contributor>
    <Name>freesound.org</Name>
   </Contributor>
   <Contributor>
    <Name>wunderground.com</Name>
   </Contributor>
   <Contributor>
    <Name>youtube.com</Name>
   </Contributor>
  </ContentObjectCreationInformation>
  <ContentObjectTypes>
   <MultimediaContent type="ImageType">
    <FreeText>A swan flying over the ice.</FreeText>
    <MediaName>Swan Flying</MediaName>
    <FileFormat>image/jpeg</FileFormat>
    <MetaTag type="xsd:string" name="UserTag">Otepää</MetaTag>
    <MetaTag type="xsd:string" name="UserTag">Estonia</MetaTag>
    <MetaTag type="xsd:string" name="UserTag">Puhajarve</MetaTag>
    <MetaTag type="xsd:string" name="UserTag">Lake</MetaTag>
    <MetaTag type="xsd:string" name="UserTag">Swan</MetaTag>
    <MetaTag type="xsd:string" name="UserTag">Flying</MetaTag>
    <MetaTag type="xsd:string" name="UserTag">Flight</MetaTag>
    <MediaLocator>
     <MediaUri>http://farm1.staticflickr.com/151/434081262_89e46dfd42_z.jpg?zz=1</MediaUri>
     <MediaPreview>http://farm1.staticflickr.com/151/434081262_89e46dfd42_s.jpg</MediaPreview>
    </MediaLocator>
    <MediaCreationInformation>
     <Author>
      <Name>Tom Godber</Name>
     </Author>
     <Licensing>Attribution-ShareAlike License</Licensing>
    </MediaCreationInformation>
    <Size>163584</Size>
   </MultimediaContent>
   <MultimediaContent type="VideoType">
    <FreeText>A short video of swans which greeted us with a fly-by when we arrived at Llyn Padarn lakeside, Llanberis for a walk.</FreeText>
    <MediaName>Swans!</MediaName>
    <MetaTag type="xsd:string" name="UserTag">Animals</MetaTag>
    <MetaTag type="xsd:string" name="UserTag">Swan</MetaTag>
    <MetaTag type="xsd:string" name="UserTag">Flying</MetaTag>
    <MetaTag type="xsd:string" name="UserTag">Llanberis</MetaTag>
    <MetaTag type="xsd:string" name="UserTag">Snowdonia</MetaTag>
    <MetaTag type="xsd:string" name="UserTag">Llyn</MetaTag>
    <MetaTag type="xsd:string" name="UserTag">Padarn</MetaTag>
    <MediaLocator>
     <MediaUri>https://www.youtube.com/watch?v=A6LtdpdTyho</MediaUri>
     <MediaPreview>http://i.ytimg.com/vi/A6LtdpdTyho/default.jpg</MediaPreview>
    </MediaLocator>
    <MediaCreationInformation>
     <Author>
      <Name>callytimecat</Name>
     </Author>
     <Licensing>All right reserved</Licensing>
    </MediaCreationInformation>
    <MediaTime>10</MediaTime>
   </MultimediaContent>
   <MultimediaContent type="SoundType">
    <FreeText>A close fly-by by three Mute Swans. Also sounds of Jackdaws, Greylag Geese and other birds. Slimbridge Bird Sanctuary Nov 2008. Zoom H4 recorder.</FreeText>
    <MediaName>SwansFlyBy.wav</MediaName>
    <FileFormat>audio/x-wav</FileFormat>
    <MetaTag type="xsd:string" name="UserTag">Swoosh</MetaTag>
    <MetaTag type="xsd:string" name="UserTag">Woosh</MetaTag>
    <MetaTag type="xsd:string" name="UserTag">Swan</MetaTag>
    <MetaTag type="xsd:string" name="UserTag">Flying</MetaTag>
    <MetaTag type="xsd:string" name="UserTag">Flyby</MetaTag>
    <MetaTag type="xsd:string" name="UserTag">Fly</MetaTag>
    <MetaTag type="xsd:string" name="UserTag">Flapping</MetaTag>
    <MetaTag type="xsd:string" name="UserTag">Flap</MetaTag>
    <MetaTag type="xsd:string" name="UserTag">Field-recording</MetaTag>
    <MetaTag type="xsd:string" name="UserTag">Birds</MetaTag>
    <MetaTag type="xsd:string" name="UserTag">Wings</MetaTag>
    <MediaLocator>
     <MediaUri>http://www.freesound.org/api/sounds/64401/serve/?api_key=e642ab56df1f4cfc87f419fbf9ac5088</MediaUri>
     <MediaPreview>http://www.freesound.org/data/displays/64/64401_37876_wave_M.png</MediaPreview>
     <MediaPreview format="audio/mpeg">http://vcl.iti.gr/i-search/uc3/media/SwansFlyBy.wav_preview.mp3</MediaPreview>
    </MediaLocator>
    <MediaCreationInformation>
     <Author>
      <Name>acclivity</Name>
     </Author>
     <Licensing>CC</Licensing>
    </MediaCreationInformation>
    <Size>3610994</Size>
    <MediaTime>21</MediaTime>
   </MultimediaContent>
   <RealWorldInfo>
    <MetadataUri filetype="rwml">Swan_1.rwml</MetadataUri>
   </RealWorldInfo>
  </ContentObjectTypes>
  <Tags>
   <MetaTag type="xsd:string" name="UserTag">Otepää</MetaTag>
   <MetaTag type="xsd:string" name="UserTag">Estonia</MetaTag>
   <MetaTag type="xsd:string" name="UserTag">Puhajarve</MetaTag>
   <MetaTag type="xsd:string" name="UserTag">Lake</MetaTag>
   <MetaTag type="xsd:string" name="UserTag">Swan</MetaTag>
   <MetaTag type="xsd:string" name="UserTag">Flying</MetaTag>
   <MetaTag type="xsd:string" name="UserTag">Flight</MetaTag>
   <MetaTag type="xsd:string" name="UserTag">Animals</MetaTag>
   <MetaTag type="xsd:string" name="UserTag">Llanberis</MetaTag>
   <MetaTag type="xsd:string" name="UserTag">Snowdonia</MetaTag>
   <MetaTag type="xsd:string" name="UserTag">Llyn</MetaTag>
   <MetaTag type="xsd:string" name="UserTag">Padarn</MetaTag>
   <MetaTag type="xsd:string" name="UserTag">Swoosh</MetaTag>
   <MetaTag type="xsd:string" name="UserTag">Woosh</MetaTag>
   <MetaTag type="xsd:string" name="UserTag">Flyby</MetaTag>
   <MetaTag type="xsd:string" name="UserTag">Fly</MetaTag>
   <MetaTag type="xsd:string" name="UserTag">Flapping</MetaTag>
   <MetaTag type="xsd:string" name="UserTag">Flap</MetaTag>
   <MetaTag type="xsd:string" name="UserTag">Field-recording</MetaTag>
   <MetaTag type="xsd:string" name="UserTag">Birds</MetaTag>
   <MetaTag type="xsd:string" name="UserTag">Wings</MetaTag>
   <MetaTag type="xsd:string" name="Category">01 Bird</MetaTag>
  </Tags>
 </Header>
 <Description>
  <L_Descriptor type="ImageType">
   <MediaName>Swan Flying</MediaName>
   <ImageDescription matching="L2Distance" type="SIFT">
    <LowLevelDescriptor descriptorType="xsd:float" totalNumOfDescriptors="8168" descriptorSize="1021">
     <Store type="text">
      <DescriptorLocator>
       <DescriptorUri>http://vcl.iti.gr/is/UC/descr/2D/80000000-8000-0000-F000-0000800001CD.imgdescr</DescriptorUri>
      </DescriptorLocator>
     </Store>
    </LowLevelDescriptor>
   </ImageDescription>
  </L_Descriptor>
  <L_Descriptor type="SoundType">
   <MediaName>SwansFlyBy.wav</MediaName>
   <AudioDescription matching="BrayCurtis" type="BarkBands">
    <LowLevelDescriptor descriptorType="xsd:float" totalNumOfDescriptors="216" descriptorSize="8 27">
     <Store type="text">
      <DescriptorLocator>
       <DescriptorUri>http://vcl.iti.gr/is/UC/descr/audio/80000000-8000-0000-F000-0000800001CD.audiodescr</DescriptorUri>
      </DescriptorLocator>
     </Store>
    </LowLevelDescriptor>
   </AudioDescription>
  </L_Descriptor>
 </Description>
</RUCoD>
