<?xml version='1.0' encoding='UTF-8'?>
<RUCoD xmlns:xsi="http://www.w3.org/2001/XMLSchema-instance" xmlns="http://www.isearch-project.eu/isearch/RUCoD" xmlns:gml="http://www.opengis.net/gml" xmlns:xsd="http://www.w3.org/2001/XMLSchema">
 <Header>
  <ContentObjectType>Multimedia Collection</ContentObjectType>
  <ContentObjectName xml:lang="en-US">Swan</ContentObjectName>
  <ContentObjectID>80000000-8000-0000-F000-0000800001C7</ContentObjectID>
  <ContentObjectVersion>1</ContentObjectVersion>
  <ContentObjectCreationInformation>
   <Creator>
    <Name>CoFetch Script</Name>
   </Creator>
   <Contributor>
    <Name>HS Fulda</Name>
   </Contributor>
   <Contributor>
    <Name>Google</Name>
   </Contributor>
   <Contributor>
    <Name>flickr.com</Name>
   </Contributor>
   <Contributor>
    <Name>wikipedia.org</Name>
   </Contributor>
   <Contributor>
    <Name>freesound.org</Name>
   </Contributor>
   <Contributor>
    <Name>wunderground.com</Name>
   </Contributor>
   <Contributor>
    <Name>youtube.com</Name>
   </Contributor>
  </ContentObjectCreationInformation>
  <ContentObjectTypes>
   <MultimediaContent type="ImageType">
    <FreeText>Mute Swan Cygnus olorJune 3, 2008Lake Como, ItalyDistribution&amp;quot;: &lt;a href="http://www.bsc-eoc.org/avibase/species.jsp?lang=EN&amp;amp;id=684CA6..">www.bsc-eoc.org/avibase/species.jsp?lang=EN&amp;amp;id=684CA6..&lt;/a>.690V6762</FreeText>
    <MediaName>Mute Swan (Cygnus olor)</MediaName>
    <FileFormat>image/jpeg</FileFormat>
    <MetaTag type="xsd:string" name="UserTag">Anseriformes</MetaTag>
    <MetaTag type="xsd:string" name="UserTag">Anatidae</MetaTag>
    <MetaTag type="xsd:string" name="UserTag">Muteswan</MetaTag>
    <MetaTag type="xsd:string" name="UserTag">Cygnusolor</MetaTag>
    <MetaTag type="xsd:string" name="UserTag">Anasolor</MetaTag>
    <MetaTag type="xsd:string" name="UserTag">Höckerschwan</MetaTag>
    <MetaTag type="xsd:string" name="UserTag">Knopsvane</MetaTag>
    <MetaTag type="xsd:string" name="UserTag">Cisnevulgar</MetaTag>
    <MediaLocator>
     <MediaUri>http://farm4.staticflickr.com/3144/2599208126_7fb3af39ce_z.jpg?zz=1</MediaUri>
     <MediaPreview>http://farm4.staticflickr.com/3144/2599208126_7fb3af39ce_s.jpg</MediaPreview>
    </MediaLocator>
    <MediaCreationInformation>
     <Author>
      <Name>Lip Kee</Name>
     </Author>
     <Licensing>Attribution-ShareAlike License</Licensing>
    </MediaCreationInformation>
    <Size>196608</Size>
   </MultimediaContent>
   <RealWorldInfo>
    <MetadataUri filetype="rwml">Swan_14.rwml</MetadataUri>
   </RealWorldInfo>
  </ContentObjectTypes>
  <Tags>
   <MetaTag type="xsd:string" name="UserTag">Anseriformes</MetaTag>
   <MetaTag type="xsd:string" name="UserTag">Anatidae</MetaTag>
   <MetaTag type="xsd:string" name="UserTag">Muteswan</MetaTag>
   <MetaTag type="xsd:string" name="UserTag">Cygnusolor</MetaTag>
   <MetaTag type="xsd:string" name="UserTag">Anasolor</MetaTag>
   <MetaTag type="xsd:string" name="UserTag">Höckerschwan</MetaTag>
   <MetaTag type="xsd:string" name="UserTag">Knopsvane</MetaTag>
   <MetaTag type="xsd:string" name="UserTag">Cisnevulgar</MetaTag>
   <MetaTag type="xsd:string" name="Category">01 Bird</MetaTag>
  </Tags>
 </Header>
 <Description>
  <L_Descriptor type="ImageType">
   <MediaName>Mute Swan (Cygnus olor)</MediaName>
   <ImageDescription matching="L2Distance" type="SIFT">
    <LowLevelDescriptor descriptorType="xsd:float" totalNumOfDescriptors="8168" descriptorSize="1021">
     <Store type="text">
      <DescriptorLocator>
       <DescriptorUri>http://vcl.iti.gr/is/UC/descr/2D/80000000-8000-0000-F000-0000800001C7.imgdescr</DescriptorUri>
      </DescriptorLocator>
     </Store>
    </LowLevelDescriptor>
   </ImageDescription>
  </L_Descriptor>
 </Description>
</RUCoD>
