<?xml version='1.0' encoding='UTF-8'?>
<RUCoD xmlns:xsi="http://www.w3.org/2001/XMLSchema-instance" xmlns="http://www.isearch-project.eu/isearch/RUCoD" xmlns:gml="http://www.opengis.net/gml" xmlns:xsd="http://www.w3.org/2001/XMLSchema">
 <Header>
  <ContentObjectType>Multimedia Collection</ContentObjectType>
  <ContentObjectName xml:lang="en-US">Vulture</ContentObjectName>
  <ContentObjectID>80000000-8000-0000-F000-0000800001E7</ContentObjectID>
  <ContentObjectVersion>1</ContentObjectVersion>
  <ContentObjectCreationInformation>
   <Creator>
    <Name>CoFetch Script</Name>
   </Creator>
   <Contributor>
    <Name>HS Fulda</Name>
   </Contributor>
   <Contributor>
    <Name>Google</Name>
   </Contributor>
   <Contributor>
    <Name>flickr.com</Name>
   </Contributor>
   <Contributor>
    <Name>wikipedia.org</Name>
   </Contributor>
   <Contributor>
    <Name>freesound.org</Name>
   </Contributor>
   <Contributor>
    <Name>wunderground.com</Name>
   </Contributor>
   <Contributor>
    <Name>youtube.com</Name>
   </Contributor>
  </ContentObjectCreationInformation>
  <ContentObjectTypes>
   <MultimediaContent type="Object3D">
    <FreeText>Cartoon vulture bird. Made for a replica of the Whacky Shack dark ride at Waldameer Park in Erie PA.</FreeText>
    <MediaName>Vulture bird</MediaName>
    <MetaTag type="xsd:string" name="UserTag">Vulture</MetaTag>
    <MediaLocator>
     <MediaUri>http://sketchup.google.com/3dwarehouse/download?mid=4e1ba0a0e5531e45d6431ccabb300d4a&amp;rtyp=zip&amp;fn=vulture&amp;ctyp=other&amp;ts=1202486241000&amp;ct=gd</MediaUri>
     <MediaPreview>http://sketchup.google.com/3dwarehouse/download?mid=4e1ba0a0e5531e45d6431ccabb300d4a&amp;rtyp=lt&amp;ctyp=other&amp;ts=1202486241000&amp;ct=gd</MediaPreview>
    </MediaLocator>
    <MediaCreationInformation>
     <Author>
      <Name>Shawn (http://sketchup.google.com/3dwarehouse/search?uq=0307867707918747849350735&amp;scoring=m&amp;ct=gd)</Name>
     </Author>
     <Licensing>Google 3D Warehouse License</Licensing>
    </MediaCreationInformation>
    <Size>1329023</Size>
   </MultimediaContent>
   <MultimediaContent type="ImageType">
    <FreeText>Vulture</FreeText>
    <MediaName>Vulture</MediaName>
    <FileFormat>image/jpeg</FileFormat>
    <MetaTag type="xsd:string" name="UserTag">Vulture</MetaTag>
    <MetaTag type="xsd:string" name="UserTag">Certifiablenl</MetaTag>
    <MediaLocator>
     <MediaUri>http://farm5.staticflickr.com/4110/4982549669_aa25d5de0b_b.jpg</MediaUri>
     <MediaPreview>http://farm5.staticflickr.com/4110/4982549669_aa25d5de0b_s.jpg</MediaPreview>
    </MediaLocator>
    <MediaCreationInformation>
     <Author>
      <Name>Stefan van Bremen</Name>
     </Author>
     <Licensing>Attribution-NoDerivs License</Licensing>
    </MediaCreationInformation>
    <Size>417792</Size>
   </MultimediaContent>
   <MultimediaContent type="SoundType">
    <FreeText>A vulture in Tanzania recorded on DAT (Tascam DAP-1) with a Sennheiser ME66 by G de Courtivron.</FreeText>
    <MediaName>Vautour-Cri .aif</MediaName>
    <MetaTag type="xsd:string" name="UserTag">Vulture</MetaTag>
    <MetaTag type="xsd:string" name="UserTag">Tanzania</MetaTag>
    <MetaTag type="xsd:string" name="UserTag">Africa</MetaTag>
    <MediaLocator>
     <MediaUri>http://www.freesound.org/api/sounds/34649/serve/?api_key=e642ab56df1f4cfc87f419fbf9ac5088</MediaUri>
     <MediaPreview>http://www.freesound.org/data/displays/34/34649_328279_wave_M.png</MediaPreview>
     <MediaPreview format="audio/mpeg">http://vcl.iti.gr/i-search/uc3/media/Vautour-Cri .aif_preview.mp3</MediaPreview>
    </MediaLocator>
    <MediaCreationInformation>
     <Author>
      <Name>roubignolle</Name>
     </Author>
     <Licensing>CC</Licensing>
    </MediaCreationInformation>
    <Size>775300</Size>
    <MediaTime>6</MediaTime>
   </MultimediaContent>
   <RealWorldInfo>
    <MetadataUri filetype="rwml">Vulture.rwml</MetadataUri>
   </RealWorldInfo>
  </ContentObjectTypes>
  <Tags>
   <MetaTag type="xsd:string" name="UserTag">Vulture</MetaTag>
   <MetaTag type="xsd:string" name="UserTag">Certifiablenl</MetaTag>
   <MetaTag type="xsd:string" name="UserTag">Tanzania</MetaTag>
   <MetaTag type="xsd:string" name="UserTag">Africa</MetaTag>
   <MetaTag type="xsd:string" name="Category">01 Bird</MetaTag>
  </Tags>
 </Header>
 <Description>
  <L_Descriptor type="ImageType">
   <MediaName>Vulture</MediaName>
   <ImageDescription matching="L2Distance" type="SIFT">
    <LowLevelDescriptor descriptorType="xsd:float" totalNumOfDescriptors="8168" descriptorSize="1021">
     <Store type="text">
      <DescriptorLocator>
       <DescriptorUri>http://vcl.iti.gr/is/UC/descr/2D/80000000-8000-0000-F000-0000800001E7.imgdescr</DescriptorUri>
      </DescriptorLocator>
     </Store>
    </LowLevelDescriptor>
   </ImageDescription>
  </L_Descriptor>
  <L_Descriptor type="Object3D">
   <MediaName>Vulture bird</MediaName>
   <Shape3DDescription matching="MultiViewL2" type="CMVD">
    <LowLevelDescriptor descriptorType="xsd:float" totalNumOfDescriptors="212" descriptorSize="3816" totalNumOfViews="18">
     <Store type="text">
      <DescriptorLocator>
       <DescriptorUri>http://vcl.iti.gr/is/UC/descr/3D/80000000-8000-0000-F000-0000800001E7.zip.txt</DescriptorUri>
      </DescriptorLocator>
     </Store>
    </LowLevelDescriptor>
   </Shape3DDescription>
  </L_Descriptor>
  <L_Descriptor type="SoundType">
   <MediaName>Vautour-Cri .aif</MediaName>
   <AudioDescription matching="BrayCurtis" type="BarkBands">
    <LowLevelDescriptor descriptorType="xsd:float" totalNumOfDescriptors="216" descriptorSize="8 27">
     <Store type="text">
      <DescriptorLocator>
       <DescriptorUri>http://vcl.iti.gr/is/UC/descr/audio/80000000-8000-0000-F000-0000800001E7.audiodescr</DescriptorUri>
      </DescriptorLocator>
     </Store>
    </LowLevelDescriptor>
   </AudioDescription>
  </L_Descriptor>
 </Description>
</RUCoD>
