<?xml version='1.0' encoding='UTF-8'?>
<RUCoD xmlns:xsi="http://www.w3.org/2001/XMLSchema-instance" xmlns="http://www.isearch-project.eu/isearch/RUCoD" xmlns:gml="http://www.opengis.net/gml" xmlns:xsd="http://www.w3.org/2001/XMLSchema">
 <Header>
  <ContentObjectType>Multimedia Collection</ContentObjectType>
  <ContentObjectName xml:lang="en-US">Vulture</ContentObjectName>
  <ContentObjectID>80000000-8000-0000-F000-0000800001E0</ContentObjectID>
  <ContentObjectVersion>1</ContentObjectVersion>
  <ContentObjectCreationInformation>
   <Creator>
    <Name>CoFetch Script</Name>
   </Creator>
   <Contributor>
    <Name>HS Fulda</Name>
   </Contributor>
   <Contributor>
    <Name>Google</Name>
   </Contributor>
   <Contributor>
    <Name>flickr.com</Name>
   </Contributor>
   <Contributor>
    <Name>wikipedia.org</Name>
   </Contributor>
   <Contributor>
    <Name>freesound.org</Name>
   </Contributor>
   <Contributor>
    <Name>wunderground.com</Name>
   </Contributor>
   <Contributor>
    <Name>youtube.com</Name>
   </Contributor>
  </ContentObjectCreationInformation>
  <ContentObjectTypes>
   <MultimediaContent type="ImageType">
    <FreeText>Vulture sitting on a tree. / Geier auf Baum sitzend.You may use this picture without any restrictions.All I ask for is a link (dofollow-links are welcome!) to &lt;a href="http://www.artikelwissen.info" rel="nofollow">www.artikelwissen.info&lt;/a>Thank you!--------------------------Du kannst dieses Bild ohne Einschränkungen nutzen. Ich bitte nur um einen Link (dofollow am liebsten) zu &lt;a href="http://www.artikelwissen.info" rel="nofollow">www.artikelwissen.info&lt;/a>Danke!</FreeText>
    <MediaName>Vulture / Geier</MediaName>
    <FileFormat>image/jpeg</FileFormat>
    <MetaTag type="xsd:string" name="UserTag">Vulture</MetaTag>
    <MetaTag type="xsd:string" name="UserTag">Geier</MetaTag>
    <MetaTag type="xsd:string" name="UserTag">Gänsegeier</MetaTag>
    <MediaLocator>
     <MediaUri>http://farm9.staticflickr.com/8022/6969091324_3fdeec2a6d_h.jpg</MediaUri>
     <MediaPreview>http://farm9.staticflickr.com/8022/6969091324_98d4077cdf_s.jpg</MediaPreview>
    </MediaLocator>
    <MediaCreationInformation>
     <Author>
      <Name>Adrian Korte</Name>
     </Author>
     <Licensing>Attribution License</Licensing>
    </MediaCreationInformation>
    <Size>1025280</Size>
   </MultimediaContent>
   <RealWorldInfo>
    <MetadataUri filetype="rwml">Vulture_3.rwml</MetadataUri>
   </RealWorldInfo>
  </ContentObjectTypes>
  <Tags>
   <MetaTag type="xsd:string" name="UserTag">Vulture</MetaTag>
   <MetaTag type="xsd:string" name="UserTag">Geier</MetaTag>
   <MetaTag type="xsd:string" name="UserTag">Gänsegeier</MetaTag>
   <MetaTag type="xsd:string" name="Category">01 Bird</MetaTag>
  </Tags>
 </Header>
 <Description>
  <L_Descriptor type="ImageType">
   <MediaName>Vulture / Geier</MediaName>
   <ImageDescription matching="L2Distance" type="SIFT">
    <LowLevelDescriptor descriptorType="xsd:float" totalNumOfDescriptors="8168" descriptorSize="1021">
     <Store type="text">
      <DescriptorLocator>
       <DescriptorUri>http://vcl.iti.gr/is/UC/descr/2D/80000000-8000-0000-F000-0000800001E0.imgdescr</DescriptorUri>
      </DescriptorLocator>
     </Store>
    </LowLevelDescriptor>
   </ImageDescription>
  </L_Descriptor>
 </Description>
</RUCoD>
