<?xml version='1.0' encoding='UTF-8'?>
<RUCoD xmlns:xsi="http://www.w3.org/2001/XMLSchema-instance" xmlns="http://www.isearch-project.eu/isearch/RUCoD" xmlns:gml="http://www.opengis.net/gml" xmlns:xsd="http://www.w3.org/2001/XMLSchema">
 <Header>
  <ContentObjectType>Multimedia Collection</ContentObjectType>
  <ContentObjectName xml:lang="en-US">Vulture</ContentObjectName>
  <ContentObjectID>80000000-8000-0000-F000-0000800001E4</ContentObjectID>
  <ContentObjectVersion>1</ContentObjectVersion>
  <ContentObjectCreationInformation>
   <Creator>
    <Name>CoFetch Script</Name>
   </Creator>
   <Contributor>
    <Name>HS Fulda</Name>
   </Contributor>
   <Contributor>
    <Name>Google</Name>
   </Contributor>
   <Contributor>
    <Name>flickr.com</Name>
   </Contributor>
   <Contributor>
    <Name>wikipedia.org</Name>
   </Contributor>
   <Contributor>
    <Name>freesound.org</Name>
   </Contributor>
   <Contributor>
    <Name>wunderground.com</Name>
   </Contributor>
   <Contributor>
    <Name>youtube.com</Name>
   </Contributor>
  </ContentObjectCreationInformation>
  <ContentObjectTypes>
   <MultimediaContent type="ImageType">
    <FreeText>Vulture at Busch Gardens</FreeText>
    <MediaName>Vulture</MediaName>
    <FileFormat>image/jpeg</FileFormat>
    <MetaTag type="xsd:string" name="UserTag">Vulture</MetaTag>
    <MetaTag type="xsd:string" name="UserTag">Buschgardens</MetaTag>
    <MetaTag type="xsd:string" name="UserTag">Zoo</MetaTag>
    <MetaTag type="xsd:string" name="UserTag">Bird</MetaTag>
    <MetaTag type="xsd:string" name="UserTag">Nature</MetaTag>
    <MetaTag type="xsd:string" name="UserTag">Scavenger</MetaTag>
    <MetaTag type="xsd:string" name="UserTag">Nikon</MetaTag>
    <MetaTag type="xsd:string" name="UserTag">D60</MetaTag>
    <MediaLocator>
     <MediaUri>http://farm4.staticflickr.com/3431/3278076006_81fea6241b_b.jpg</MediaUri>
     <MediaPreview>http://farm4.staticflickr.com/3431/3278076006_81fea6241b_s.jpg</MediaPreview>
    </MediaLocator>
    <MediaCreationInformation>
     <Author>
      <Name>Dan Jordan</Name>
     </Author>
     <Licensing>Attribution-NonCommercial License</Licensing>
    </MediaCreationInformation>
    <Size>420864</Size>
   </MultimediaContent>
   <MultimediaContent type="SoundType">
    <FreeText>A vulture in Tanzania recorded on DAT (Tascam DAP-1) with a Sennheiser ME66 by G de Courtivron.</FreeText>
    <MediaName>Vautour-Cri .aif</MediaName>
    <MetaTag type="xsd:string" name="UserTag">Vulture</MetaTag>
    <MetaTag type="xsd:string" name="UserTag">Tanzania</MetaTag>
    <MetaTag type="xsd:string" name="UserTag">Africa</MetaTag>
    <MediaLocator>
     <MediaUri>http://www.freesound.org/api/sounds/34649/serve/?api_key=e642ab56df1f4cfc87f419fbf9ac5088</MediaUri>
     <MediaPreview>http://www.freesound.org/data/displays/34/34649_328279_wave_M.png</MediaPreview>
     <MediaPreview format="audio/mpeg">http://vcl.iti.gr/i-search/uc3/media/Vautour-Cri .aif_preview.mp3</MediaPreview>
    </MediaLocator>
    <MediaCreationInformation>
     <Author>
      <Name>roubignolle</Name>
     </Author>
     <Licensing>CC</Licensing>
    </MediaCreationInformation>
    <Size>775300</Size>
    <MediaTime>6</MediaTime>
   </MultimediaContent>
   <RealWorldInfo>
    <MetadataUri filetype="rwml">Vulture_7.rwml</MetadataUri>
   </RealWorldInfo>
  </ContentObjectTypes>
  <Tags>
   <MetaTag type="xsd:string" name="UserTag">Vulture</MetaTag>
   <MetaTag type="xsd:string" name="UserTag">Buschgardens</MetaTag>
   <MetaTag type="xsd:string" name="UserTag">Zoo</MetaTag>
   <MetaTag type="xsd:string" name="UserTag">Bird</MetaTag>
   <MetaTag type="xsd:string" name="UserTag">Nature</MetaTag>
   <MetaTag type="xsd:string" name="UserTag">Scavenger</MetaTag>
   <MetaTag type="xsd:string" name="UserTag">Nikon</MetaTag>
   <MetaTag type="xsd:string" name="UserTag">D60</MetaTag>
   <MetaTag type="xsd:string" name="UserTag">Tanzania</MetaTag>
   <MetaTag type="xsd:string" name="UserTag">Africa</MetaTag>
   <MetaTag type="xsd:string" name="Category">01 Bird</MetaTag>
  </Tags>
 </Header>
 <Description>
  <L_Descriptor type="ImageType">
   <MediaName>Vulture</MediaName>
   <ImageDescription matching="L2Distance" type="SIFT">
    <LowLevelDescriptor descriptorType="xsd:float" totalNumOfDescriptors="8168" descriptorSize="1021">
     <Store type="text">
      <DescriptorLocator>
       <DescriptorUri>http://vcl.iti.gr/is/UC/descr/2D/80000000-8000-0000-F000-0000800001E4.imgdescr</DescriptorUri>
      </DescriptorLocator>
     </Store>
    </LowLevelDescriptor>
   </ImageDescription>
  </L_Descriptor>
  <L_Descriptor type="SoundType">
   <MediaName>Vautour-Cri .aif</MediaName>
   <AudioDescription matching="BrayCurtis" type="BarkBands">
    <LowLevelDescriptor descriptorType="xsd:float" totalNumOfDescriptors="216" descriptorSize="8 27">
     <Store type="text">
      <DescriptorLocator>
       <DescriptorUri>http://vcl.iti.gr/is/UC/descr/audio/80000000-8000-0000-F000-0000800001E4.audiodescr</DescriptorUri>
      </DescriptorLocator>
     </Store>
    </LowLevelDescriptor>
   </AudioDescription>
  </L_Descriptor>
 </Description>
</RUCoD>
