<?xml version='1.0' encoding='UTF-8'?>
<RUCoD xmlns:xsi="http://www.w3.org/2001/XMLSchema-instance" xmlns="http://www.isearch-project.eu/isearch/RUCoD" xmlns:gml="http://www.opengis.net/gml" xmlns:xsd="http://www.w3.org/2001/XMLSchema">
 <Header>
  <ContentObjectType>Multimedia Collection</ContentObjectType>
  <ContentObjectName xml:lang="en-US">Vulture</ContentObjectName>
  <ContentObjectID>80000000-8000-0000-F000-0000800001DD</ContentObjectID>
  <ContentObjectVersion>1</ContentObjectVersion>
  <ContentObjectCreationInformation>
   <Creator>
    <Name>CoFetch Script</Name>
   </Creator>
   <Contributor>
    <Name>HS Fulda</Name>
   </Contributor>
   <Contributor>
    <Name>Google</Name>
   </Contributor>
   <Contributor>
    <Name>flickr.com</Name>
   </Contributor>
   <Contributor>
    <Name>wikipedia.org</Name>
   </Contributor>
   <Contributor>
    <Name>freesound.org</Name>
   </Contributor>
   <Contributor>
    <Name>wunderground.com</Name>
   </Contributor>
   <Contributor>
    <Name>youtube.com</Name>
   </Contributor>
  </ContentObjectCreationInformation>
  <ContentObjectTypes>
   <MultimediaContent type="ImageType">
    <FreeText>Vultures are scavenging birds, feeding mostly on the carcasses of dead animals. Vultures are found on every continent except Antarctica, Australia and Oceania.Vultures do not use their feet to kill their prey (the definition of a Raptor[citation needed]) and so have gone back and forth between being classified as a raptor or a non-raptor[citation needed], and have gone through extensive DNA testing to test the relationships.Vultures are scavengers. A particular characteristic of many vultures is a bald head, devoid of feathers. This helps to keep the head clean when feeding. Research has shown that the bare skin may play an important role in thermoregulation.A group of vultures is called a wake, committee, or venue. The word Geier (taken from the German language) does not have a precise meaning in ornithology, and it is occasionally used to refer to a vulture in English, as in some poetry.wikipedia</FreeText>
    <MediaName>Vulture</MediaName>
    <FileFormat>image/jpeg</FileFormat>
    <MetaTag type="xsd:string" name="UserTag">Kenya</MetaTag>
    <MetaTag type="xsd:string" name="UserTag">Safari</MetaTag>
    <MetaTag type="xsd:string" name="UserTag">Traveling</MetaTag>
    <MetaTag type="xsd:string" name="UserTag">Holiday</MetaTag>
    <MetaTag type="xsd:string" name="UserTag">Animals</MetaTag>
    <MetaTag type="xsd:string" name="UserTag">Vulture</MetaTag>
    <MetaTag type="xsd:string" name="UserTag">Nature</MetaTag>
    <MetaTag type="xsd:string" name="UserTag">Wildlife</MetaTag>
    <MediaLocator>
     <MediaUri>http://farm1.staticflickr.com/168/368394265_b88585de1c_z.jpg?zz=1</MediaUri>
     <MediaPreview>http://farm1.staticflickr.com/168/368394265_b88585de1c_s.jpg</MediaPreview>
    </MediaLocator>
    <MediaCreationInformation>
     <Author>
      <Name>EricK_1968</Name>
     </Author>
     <Licensing>All Rights Reserved</Licensing>
    </MediaCreationInformation>
    <Size>163584</Size>
   </MultimediaContent>
   <RealWorldInfo>
    <MetadataUri filetype="rwml">Vulture_13.rwml</MetadataUri>
   </RealWorldInfo>
  </ContentObjectTypes>
  <Tags>
   <MetaTag type="xsd:string" name="UserTag">Kenya</MetaTag>
   <MetaTag type="xsd:string" name="UserTag">Safari</MetaTag>
   <MetaTag type="xsd:string" name="UserTag">Traveling</MetaTag>
   <MetaTag type="xsd:string" name="UserTag">Holiday</MetaTag>
   <MetaTag type="xsd:string" name="UserTag">Animals</MetaTag>
   <MetaTag type="xsd:string" name="UserTag">Vulture</MetaTag>
   <MetaTag type="xsd:string" name="UserTag">Nature</MetaTag>
   <MetaTag type="xsd:string" name="UserTag">Wildlife</MetaTag>
   <MetaTag type="xsd:string" name="Category">01 Bird</MetaTag>
  </Tags>
 </Header>
 <Description>
  <L_Descriptor type="ImageType">
   <MediaName>Vulture</MediaName>
   <ImageDescription matching="L2Distance" type="SIFT">
    <LowLevelDescriptor descriptorType="xsd:float" totalNumOfDescriptors="8168" descriptorSize="1021">
     <Store type="text">
      <DescriptorLocator>
       <DescriptorUri>http://vcl.iti.gr/is/UC/descr/2D/80000000-8000-0000-F000-0000800001DD.imgdescr</DescriptorUri>
      </DescriptorLocator>
     </Store>
    </LowLevelDescriptor>
   </ImageDescription>
  </L_Descriptor>
 </Description>
</RUCoD>
