<?xml version='1.0' encoding='UTF-8'?>
<RUCoD xmlns:xsi="http://www.w3.org/2001/XMLSchema-instance" xmlns="http://www.isearch-project.eu/isearch/RUCoD" xmlns:gml="http://www.opengis.net/gml" xmlns:xsd="http://www.w3.org/2001/XMLSchema">
 <Header>
  <ContentObjectType>Multimedia Collection</ContentObjectType>
  <ContentObjectName xml:lang="en-US">Vulture</ContentObjectName>
  <ContentObjectID>80000000-8000-0000-F000-0000800001E5</ContentObjectID>
  <ContentObjectVersion>1</ContentObjectVersion>
  <ContentObjectCreationInformation>
   <Creator>
    <Name>CoFetch Script</Name>
   </Creator>
   <Contributor>
    <Name>HS Fulda</Name>
   </Contributor>
   <Contributor>
    <Name>Google</Name>
   </Contributor>
   <Contributor>
    <Name>flickr.com</Name>
   </Contributor>
   <Contributor>
    <Name>wikipedia.org</Name>
   </Contributor>
   <Contributor>
    <Name>freesound.org</Name>
   </Contributor>
   <Contributor>
    <Name>wunderground.com</Name>
   </Contributor>
   <Contributor>
    <Name>youtube.com</Name>
   </Contributor>
  </ContentObjectCreationInformation>
  <ContentObjectTypes>
   <MultimediaContent type="ImageType">
    <FreeText>In the Sierra de Grazalema is a deeply incised gorge, called the Garganta Verde.  And in the Garganta Verde is an enormous sweeping limestone cliff-face, which is home to one of the largest colonies of Griffon Vultures in Europe.  Access to the gorge, which is within a carefully managed nature reserve, is by permit only along a footpath which runs from the top of the valley, dropping some 1,500m in 1.5km.  Permits are restricted to a small number each day.About half way along the path, just before it starts to drop rapidly to the bottom of the gorge, is an unsigned and barely noticeable side path.  If you take it, and after a fairly rough scramble up a rocky slope, you reach a viewing platform.  From the platform you get the most spectacular views of the nest site, which colonises the 400m high rocky cliffs in a sweeping arc in front of you.   It is truly spectacular and awesome.The most awesome thing about it is that there is a constant stream of these enormous but graceful birds passing right over your head.  They 'stack' like planes arriving at Heathrow back up the gorge, and sweep in one after the other in what seems like carefully timed 'landing slots'.  Others constantly circle around the bowl of the cliff face, calling and swooping and generally being awesome.  We were mesmerised.I shot 50 plus photos using the longest zoom I have (200mm) and ocassionally a tripod (having risked life and limb getting it up the scramble I felt I ought to!).  This is just one of many, which for me illustrates the amazingly prehistoric look of these birds.  Their massive bodies and the strength in their wings seem primordial somehow.Adding to the sense of awe, we read in our handy book that these birds fly up to 600 km away from here each day in search of carrion, and establish a net over the landscape.  When one sees a source of food on the ground, it starts to circle downwards, which then attracts the adjoining vultures from several kilometres away to move into their vacated airspace and descend themselves.  In that way, vultures from many many kilometres around are drawn in &amp;quot;like water down a plughole&amp;quot; according to the book, which explains why you end up with scores of vultures descending on a dead cow!  Amazing, innit?</FreeText>
    <MediaName>Vulture</MediaName>
    <FileFormat>image/jpeg</FileFormat>
    <MetaTag type="xsd:string" name="UserTag">Griffonvulture</MetaTag>
    <MetaTag type="xsd:string" name="UserTag">Sierradegrazalema</MetaTag>
    <MetaTag type="xsd:string" name="UserTag">Gargantaverde</MetaTag>
    <MetaTag type="xsd:string" name="UserTag">Vultures</MetaTag>
    <MetaTag type="xsd:string" name="UserTag">Birdsofpreycarrionbirds</MetaTag>
    <MetaTag type="xsd:string" name="UserTag">Flickrgolfclub</MetaTag>
    <MediaLocator>
     <MediaUri>http://farm3.staticflickr.com/2255/2595304621_10b0421a1b_b.jpg</MediaUri>
     <MediaPreview>http://farm3.staticflickr.com/2255/2595304621_10b0421a1b_s.jpg</MediaPreview>
    </MediaLocator>
    <MediaCreationInformation>
     <Author>
      <Name>Robert C.</Name>
     </Author>
     <Licensing>All Rights Reserved</Licensing>
    </MediaCreationInformation>
    <Size>451584</Size>
   </MultimediaContent>
   <RealWorldInfo>
    <MetadataUri filetype="rwml">Vulture_8.rwml</MetadataUri>
   </RealWorldInfo>
  </ContentObjectTypes>
  <Tags>
   <MetaTag type="xsd:string" name="UserTag">Griffonvulture</MetaTag>
   <MetaTag type="xsd:string" name="UserTag">Sierradegrazalema</MetaTag>
   <MetaTag type="xsd:string" name="UserTag">Gargantaverde</MetaTag>
   <MetaTag type="xsd:string" name="UserTag">Vultures</MetaTag>
   <MetaTag type="xsd:string" name="UserTag">Birdsofpreycarrionbirds</MetaTag>
   <MetaTag type="xsd:string" name="UserTag">Flickrgolfclub</MetaTag>
   <MetaTag type="xsd:string" name="Category">01 Bird</MetaTag>
  </Tags>
 </Header>
 <Description>
  <L_Descriptor type="ImageType">
   <MediaName>Vulture</MediaName>
   <ImageDescription matching="L2Distance" type="SIFT">
    <LowLevelDescriptor descriptorType="xsd:float" totalNumOfDescriptors="8168" descriptorSize="1021">
     <Store type="text">
      <DescriptorLocator>
       <DescriptorUri>http://vcl.iti.gr/is/UC/descr/2D/80000000-8000-0000-F000-0000800001E5.imgdescr</DescriptorUri>
      </DescriptorLocator>
     </Store>
    </LowLevelDescriptor>
   </ImageDescription>
  </L_Descriptor>
 </Description>
</RUCoD>
