<?xml version='1.0' encoding='UTF-8'?>
<RUCoD xmlns:xsi="http://www.w3.org/2001/XMLSchema-instance" xmlns="http://www.isearch-project.eu/isearch/RUCoD" xmlns:gml="http://www.opengis.net/gml" xmlns:xsd="http://www.w3.org/2001/XMLSchema">
 <Header>
  <ContentObjectType>Multimedia Collection</ContentObjectType>
  <ContentObjectName xml:lang="en-US">Angel Fish</ContentObjectName>
  <ContentObjectID>80000000-8000-0000-F000-0000800001EA</ContentObjectID>
  <ContentObjectVersion>1</ContentObjectVersion>
  <ContentObjectCreationInformation>
   <Creator>
    <Name>CoFetch Script</Name>
   </Creator>
   <Contributor>
    <Name>HS Fulda</Name>
   </Contributor>
   <Contributor>
    <Name>Google</Name>
   </Contributor>
   <Contributor>
    <Name>flickr.com</Name>
   </Contributor>
   <Contributor>
    <Name>wikipedia.org</Name>
   </Contributor>
   <Contributor>
    <Name>freesound.org</Name>
   </Contributor>
   <Contributor>
    <Name>wunderground.com</Name>
   </Contributor>
   <Contributor>
    <Name>youtube.com</Name>
   </Contributor>
  </ContentObjectCreationInformation>
  <ContentObjectTypes>
   <MultimediaContent type="ImageType">
    <MediaName>angel fish</MediaName>
    <FileFormat>image/jpeg</FileFormat>
    <MetaTag type="xsd:string" name="UserTag">Maldives</MetaTag>
    <MetaTag type="xsd:string" name="UserTag">Maldive</MetaTag>
    <MetaTag type="xsd:string" name="UserTag">January2007</MetaTag>
    <MetaTag type="xsd:string" name="UserTag">Scuba</MetaTag>
    <MetaTag type="xsd:string" name="UserTag">Underwater</MetaTag>
    <MetaTag type="xsd:string" name="UserTag">Diving</MetaTag>
    <MetaTag type="xsd:string" name="UserTag">Subacquea</MetaTag>
    <MetaTag type="xsd:string" name="UserTag">Angelfish</MetaTag>
    <MediaLocator>
     <MediaUri>http://farm2.staticflickr.com/1071/1392227068_2fc22d6f66_z.jpg?zz=1</MediaUri>
     <MediaPreview>http://farm2.staticflickr.com/1071/1392227068_2fc22d6f66_s.jpg</MediaPreview>
    </MediaLocator>
    <MediaCreationInformation>
     <Author>
      <Name>tempodalupi</Name>
     </Author>
     <Licensing>All Rights Reserved</Licensing>
    </MediaCreationInformation>
    <Size>184320</Size>
   </MultimediaContent>
   <RealWorldInfo>
    <MetadataUri filetype="rwml">Angel_Fish_12.rwml</MetadataUri>
   </RealWorldInfo>
  </ContentObjectTypes>
  <Tags>
   <MetaTag type="xsd:string" name="UserTag">Maldives</MetaTag>
   <MetaTag type="xsd:string" name="UserTag">Maldive</MetaTag>
   <MetaTag type="xsd:string" name="UserTag">January2007</MetaTag>
   <MetaTag type="xsd:string" name="UserTag">Scuba</MetaTag>
   <MetaTag type="xsd:string" name="UserTag">Underwater</MetaTag>
   <MetaTag type="xsd:string" name="UserTag">Diving</MetaTag>
   <MetaTag type="xsd:string" name="UserTag">Subacquea</MetaTag>
   <MetaTag type="xsd:string" name="UserTag">Angelfish</MetaTag>
   <MetaTag type="xsd:string" name="Category">02 Fish</MetaTag>
  </Tags>
 </Header>
 <Description>
  <L_Descriptor type="ImageType">
   <MediaName>angel fish</MediaName>
   <ImageDescription matching="L2Distance" type="SIFT">
    <LowLevelDescriptor descriptorType="xsd:float" totalNumOfDescriptors="8168" descriptorSize="1021">
     <Store type="text">
      <DescriptorLocator>
       <DescriptorUri>http://vcl.iti.gr/is/UC/descr/2D/80000000-8000-0000-F000-0000800001EA.imgdescr</DescriptorUri>
      </DescriptorLocator>
     </Store>
    </LowLevelDescriptor>
   </ImageDescription>
  </L_Descriptor>
 </Description>
</RUCoD>
