<?xml version='1.0' encoding='UTF-8'?>
<RUCoD xmlns:xsi="http://www.w3.org/2001/XMLSchema-instance" xmlns="http://www.isearch-project.eu/isearch/RUCoD" xmlns:gml="http://www.opengis.net/gml" xmlns:xsd="http://www.w3.org/2001/XMLSchema">
 <Header>
  <ContentObjectType>Multimedia Collection</ContentObjectType>
  <ContentObjectName xml:lang="en-US">Angel Fish</ContentObjectName>
  <ContentObjectID>80000000-8000-0000-F000-0000800001F3</ContentObjectID>
  <ContentObjectVersion>1</ContentObjectVersion>
  <ContentObjectCreationInformation>
   <Creator>
    <Name>CoFetch Script</Name>
   </Creator>
   <Contributor>
    <Name>HS Fulda</Name>
   </Contributor>
   <Contributor>
    <Name>Google</Name>
   </Contributor>
   <Contributor>
    <Name>flickr.com</Name>
   </Contributor>
   <Contributor>
    <Name>wikipedia.org</Name>
   </Contributor>
   <Contributor>
    <Name>freesound.org</Name>
   </Contributor>
   <Contributor>
    <Name>wunderground.com</Name>
   </Contributor>
   <Contributor>
    <Name>youtube.com</Name>
   </Contributor>
  </ContentObjectCreationInformation>
  <ContentObjectTypes>
   <MultimediaContent type="ImageType">
    <FreeText>For more information about Diving in Nuweiba, please visit our website - &lt;a href="http://www.redseaexplorer.com/nuweiba/" rel="nofollow">www.redseaexplorer.com/nuweiba/&lt;/a>Image may be used providing you link back to our website - &lt;a href="http://www.redseaexplorer.com/nuweiba/" rel="nofollow">www.redseaexplorer.com/nuweiba/&lt;/a></FreeText>
    <MediaName>Juvenile Emperor Angel Fish</MediaName>
    <FileFormat>image/jpeg</FileFormat>
    <MetaTag type="xsd:string" name="UserTag">Redsea</MetaTag>
    <MetaTag type="xsd:string" name="UserTag">Egypt</MetaTag>
    <MetaTag type="xsd:string" name="UserTag">Sinai</MetaTag>
    <MetaTag type="xsd:string" name="UserTag">Emperorangelfish</MetaTag>
    <MetaTag type="xsd:string" name="UserTag">Juvenile</MetaTag>
    <MetaTag type="xsd:string" name="UserTag">Angelfish</MetaTag>
    <MediaLocator>
     <MediaUri>http://farm4.staticflickr.com/3614/3642238712_7878cd0b65_b.jpg</MediaUri>
     <MediaPreview>http://farm4.staticflickr.com/3614/3642238712_7878cd0b65_s.jpg</MediaPreview>
    </MediaLocator>
    <MediaCreationInformation>
     <Author>
      <Name>Rob</Name>
     </Author>
     <Licensing>Attribution License</Licensing>
    </MediaCreationInformation>
    <Size>503194</Size>
   </MultimediaContent>
   <RealWorldInfo>
    <MetadataUri filetype="rwml">Angel_Fish_20.rwml</MetadataUri>
   </RealWorldInfo>
  </ContentObjectTypes>
  <Tags>
   <MetaTag type="xsd:string" name="UserTag">Redsea</MetaTag>
   <MetaTag type="xsd:string" name="UserTag">Egypt</MetaTag>
   <MetaTag type="xsd:string" name="UserTag">Sinai</MetaTag>
   <MetaTag type="xsd:string" name="UserTag">Emperorangelfish</MetaTag>
   <MetaTag type="xsd:string" name="UserTag">Juvenile</MetaTag>
   <MetaTag type="xsd:string" name="UserTag">Angelfish</MetaTag>
   <MetaTag type="xsd:string" name="Category">02 Fish</MetaTag>
  </Tags>
 </Header>
 <Description>
  <L_Descriptor type="ImageType">
   <MediaName>Juvenile Emperor Angel Fish</MediaName>
   <ImageDescription matching="L2Distance" type="SIFT">
    <LowLevelDescriptor descriptorType="xsd:float" totalNumOfDescriptors="8168" descriptorSize="1021">
     <Store type="text">
      <DescriptorLocator>
       <DescriptorUri>http://vcl.iti.gr/is/UC/descr/2D/80000000-8000-0000-F000-0000800001F3.imgdescr</DescriptorUri>
      </DescriptorLocator>
     </Store>
    </LowLevelDescriptor>
   </ImageDescription>
  </L_Descriptor>
 </Description>
</RUCoD>
