<?xml version='1.0' encoding='UTF-8'?>
<RUCoD xmlns:xsi="http://www.w3.org/2001/XMLSchema-instance" xmlns="http://www.isearch-project.eu/isearch/RUCoD" xmlns:gml="http://www.opengis.net/gml" xmlns:xsd="http://www.w3.org/2001/XMLSchema">
 <Header>
  <ContentObjectType>Multimedia Collection</ContentObjectType>
  <ContentObjectName xml:lang="en-US">Angel Fish</ContentObjectName>
  <ContentObjectID>80000000-8000-0000-F000-0000800001F2</ContentObjectID>
  <ContentObjectVersion>1</ContentObjectVersion>
  <ContentObjectCreationInformation>
   <Creator>
    <Name>CoFetch Script</Name>
   </Creator>
   <Contributor>
    <Name>HS Fulda</Name>
   </Contributor>
   <Contributor>
    <Name>Google</Name>
   </Contributor>
   <Contributor>
    <Name>flickr.com</Name>
   </Contributor>
   <Contributor>
    <Name>wikipedia.org</Name>
   </Contributor>
   <Contributor>
    <Name>freesound.org</Name>
   </Contributor>
   <Contributor>
    <Name>wunderground.com</Name>
   </Contributor>
   <Contributor>
    <Name>youtube.com</Name>
   </Contributor>
  </ContentObjectCreationInformation>
  <ContentObjectTypes>
   <MultimediaContent type="Object3D">
    <FreeText>Green Flame Angel Fish. One straight , one bend.</FreeText>
    <MediaName>Green Flame Angel</MediaName>
    <MetaTag type="xsd:string" name="UserTag">Fish</MetaTag>
    <MediaLocator>
     <MediaUri>http://sketchup.google.com/3dwarehouse/download?mid=d173a6a99f55ee153832b8e95e8e47cb&amp;rtyp=zip&amp;fn=Green+Flame+Angel&amp;ctyp=other&amp;ts=1264690692000&amp;ct=gd</MediaUri>
     <MediaPreview>http://sketchup.google.com/3dwarehouse/download?mid=d173a6a99f55ee153832b8e95e8e47cb&amp;rtyp=lt&amp;ctyp=other&amp;ts=1264690692000&amp;ct=gd</MediaPreview>
    </MediaLocator>
    <MediaCreationInformation>
     <Author>
      <Name>posodrac (http://sketchup.google.com/3dwarehouse/search?uq=0241385533478433064506954&amp;scoring=m&amp;ct=gd)</Name>
     </Author>
     <Licensing>Google 3D Warehouse License</Licensing>
    </MediaCreationInformation>
    <Size>105044</Size>
   </MultimediaContent>
   <MultimediaContent type="ImageType">
    <MediaName>Angel Fish</MediaName>
    <FileFormat>image/jpeg</FileFormat>
    <MetaTag type="xsd:string" name="UserTag">Underwater</MetaTag>
    <MetaTag type="xsd:string" name="UserTag">Bonaire</MetaTag>
    <MetaTag type="xsd:string" name="UserTag">Fish</MetaTag>
    <MetaTag type="xsd:string" name="UserTag">Scuba</MetaTag>
    <MetaTag type="xsd:string" name="UserTag">Diving</MetaTag>
    <MediaLocator>
     <MediaUri>http://farm4.staticflickr.com/3119/2779425742_f71e59c002_z.jpg?zz=1</MediaUri>
     <MediaPreview>http://farm4.staticflickr.com/3119/2779425742_f71e59c002_s.jpg</MediaPreview>
    </MediaLocator>
    <MediaCreationInformation>
     <Author>
      <Name>JaredHj</Name>
     </Author>
     <Licensing>All Rights Reserved</Licensing>
    </MediaCreationInformation>
    <Size>183936</Size>
   </MultimediaContent>
   <MultimediaContent type="VideoType">
    <FreeText>My son found this Juvenile Emperor Angelfish at Pau Pau Beach in Saipan. saipanpictures.blogspot.com</FreeText>
    <MediaName>Juvenile Emperor Angelfish</MediaName>
    <MetaTag type="xsd:string" name="UserTag">People</MetaTag>
    <MetaTag type="xsd:string" name="UserTag">Saipan</MetaTag>
    <MetaTag type="xsd:string" name="UserTag">Juvenile</MetaTag>
    <MetaTag type="xsd:string" name="UserTag">Emperor</MetaTag>
    <MetaTag type="xsd:string" name="UserTag">Angelfish</MetaTag>
    <MetaTag type="xsd:string" name="UserTag">Colorful</MetaTag>
    <MetaTag type="xsd:string" name="UserTag">Fish</MetaTag>
    <MediaLocator>
     <MediaUri>https://www.youtube.com/watch?v=OJ2LaY3XKao</MediaUri>
     <MediaPreview>http://i.ytimg.com/vi/OJ2LaY3XKao/default.jpg</MediaPreview>
    </MediaLocator>
    <MediaCreationInformation>
     <Author>
      <Name>SaipanPictures</Name>
     </Author>
     <Licensing>All right reserved</Licensing>
    </MediaCreationInformation>
    <MediaTime>23</MediaTime>
   </MultimediaContent>
   <RealWorldInfo>
    <MetadataUri filetype="rwml">Angel_Fish_1.rwml</MetadataUri>
   </RealWorldInfo>
  </ContentObjectTypes>
  <Tags>
   <MetaTag type="xsd:string" name="UserTag">Fish</MetaTag>
   <MetaTag type="xsd:string" name="UserTag">Underwater</MetaTag>
   <MetaTag type="xsd:string" name="UserTag">Bonaire</MetaTag>
   <MetaTag type="xsd:string" name="UserTag">Scuba</MetaTag>
   <MetaTag type="xsd:string" name="UserTag">Diving</MetaTag>
   <MetaTag type="xsd:string" name="UserTag">People</MetaTag>
   <MetaTag type="xsd:string" name="UserTag">Saipan</MetaTag>
   <MetaTag type="xsd:string" name="UserTag">Juvenile</MetaTag>
   <MetaTag type="xsd:string" name="UserTag">Emperor</MetaTag>
   <MetaTag type="xsd:string" name="UserTag">Angelfish</MetaTag>
   <MetaTag type="xsd:string" name="UserTag">Colorful</MetaTag>
   <MetaTag type="xsd:string" name="Category">02 Fish</MetaTag>
  </Tags>
 </Header>
 <Description>
  <L_Descriptor type="ImageType">
   <MediaName>Angel Fish</MediaName>
   <ImageDescription matching="L2Distance" type="SIFT">
    <LowLevelDescriptor descriptorType="xsd:float" totalNumOfDescriptors="8168" descriptorSize="1021">
     <Store type="text">
      <DescriptorLocator>
       <DescriptorUri>http://vcl.iti.gr/is/UC/descr/2D/80000000-8000-0000-F000-0000800001F2.imgdescr</DescriptorUri>
      </DescriptorLocator>
     </Store>
    </LowLevelDescriptor>
   </ImageDescription>
  </L_Descriptor>
  <L_Descriptor type="Object3D">
   <MediaName>Green Flame Angel</MediaName>
   <Shape3DDescription matching="MultiViewL2" type="CMVD">
    <LowLevelDescriptor descriptorType="xsd:float" totalNumOfDescriptors="212" descriptorSize="3816" totalNumOfViews="18">
     <Store type="text">
      <DescriptorLocator>
       <DescriptorUri>http://vcl.iti.gr/is/UC/descr/3D/80000000-8000-0000-F000-0000800001F2.zip.txt</DescriptorUri>
      </DescriptorLocator>
     </Store>
    </LowLevelDescriptor>
   </Shape3DDescription>
  </L_Descriptor>
 </Description>
</RUCoD>
