<?xml version='1.0' encoding='UTF-8'?>
<RUCoD xmlns:xsi="http://www.w3.org/2001/XMLSchema-instance" xmlns="http://www.isearch-project.eu/isearch/RUCoD" xmlns:gml="http://www.opengis.net/gml" xmlns:xsd="http://www.w3.org/2001/XMLSchema">
 <Header>
  <ContentObjectType>Multimedia Collection</ContentObjectType>
  <ContentObjectName xml:lang="en-US">Angel Fish</ContentObjectName>
  <ContentObjectID>80000000-8000-0000-F000-0000800001F5</ContentObjectID>
  <ContentObjectVersion>1</ContentObjectVersion>
  <ContentObjectCreationInformation>
   <Creator>
    <Name>CoFetch Script</Name>
   </Creator>
   <Contributor>
    <Name>HS Fulda</Name>
   </Contributor>
   <Contributor>
    <Name>Google</Name>
   </Contributor>
   <Contributor>
    <Name>flickr.com</Name>
   </Contributor>
   <Contributor>
    <Name>wikipedia.org</Name>
   </Contributor>
   <Contributor>
    <Name>freesound.org</Name>
   </Contributor>
   <Contributor>
    <Name>wunderground.com</Name>
   </Contributor>
   <Contributor>
    <Name>youtube.com</Name>
   </Contributor>
  </ContentObjectCreationInformation>
  <ContentObjectTypes>
   <MultimediaContent type="Object3D">
    <FreeText>The emperor angelfish is a type of species of marine angelfish that lives in the indo-pacific oceans from the Red Sea to  Hawaii. Juveniles have bluish black pigmentation while Adults have horizontal yellow and black stripes</FreeText>
    <MediaName>adult emperor angelfish</MediaName>
    <MetaTag type="xsd:string" name="UserTag">Fish</MetaTag>
    <MediaLocator>
     <MediaUri>http://sketchup.google.com/3dwarehouse/download?mid=2923d7e70e6deffc294ec8d644dba139&amp;rtyp=zip&amp;fn=angelfish&amp;ctyp=other&amp;ts=1230775206000&amp;ct=gd</MediaUri>
     <MediaPreview>http://sketchup.google.com/3dwarehouse/download?mid=2923d7e70e6deffc294ec8d644dba139&amp;rtyp=lt&amp;ctyp=other&amp;ts=1230775206000&amp;ct=gd</MediaPreview>
    </MediaLocator>
    <MediaCreationInformation>
     <Author>
      <Name>Dolphin674 (http://sketchup.google.com/3dwarehouse/search?uq=1693057170380180895157239&amp;scoring=m&amp;ct=gd)</Name>
     </Author>
     <Licensing>Google 3D Warehouse License</Licensing>
    </MediaCreationInformation>
    <Size>163881</Size>
   </MultimediaContent>
   <MultimediaContent type="ImageType">
    <FreeText>St John USVI - Honeymoon beach</FreeText>
    <MediaName>Angel Fish</MediaName>
    <FileFormat>image/jpeg</FileFormat>
    <MetaTag type="xsd:string" name="UserTag">Underwater</MetaTag>
    <MetaTag type="xsd:string" name="UserTag">Fish</MetaTag>
    <MediaLocator>
     <MediaUri>http://farm4.staticflickr.com/3386/3437932608_90c1dac2be_b.jpg</MediaUri>
     <MediaPreview>http://farm4.staticflickr.com/3386/3437932608_90c1dac2be_s.jpg</MediaPreview>
    </MediaLocator>
    <MediaCreationInformation>
     <Author>
      <Name>John Grana</Name>
     </Author>
     <Licensing>All Rights Reserved</Licensing>
    </MediaCreationInformation>
    <Size>471860</Size>
   </MultimediaContent>
   <MultimediaContent type="VideoType">
    <FreeText>Artist RenYen. Computer painted digital art marine fish underwater photoshop painting using brushes filters dodge burn tools lens flare layers blend. www.renyen.com</FreeText>
    <MediaName>Deep Blue Towards The Light Above, computer digital art painting imitating watercolor acrylic</MediaName>
    <MetaTag type="xsd:string" name="UserTag">Film</MetaTag>
    <MetaTag type="xsd:string" name="UserTag">Computer</MetaTag>
    <MetaTag type="xsd:string" name="UserTag">Painting</MetaTag>
    <MetaTag type="xsd:string" name="UserTag">Photoshop</MetaTag>
    <MetaTag type="xsd:string" name="UserTag">Artist</MetaTag>
    <MetaTag type="xsd:string" name="UserTag">Slideshow</MetaTag>
    <MetaTag type="xsd:string" name="UserTag">Photostory</MetaTag>
    <MediaLocator>
     <MediaUri>https://www.youtube.com/watch?v=Ve-OYaqgKGs</MediaUri>
     <MediaPreview>http://i.ytimg.com/vi/Ve-OYaqgKGs/default.jpg</MediaPreview>
    </MediaLocator>
    <MediaCreationInformation>
     <Author>
      <Name>renyenhawaii</Name>
     </Author>
     <Licensing>All right reserved</Licensing>
    </MediaCreationInformation>
    <MediaTime>121</MediaTime>
   </MultimediaContent>
   <RealWorldInfo>
    <MetadataUri filetype="rwml">Angel_Fish_2.rwml</MetadataUri>
   </RealWorldInfo>
  </ContentObjectTypes>
  <Tags>
   <MetaTag type="xsd:string" name="UserTag">Fish</MetaTag>
   <MetaTag type="xsd:string" name="UserTag">Underwater</MetaTag>
   <MetaTag type="xsd:string" name="UserTag">Film</MetaTag>
   <MetaTag type="xsd:string" name="UserTag">Computer</MetaTag>
   <MetaTag type="xsd:string" name="UserTag">Painting</MetaTag>
   <MetaTag type="xsd:string" name="UserTag">Photoshop</MetaTag>
   <MetaTag type="xsd:string" name="UserTag">Artist</MetaTag>
   <MetaTag type="xsd:string" name="UserTag">Slideshow</MetaTag>
   <MetaTag type="xsd:string" name="UserTag">Photostory</MetaTag>
   <MetaTag type="xsd:string" name="Category">02 Fish</MetaTag>
  </Tags>
 </Header>
 <Description>
  <L_Descriptor type="ImageType">
   <MediaName>Angel Fish</MediaName>
   <ImageDescription matching="L2Distance" type="SIFT">
    <LowLevelDescriptor descriptorType="xsd:float" totalNumOfDescriptors="8168" descriptorSize="1021">
     <Store type="text">
      <DescriptorLocator>
       <DescriptorUri>http://vcl.iti.gr/is/UC/descr/2D/80000000-8000-0000-F000-0000800001F5.imgdescr</DescriptorUri>
      </DescriptorLocator>
     </Store>
    </LowLevelDescriptor>
   </ImageDescription>
  </L_Descriptor>
  <L_Descriptor type="Object3D">
   <MediaName>adult emperor angelfish</MediaName>
   <Shape3DDescription matching="MultiViewL2" type="CMVD">
    <LowLevelDescriptor descriptorType="xsd:float" totalNumOfDescriptors="212" descriptorSize="3816" totalNumOfViews="18">
     <Store type="text">
      <DescriptorLocator>
       <DescriptorUri>http://vcl.iti.gr/is/UC/descr/3D/80000000-8000-0000-F000-0000800001F5.zip.txt</DescriptorUri>
      </DescriptorLocator>
     </Store>
    </LowLevelDescriptor>
   </Shape3DDescription>
  </L_Descriptor>
 </Description>
</RUCoD>
