<?xml version='1.0' encoding='UTF-8'?>
<RUCoD xmlns:xsi="http://www.w3.org/2001/XMLSchema-instance" xmlns="http://www.isearch-project.eu/isearch/RUCoD" xmlns:gml="http://www.opengis.net/gml" xmlns:xsd="http://www.w3.org/2001/XMLSchema">
 <Header>
  <ContentObjectType>Multimedia Collection</ContentObjectType>
  <ContentObjectName xml:lang="en-US">Angel Fish</ContentObjectName>
  <ContentObjectID>80000000-8000-0000-F000-0000800001EF</ContentObjectID>
  <ContentObjectVersion>1</ContentObjectVersion>
  <ContentObjectCreationInformation>
   <Creator>
    <Name>CoFetch Script</Name>
   </Creator>
   <Contributor>
    <Name>HS Fulda</Name>
   </Contributor>
   <Contributor>
    <Name>Google</Name>
   </Contributor>
   <Contributor>
    <Name>flickr.com</Name>
   </Contributor>
   <Contributor>
    <Name>wikipedia.org</Name>
   </Contributor>
   <Contributor>
    <Name>freesound.org</Name>
   </Contributor>
   <Contributor>
    <Name>wunderground.com</Name>
   </Contributor>
   <Contributor>
    <Name>youtube.com</Name>
   </Contributor>
  </ContentObjectCreationInformation>
  <ContentObjectTypes>
   <MultimediaContent type="ImageType">
    <FreeText>You are free to use this image providing you link back to this page:&lt;a href="http://www.bigfiveexplorer.com/zanzibar" rel="nofollow">www.bigfiveexplorer.com/zanzibar&lt;/a></FreeText>
    <MediaName>French Angel Fish</MediaName>
    <FileFormat>image/jpeg</FileFormat>
    <MetaTag type="xsd:string" name="UserTag">Zanzibarscuba</MetaTag>
    <MetaTag type="xsd:string" name="UserTag">Zanzibardiving</MetaTag>
    <MetaTag type="xsd:string" name="UserTag">Zanzibardive</MetaTag>
    <MetaTag type="xsd:string" name="UserTag">Zanzibarreef</MetaTag>
    <MetaTag type="xsd:string" name="UserTag">Zanzibarunderwater</MetaTag>
    <MetaTag type="xsd:string" name="UserTag">Angelfish</MetaTag>
    <MetaTag type="xsd:string" name="UserTag">Frenchangelfish</MetaTag>
    <MediaLocator>
     <MediaUri>http://farm3.staticflickr.com/2708/4156188380_93036d6ecc_b.jpg</MediaUri>
     <MediaPreview>http://farm3.staticflickr.com/2708/4156188380_93036d6ecc_s.jpg</MediaPreview>
    </MediaLocator>
    <MediaCreationInformation>
     <Author>
      <Name>Rob</Name>
     </Author>
     <Licensing>Attribution License</Licensing>
    </MediaCreationInformation>
    <Size>471860</Size>
   </MultimediaContent>
   <RealWorldInfo>
    <MetadataUri filetype="rwml">Angel_Fish_17.rwml</MetadataUri>
   </RealWorldInfo>
  </ContentObjectTypes>
  <Tags>
   <MetaTag type="xsd:string" name="UserTag">Zanzibarscuba</MetaTag>
   <MetaTag type="xsd:string" name="UserTag">Zanzibardiving</MetaTag>
   <MetaTag type="xsd:string" name="UserTag">Zanzibardive</MetaTag>
   <MetaTag type="xsd:string" name="UserTag">Zanzibarreef</MetaTag>
   <MetaTag type="xsd:string" name="UserTag">Zanzibarunderwater</MetaTag>
   <MetaTag type="xsd:string" name="UserTag">Angelfish</MetaTag>
   <MetaTag type="xsd:string" name="UserTag">Frenchangelfish</MetaTag>
   <MetaTag type="xsd:string" name="Category">02 Fish</MetaTag>
  </Tags>
 </Header>
 <Description>
  <L_Descriptor type="ImageType">
   <MediaName>French Angel Fish</MediaName>
   <ImageDescription matching="L2Distance" type="SIFT">
    <LowLevelDescriptor descriptorType="xsd:float" totalNumOfDescriptors="8168" descriptorSize="1021">
     <Store type="text">
      <DescriptorLocator>
       <DescriptorUri>http://vcl.iti.gr/is/UC/descr/2D/80000000-8000-0000-F000-0000800001EF.imgdescr</DescriptorUri>
      </DescriptorLocator>
     </Store>
    </LowLevelDescriptor>
   </ImageDescription>
  </L_Descriptor>
 </Description>
</RUCoD>
