<?xml version='1.0' encoding='UTF-8'?>
<RUCoD xmlns:xsi="http://www.w3.org/2001/XMLSchema-instance" xmlns="http://www.isearch-project.eu/isearch/RUCoD" xmlns:gml="http://www.opengis.net/gml" xmlns:xsd="http://www.w3.org/2001/XMLSchema">
 <Header>
  <ContentObjectType>Multimedia Collection</ContentObjectType>
  <ContentObjectName xml:lang="en-US">Angel Fish</ContentObjectName>
  <ContentObjectID>80000000-8000-0000-F000-0000800001E9</ContentObjectID>
  <ContentObjectVersion>1</ContentObjectVersion>
  <ContentObjectCreationInformation>
   <Creator>
    <Name>CoFetch Script</Name>
   </Creator>
   <Contributor>
    <Name>HS Fulda</Name>
   </Contributor>
   <Contributor>
    <Name>Google</Name>
   </Contributor>
   <Contributor>
    <Name>flickr.com</Name>
   </Contributor>
   <Contributor>
    <Name>wikipedia.org</Name>
   </Contributor>
   <Contributor>
    <Name>freesound.org</Name>
   </Contributor>
   <Contributor>
    <Name>wunderground.com</Name>
   </Contributor>
   <Contributor>
    <Name>youtube.com</Name>
   </Contributor>
  </ContentObjectCreationInformation>
  <ContentObjectTypes>
   <MultimediaContent type="ImageType">
    <FreeText>Este peixe é um show não é?Foto tirada em Recife em Jan/2002, no naufrágio Pirapama! saudade de lá!A foto não foi mexida nem cortada :) só scaneada</FreeText>
    <MediaName>Angel Fish</MediaName>
    <FileFormat>image/jpeg</FileFormat>
    <MetaTag type="xsd:string" name="UserTag">Mergulho</MetaTag>
    <MetaTag type="xsd:string" name="UserTag">Dive</MetaTag>
    <MetaTag type="xsd:string" name="UserTag">Angelfish</MetaTag>
    <MetaTag type="xsd:string" name="UserTag">Fradereal</MetaTag>
    <MetaTag type="xsd:string" name="UserTag">Recife</MetaTag>
    <MetaTag type="xsd:string" name="UserTag">Naufrágio</MetaTag>
    <MetaTag type="xsd:string" name="UserTag">Pirapama</MetaTag>
    <MediaLocator>
     <MediaUri>http://farm1.staticflickr.com/1/131281877_acc4bac0b0_b.jpg</MediaUri>
     <MediaPreview>http://farm1.staticflickr.com/1/131281877_acc4bac0b0_s.jpg</MediaPreview>
    </MediaLocator>
    <MediaCreationInformation>
     <Author>
      <Name>Isabela Vistué</Name>
     </Author>
     <Licensing>All Rights Reserved</Licensing>
    </MediaCreationInformation>
    <Size>457114</Size>
   </MultimediaContent>
   <RealWorldInfo>
    <MetadataUri filetype="rwml">Angel_Fish_11.rwml</MetadataUri>
   </RealWorldInfo>
  </ContentObjectTypes>
  <Tags>
   <MetaTag type="xsd:string" name="UserTag">Mergulho</MetaTag>
   <MetaTag type="xsd:string" name="UserTag">Dive</MetaTag>
   <MetaTag type="xsd:string" name="UserTag">Angelfish</MetaTag>
   <MetaTag type="xsd:string" name="UserTag">Fradereal</MetaTag>
   <MetaTag type="xsd:string" name="UserTag">Recife</MetaTag>
   <MetaTag type="xsd:string" name="UserTag">Naufrágio</MetaTag>
   <MetaTag type="xsd:string" name="UserTag">Pirapama</MetaTag>
   <MetaTag type="xsd:string" name="Category">02 Fish</MetaTag>
  </Tags>
 </Header>
 <Description>
  <L_Descriptor type="ImageType">
   <MediaName>Angel Fish</MediaName>
   <ImageDescription matching="L2Distance" type="SIFT">
    <LowLevelDescriptor descriptorType="xsd:float" totalNumOfDescriptors="8168" descriptorSize="1021">
     <Store type="text">
      <DescriptorLocator>
       <DescriptorUri>http://vcl.iti.gr/is/UC/descr/2D/80000000-8000-0000-F000-0000800001E9.imgdescr</DescriptorUri>
      </DescriptorLocator>
     </Store>
    </LowLevelDescriptor>
   </ImageDescription>
  </L_Descriptor>
 </Description>
</RUCoD>
