<?xml version='1.0' encoding='UTF-8'?>
<RUCoD xmlns:xsi="http://www.w3.org/2001/XMLSchema-instance" xmlns="http://www.isearch-project.eu/isearch/RUCoD" xmlns:gml="http://www.opengis.net/gml" xmlns:xsd="http://www.w3.org/2001/XMLSchema">
 <Header>
  <ContentObjectType>Multimedia Collection</ContentObjectType>
  <ContentObjectName xml:lang="en-US">Angel Fish</ContentObjectName>
  <ContentObjectID>80000000-8000-0000-F000-0000800001F6</ContentObjectID>
  <ContentObjectVersion>1</ContentObjectVersion>
  <ContentObjectCreationInformation>
   <Creator>
    <Name>CoFetch Script</Name>
   </Creator>
   <Contributor>
    <Name>HS Fulda</Name>
   </Contributor>
   <Contributor>
    <Name>Google</Name>
   </Contributor>
   <Contributor>
    <Name>flickr.com</Name>
   </Contributor>
   <Contributor>
    <Name>wikipedia.org</Name>
   </Contributor>
   <Contributor>
    <Name>freesound.org</Name>
   </Contributor>
   <Contributor>
    <Name>wunderground.com</Name>
   </Contributor>
   <Contributor>
    <Name>youtube.com</Name>
   </Contributor>
  </ContentObjectCreationInformation>
  <ContentObjectTypes>
   <MultimediaContent type="ImageType">
    <FreeText>Our Koi Angel Fish strutting his stuff.  That's the heater tube in the background, reflecting a duplicate off the right side of the tank.</FreeText>
    <MediaName>Koi Angel Fish</MediaName>
    <FileFormat>image/jpeg</FileFormat>
    <MetaTag type="xsd:string" name="UserTag">Angel</MetaTag>
    <MetaTag type="xsd:string" name="UserTag">Fish</MetaTag>
    <MetaTag type="xsd:string" name="UserTag">Lansing</MetaTag>
    <MetaTag type="xsd:string" name="UserTag">Michigan</MetaTag>
    <MediaLocator>
     <MediaUri>http://farm1.staticflickr.com/20/88004817_60d042c275_b.jpg</MediaUri>
     <MediaPreview>http://farm1.staticflickr.com/20/88004817_60d042c275_s.jpg</MediaPreview>
    </MediaLocator>
    <MediaCreationInformation>
     <Author>
      <Name>Jason Allen</Name>
     </Author>
     <Licensing>All Rights Reserved</Licensing>
    </MediaCreationInformation>
    <Size>505037</Size>
   </MultimediaContent>
   <MultimediaContent type="VideoType">
    <FreeText>Juvenile Emperor Angel Fish The emperor angelfish, Pomacanthus imperator, is a species of marine angelfish. It is a reef-associated fish, native to the Indian and Pacific Oceans, from the Red Sea to Hawaii and the Austral Islands. Juvenile Emperor angelfish Juveniles are dark blue with electric blue and white rings; adults have yellow and blue stripes, with black around the eyes. It takes about four years for an emperor angelfish to acquire its adult colouring. They grow to 40 cm (15.75 in) in length. Juvenile to adult transition may not fully occur in an aquarium.</FreeText>
    <MediaName>Most Beautiful and Colorful Fish in the world</MediaName>
    <MetaTag type="xsd:string" name="UserTag">People</MetaTag>
    <MetaTag type="xsd:string" name="UserTag">Juvenile</MetaTag>
    <MetaTag type="xsd:string" name="UserTag">Emporer</MetaTag>
    <MetaTag type="xsd:string" name="UserTag">Angel</MetaTag>
    <MetaTag type="xsd:string" name="UserTag">Fish</MetaTag>
    <MetaTag type="xsd:string" name="UserTag">Emperor</MetaTag>
    <MetaTag type="xsd:string" name="UserTag">Most</MetaTag>
    <MediaLocator>
     <MediaUri>https://www.youtube.com/watch?v=OBJ_gHa3iNI</MediaUri>
     <MediaPreview>http://i.ytimg.com/vi/OBJ_gHa3iNI/default.jpg</MediaPreview>
    </MediaLocator>
    <MediaCreationInformation>
     <Author>
      <Name>claytonwest777</Name>
     </Author>
     <Licensing>All right reserved</Licensing>
    </MediaCreationInformation>
    <MediaTime>20</MediaTime>
   </MultimediaContent>
   <RealWorldInfo>
    <MetadataUri filetype="rwml">Angel_Fish_3.rwml</MetadataUri>
   </RealWorldInfo>
  </ContentObjectTypes>
  <Tags>
   <MetaTag type="xsd:string" name="UserTag">Angel</MetaTag>
   <MetaTag type="xsd:string" name="UserTag">Fish</MetaTag>
   <MetaTag type="xsd:string" name="UserTag">Lansing</MetaTag>
   <MetaTag type="xsd:string" name="UserTag">Michigan</MetaTag>
   <MetaTag type="xsd:string" name="UserTag">People</MetaTag>
   <MetaTag type="xsd:string" name="UserTag">Juvenile</MetaTag>
   <MetaTag type="xsd:string" name="UserTag">Emporer</MetaTag>
   <MetaTag type="xsd:string" name="UserTag">Emperor</MetaTag>
   <MetaTag type="xsd:string" name="UserTag">Most</MetaTag>
   <MetaTag type="xsd:string" name="Category">02 Fish</MetaTag>
  </Tags>
 </Header>
 <Description>
  <L_Descriptor type="ImageType">
   <MediaName>Koi Angel Fish</MediaName>
   <ImageDescription matching="L2Distance" type="SIFT">
    <LowLevelDescriptor descriptorType="xsd:float" totalNumOfDescriptors="8168" descriptorSize="1021">
     <Store type="text">
      <DescriptorLocator>
       <DescriptorUri>http://vcl.iti.gr/is/UC/descr/2D/80000000-8000-0000-F000-0000800001F6.imgdescr</DescriptorUri>
      </DescriptorLocator>
     </Store>
    </LowLevelDescriptor>
   </ImageDescription>
  </L_Descriptor>
 </Description>
</RUCoD>
