<?xml version='1.0' encoding='UTF-8'?>
<RUCoD xmlns:xsi="http://www.w3.org/2001/XMLSchema-instance" xmlns="http://www.isearch-project.eu/isearch/RUCoD" xmlns:gml="http://www.opengis.net/gml" xmlns:xsd="http://www.w3.org/2001/XMLSchema">
 <Header>
  <ContentObjectType>Multimedia Collection</ContentObjectType>
  <ContentObjectName xml:lang="en-US">Archerfish</ContentObjectName>
  <ContentObjectID>80000000-8000-0000-F000-0000800001FE</ContentObjectID>
  <ContentObjectVersion>1</ContentObjectVersion>
  <ContentObjectCreationInformation>
   <Creator>
    <Name>CoFetch Script</Name>
   </Creator>
   <Contributor>
    <Name>HS Fulda</Name>
   </Contributor>
   <Contributor>
    <Name>Google</Name>
   </Contributor>
   <Contributor>
    <Name>flickr.com</Name>
   </Contributor>
   <Contributor>
    <Name>wikipedia.org</Name>
   </Contributor>
   <Contributor>
    <Name>freesound.org</Name>
   </Contributor>
   <Contributor>
    <Name>wunderground.com</Name>
   </Contributor>
   <Contributor>
    <Name>youtube.com</Name>
   </Contributor>
  </ContentObjectCreationInformation>
  <ContentObjectTypes>
   <MultimediaContent type="ImageType">
    <FreeText>Archerfish&lt;i>Toxotes chatareus&lt;/i></FreeText>
    <MediaName>Archerfish</MediaName>
    <FileFormat>image/jpeg</FileFormat>
    <MetaTag type="xsd:string" name="UserTag">Usa</MetaTag>
    <MetaTag type="xsd:string" name="UserTag">Unitedstates</MetaTag>
    <MetaTag type="xsd:string" name="UserTag">Maryland</MetaTag>
    <MetaTag type="xsd:string" name="UserTag">Baltimore</MetaTag>
    <MetaTag type="xsd:string" name="UserTag">Theinnerharbor</MetaTag>
    <MetaTag type="xsd:string" name="UserTag">Innerharbor</MetaTag>
    <MetaTag type="xsd:string" name="UserTag">Thebaltimoreaquarium</MetaTag>
    <MetaTag type="xsd:string" name="UserTag">Baltimoreaquarium</MetaTag>
    <MediaLocator>
     <MediaUri>http://farm4.staticflickr.com/3043/2960543648_279c1e8308_b.jpg</MediaUri>
     <MediaPreview>http://farm4.staticflickr.com/3043/2960543648_279c1e8308_s.jpg</MediaPreview>
    </MediaLocator>
    <MediaCreationInformation>
     <Author>
      <Name>elrina753</Name>
     </Author>
     <Licensing>All Rights Reserved</Licensing>
    </MediaCreationInformation>
    <Size>419021</Size>
   </MultimediaContent>
   <RealWorldInfo>
    <MetadataUri filetype="rwml">Archerfish.rwml</MetadataUri>
   </RealWorldInfo>
  </ContentObjectTypes>
  <Tags>
   <MetaTag type="xsd:string" name="UserTag">Usa</MetaTag>
   <MetaTag type="xsd:string" name="UserTag">Unitedstates</MetaTag>
   <MetaTag type="xsd:string" name="UserTag">Maryland</MetaTag>
   <MetaTag type="xsd:string" name="UserTag">Baltimore</MetaTag>
   <MetaTag type="xsd:string" name="UserTag">Theinnerharbor</MetaTag>
   <MetaTag type="xsd:string" name="UserTag">Innerharbor</MetaTag>
   <MetaTag type="xsd:string" name="UserTag">Thebaltimoreaquarium</MetaTag>
   <MetaTag type="xsd:string" name="UserTag">Baltimoreaquarium</MetaTag>
   <MetaTag type="xsd:string" name="Category">02 Fish</MetaTag>
  </Tags>
 </Header>
 <Description>
  <L_Descriptor type="ImageType">
   <MediaName>Archerfish</MediaName>
   <ImageDescription matching="L2Distance" type="SIFT">
    <LowLevelDescriptor descriptorType="xsd:float" totalNumOfDescriptors="8168" descriptorSize="1021">
     <Store type="text">
      <DescriptorLocator>
       <DescriptorUri>http://vcl.iti.gr/is/UC/descr/2D/80000000-8000-0000-F000-0000800001FE.imgdescr</DescriptorUri>
      </DescriptorLocator>
     </Store>
    </LowLevelDescriptor>
   </ImageDescription>
  </L_Descriptor>
 </Description>
</RUCoD>
