<?xml version='1.0' encoding='UTF-8'?>
<RUCoD xmlns:xsi="http://www.w3.org/2001/XMLSchema-instance" xmlns="http://www.isearch-project.eu/isearch/RUCoD" xmlns:gml="http://www.opengis.net/gml" xmlns:xsd="http://www.w3.org/2001/XMLSchema">
 <Header>
  <ContentObjectType>Multimedia Collection</ContentObjectType>
  <ContentObjectName xml:lang="en-US">Barbel (Fish)</ContentObjectName>
  <ContentObjectID>80000000-8000-0000-F000-0000800001FF</ContentObjectID>
  <ContentObjectVersion>1</ContentObjectVersion>
  <ContentObjectCreationInformation>
   <Creator>
    <Name>CoFetch Script</Name>
   </Creator>
   <Contributor>
    <Name>HS Fulda</Name>
   </Contributor>
   <Contributor>
    <Name>Google</Name>
   </Contributor>
   <Contributor>
    <Name>flickr.com</Name>
   </Contributor>
   <Contributor>
    <Name>wikipedia.org</Name>
   </Contributor>
   <Contributor>
    <Name>freesound.org</Name>
   </Contributor>
   <Contributor>
    <Name>wunderground.com</Name>
   </Contributor>
   <Contributor>
    <Name>youtube.com</Name>
   </Contributor>
  </ContentObjectCreationInformation>
  <ContentObjectTypes>
   <MultimediaContent type="ImageType">
    <FreeText>The Hawaiian name for this fish, moano ukali ulua, translates to &amp;quot;goatfish with jack following&amp;quot;. This type of goatfish feeds on small fishes that it flushes out of the reef with its barbels. A jack (Bluefin Trevally) often follows to snap up any prey the goatfish misses. True to form, a young jack was following nearby.</FreeText>
    <MediaName>blue goatfish</MediaName>
    <FileFormat>image/jpeg</FileFormat>
    <MetaTag type="xsd:string" name="UserTag">Fish</MetaTag>
    <MetaTag type="xsd:string" name="UserTag">Sealife</MetaTag>
    <MetaTag type="xsd:string" name="UserTag">Marinelife</MetaTag>
    <MetaTag type="xsd:string" name="UserTag">Coralreef</MetaTag>
    <MetaTag type="xsd:string" name="UserTag">Pacificocean</MetaTag>
    <MetaTag type="xsd:string" name="UserTag">Bigisland</MetaTag>
    <MetaTag type="xsd:string" name="UserTag">Barryfackler</MetaTag>
    <MetaTag type="xsd:string" name="UserTag">Barronfackler</MetaTag>
    <MediaLocator>
     <MediaUri>http://farm6.staticflickr.com/5218/5457766664_2359365af0_b.jpg</MediaUri>
     <MediaPreview>http://farm6.staticflickr.com/5218/5457766664_2359365af0_s.jpg</MediaPreview>
    </MediaLocator>
    <MediaCreationInformation>
     <Author>
      <Name>Barry  Fackler</Name>
     </Author>
     <Licensing>All Rights Reserved</Licensing>
    </MediaCreationInformation>
    <Size>419636</Size>
   </MultimediaContent>
   <RealWorldInfo>
    <MetadataUri filetype="rwml">Barbel_Fish.rwml</MetadataUri>
   </RealWorldInfo>
  </ContentObjectTypes>
  <Tags>
   <MetaTag type="xsd:string" name="UserTag">Fish</MetaTag>
   <MetaTag type="xsd:string" name="UserTag">Sealife</MetaTag>
   <MetaTag type="xsd:string" name="UserTag">Marinelife</MetaTag>
   <MetaTag type="xsd:string" name="UserTag">Coralreef</MetaTag>
   <MetaTag type="xsd:string" name="UserTag">Pacificocean</MetaTag>
   <MetaTag type="xsd:string" name="UserTag">Bigisland</MetaTag>
   <MetaTag type="xsd:string" name="UserTag">Barryfackler</MetaTag>
   <MetaTag type="xsd:string" name="UserTag">Barronfackler</MetaTag>
   <MetaTag type="xsd:string" name="Category">02 Fish</MetaTag>
  </Tags>
 </Header>
 <Description>
  <L_Descriptor type="ImageType">
   <MediaName>blue goatfish</MediaName>
   <ImageDescription matching="L2Distance" type="SIFT">
    <LowLevelDescriptor descriptorType="xsd:float" totalNumOfDescriptors="8168" descriptorSize="1021">
     <Store type="text">
      <DescriptorLocator>
       <DescriptorUri>http://vcl.iti.gr/is/UC/descr/2D/80000000-8000-0000-F000-0000800001FF.imgdescr</DescriptorUri>
      </DescriptorLocator>
     </Store>
    </LowLevelDescriptor>
   </ImageDescription>
  </L_Descriptor>
 </Description>
</RUCoD>
