<?xml version='1.0' encoding='UTF-8'?>
<RUCoD xmlns:xsi="http://www.w3.org/2001/XMLSchema-instance" xmlns="http://www.isearch-project.eu/isearch/RUCoD" xmlns:gml="http://www.opengis.net/gml" xmlns:xsd="http://www.w3.org/2001/XMLSchema">
 <Header>
  <ContentObjectType>Multimedia Collection</ContentObjectType>
  <ContentObjectName xml:lang="en-US">Carp</ContentObjectName>
  <ContentObjectID>80000000-8000-0000-F000-000080000200</ContentObjectID>
  <ContentObjectVersion>1</ContentObjectVersion>
  <ContentObjectCreationInformation>
   <Creator>
    <Name>CoFetch Script</Name>
   </Creator>
   <Contributor>
    <Name>HS Fulda</Name>
   </Contributor>
   <Contributor>
    <Name>Google</Name>
   </Contributor>
   <Contributor>
    <Name>flickr.com</Name>
   </Contributor>
   <Contributor>
    <Name>wikipedia.org</Name>
   </Contributor>
   <Contributor>
    <Name>freesound.org</Name>
   </Contributor>
   <Contributor>
    <Name>wunderground.com</Name>
   </Contributor>
   <Contributor>
    <Name>youtube.com</Name>
   </Contributor>
  </ContentObjectCreationInformation>
  <ContentObjectTypes>
   <MultimediaContent type="Object3D">
    <FreeText>a mid size fish used for lots of things found in euroaisa</FreeText>
    <MediaName>koi carp</MediaName>
    <MetaTag type="xsd:string" name="UserTag">Carp</MetaTag>
    <MediaLocator>
     <MediaUri>http://sketchup.google.com/3dwarehouse/download?mid=f886eac7223e7e27967bf54a1f364120&amp;rtyp=zip&amp;fn=Untitled&amp;ctyp=other&amp;ts=1202489075000&amp;ct=gd</MediaUri>
     <MediaPreview>http://sketchup.google.com/3dwarehouse/download?mid=f886eac7223e7e27967bf54a1f364120&amp;rtyp=lt&amp;ctyp=other&amp;ts=1202489075000&amp;ct=gd</MediaPreview>
    </MediaLocator>
    <MediaCreationInformation>
     <Author>
      <Name>crab nebula stop shidika x give me five stars only (http://sketchup.google.com/3dwarehouse/search?uq=1793899362778084828862891&amp;scoring=m&amp;ct=gd)</Name>
     </Author>
     <Licensing>Google 3D Warehouse License</Licensing>
    </MediaCreationInformation>
    <Size>178319</Size>
   </MultimediaContent>
   <MultimediaContent type="ImageType">
    <FreeText>Carp caught with a Jig out of the Ohio River.Portsmouth, Ohio.</FreeText>
    <MediaName>Carp</MediaName>
    <FileFormat>image/jpeg</FileFormat>
    <MetaTag type="xsd:string" name="UserTag">Carp</MetaTag>
    <MetaTag type="xsd:string" name="UserTag">Ohioriver</MetaTag>
    <MetaTag type="xsd:string" name="UserTag">Portsmouthohio</MetaTag>
    <MetaTag type="xsd:string" name="UserTag">Clydemullins</MetaTag>
    <MediaLocator>
     <MediaUri>http://farm5.staticflickr.com/4057/4646649536_7affdd8f92_z.jpg</MediaUri>
     <MediaPreview>http://farm5.staticflickr.com/4057/4646649536_7affdd8f92_s.jpg</MediaPreview>
    </MediaLocator>
    <MediaCreationInformation>
     <Author>
      <Name>Trey Payton</Name>
     </Author>
     <Licensing>All Rights Reserved</Licensing>
    </MediaCreationInformation>
    <Size>184320</Size>
   </MultimediaContent>
   <MultimediaContent type="VideoType">
    <FreeText>Above an under water view of the release of a common carp with Ghost coloring caught 25_09_2009. Weight: 14.2kg, lenght 84cm</FreeText>
    <MediaName>Ghost carp 14.2kg release after catch</MediaName>
    <MetaTag type="xsd:string" name="UserTag">Animals</MetaTag>
    <MetaTag type="xsd:string" name="UserTag">Ghost carp</MetaTag>
    <MetaTag type="xsd:string" name="UserTag">Karper</MetaTag>
    <MetaTag type="xsd:string" name="UserTag">Carp</MetaTag>
    <MetaTag type="xsd:string" name="UserTag">Carp fishing</MetaTag>
    <MetaTag type="xsd:string" name="UserTag">Carp release</MetaTag>
    <MetaTag type="xsd:string" name="UserTag">Under water carp</MetaTag>
    <MediaLocator>
     <MediaUri>https://www.youtube.com/watch?v=TpxJ5tw0M6U</MediaUri>
     <MediaPreview>http://i.ytimg.com/vi/TpxJ5tw0M6U/default.jpg</MediaPreview>
    </MediaLocator>
    <MediaCreationInformation>
     <Author>
      <Name>riksken2</Name>
     </Author>
     <Licensing>All right reserved</Licensing>
    </MediaCreationInformation>
    <MediaTime>67</MediaTime>
   </MultimediaContent>
   <RealWorldInfo>
    <MetadataUri filetype="rwml">Carp_1.rwml</MetadataUri>
   </RealWorldInfo>
  </ContentObjectTypes>
  <Tags>
   <MetaTag type="xsd:string" name="UserTag">Carp</MetaTag>
   <MetaTag type="xsd:string" name="UserTag">Ohioriver</MetaTag>
   <MetaTag type="xsd:string" name="UserTag">Portsmouthohio</MetaTag>
   <MetaTag type="xsd:string" name="UserTag">Clydemullins</MetaTag>
   <MetaTag type="xsd:string" name="UserTag">Animals</MetaTag>
   <MetaTag type="xsd:string" name="UserTag">Ghost carp</MetaTag>
   <MetaTag type="xsd:string" name="UserTag">Karper</MetaTag>
   <MetaTag type="xsd:string" name="UserTag">Carp fishing</MetaTag>
   <MetaTag type="xsd:string" name="UserTag">Carp release</MetaTag>
   <MetaTag type="xsd:string" name="UserTag">Under water carp</MetaTag>
   <MetaTag type="xsd:string" name="Category">02 Fish</MetaTag>
  </Tags>
 </Header>
 <Description>
  <L_Descriptor type="ImageType">
   <MediaName>Carp</MediaName>
   <ImageDescription matching="L2Distance" type="SIFT">
    <LowLevelDescriptor descriptorType="xsd:float" totalNumOfDescriptors="8168" descriptorSize="1021">
     <Store type="text">
      <DescriptorLocator>
       <DescriptorUri>http://vcl.iti.gr/is/UC/descr/2D/80000000-8000-0000-F000-000080000200.imgdescr</DescriptorUri>
      </DescriptorLocator>
     </Store>
    </LowLevelDescriptor>
   </ImageDescription>
  </L_Descriptor>
  <L_Descriptor type="Object3D">
   <MediaName>koi carp</MediaName>
   <Shape3DDescription matching="MultiViewL2" type="CMVD">
    <LowLevelDescriptor descriptorType="xsd:float" totalNumOfDescriptors="212" descriptorSize="3816" totalNumOfViews="18">
     <Store type="text">
      <DescriptorLocator>
       <DescriptorUri>http://vcl.iti.gr/is/UC/descr/3D/80000000-8000-0000-F000-000080000200.zip.txt</DescriptorUri>
      </DescriptorLocator>
     </Store>
    </LowLevelDescriptor>
   </Shape3DDescription>
  </L_Descriptor>
 </Description>
</RUCoD>
