<?xml version='1.0' encoding='UTF-8'?>
<RUCoD xmlns:xsi="http://www.w3.org/2001/XMLSchema-instance" xmlns="http://www.isearch-project.eu/isearch/RUCoD" xmlns:gml="http://www.opengis.net/gml" xmlns:xsd="http://www.w3.org/2001/XMLSchema">
 <Header>
  <ContentObjectType>Multimedia Collection</ContentObjectType>
  <ContentObjectName xml:lang="en-US">Carp</ContentObjectName>
  <ContentObjectID>80000000-8000-0000-F000-000080000208</ContentObjectID>
  <ContentObjectVersion>1</ContentObjectVersion>
  <ContentObjectCreationInformation>
   <Creator>
    <Name>CoFetch Script</Name>
   </Creator>
   <Contributor>
    <Name>HS Fulda</Name>
   </Contributor>
   <Contributor>
    <Name>Google</Name>
   </Contributor>
   <Contributor>
    <Name>flickr.com</Name>
   </Contributor>
   <Contributor>
    <Name>wikipedia.org</Name>
   </Contributor>
   <Contributor>
    <Name>freesound.org</Name>
   </Contributor>
   <Contributor>
    <Name>wunderground.com</Name>
   </Contributor>
   <Contributor>
    <Name>youtube.com</Name>
   </Contributor>
  </ContentObjectCreationInformation>
  <ContentObjectTypes>
   <MultimediaContent type="Object3D">
    <FreeText>just quick model of a koi, better version will be uploaded later.</FreeText>
    <MediaName>Koi</MediaName>
    <MetaTag type="xsd:string" name="UserTag">Carp</MetaTag>
    <MediaLocator>
     <MediaUri>http://sketchup.google.com/3dwarehouse/download?mid=ef87644cf5ff02d262b0eb362a1a8f43&amp;rtyp=zip&amp;fn=Koi&amp;ctyp=other&amp;ts=1232924231000&amp;ct=gd</MediaUri>
     <MediaPreview>http://sketchup.google.com/3dwarehouse/download?mid=ef87644cf5ff02d262b0eb362a1a8f43&amp;rtyp=lt&amp;ctyp=other&amp;ts=1232924231000&amp;ct=gd</MediaPreview>
    </MediaLocator>
    <MediaCreationInformation>
     <Author>
      <Name>StarbucksDesigns (http://sketchup.google.com/3dwarehouse/search?uq=0075989372537478667747747&amp;scoring=m&amp;ct=gd)</Name>
     </Author>
     <Licensing>Google 3D Warehouse License</Licensing>
    </MediaCreationInformation>
    <Size>273827</Size>
   </MultimediaContent>
   <MultimediaContent type="ImageType">
    <MediaName>Carp, Under the Shenandoah, North Fork</MediaName>
    <FileFormat>image/jpeg</FileFormat>
    <MetaTag type="xsd:string" name="UserTag">Lumix</MetaTag>
    <MetaTag type="xsd:string" name="UserTag">Panasonic</MetaTag>
    <MetaTag type="xsd:string" name="UserTag">Ts3</MetaTag>
    <MetaTag type="xsd:string" name="UserTag">Carp</MetaTag>
    <MetaTag type="xsd:string" name="UserTag">Northfork</MetaTag>
    <MetaTag type="xsd:string" name="UserTag">Shenandoahriver</MetaTag>
    <MetaTag type="xsd:string" name="UserTag">Underwater</MetaTag>
    <MetaTag type="xsd:string" name="UserTag">Fish</MetaTag>
    <MediaLocator>
     <MediaUri>http://farm3.staticflickr.com/2595/5830923164_3f8f03af15_b.jpg</MediaUri>
     <MediaPreview>http://farm3.staticflickr.com/2595/5830923164_3f8f03af15_s.jpg</MediaPreview>
    </MediaLocator>
    <MediaCreationInformation>
     <Author>
      <Name>Steven Johnson</Name>
     </Author>
     <Licensing>All Rights Reserved</Licensing>
    </MediaCreationInformation>
    <Size>543000</Size>
   </MultimediaContent>
   <MultimediaContent type="VideoType">
    <FreeText>все происходило в дельте Волги -60 км ниже Астрахани.Мы уже 5 лет туда ездим на все виды охоты . пишите все расскажу. Константин</FreeText>
    <MediaName>Carp underwater. Астраханская подводная охота! Сазаны!</MediaName>
    <MetaTag type="xsd:string" name="UserTag">Animals</MetaTag>
    <MetaTag type="xsd:string" name="UserTag">Сазаны</MetaTag>
    <MetaTag type="xsd:string" name="UserTag">Огромные</MetaTag>
    <MediaLocator>
     <MediaUri>https://www.youtube.com/watch?v=8gwKbn9f7BA</MediaUri>
     <MediaPreview>http://i.ytimg.com/vi/8gwKbn9f7BA/default.jpg</MediaPreview>
    </MediaLocator>
    <MediaCreationInformation>
     <Author>
      <Name>kon5545</Name>
     </Author>
     <Licensing>All right reserved</Licensing>
    </MediaCreationInformation>
    <MediaTime>43</MediaTime>
   </MultimediaContent>
   <RealWorldInfo>
    <MetadataUri filetype="rwml">Carp.rwml</MetadataUri>
   </RealWorldInfo>
  </ContentObjectTypes>
  <Tags>
   <MetaTag type="xsd:string" name="UserTag">Carp</MetaTag>
   <MetaTag type="xsd:string" name="UserTag">Lumix</MetaTag>
   <MetaTag type="xsd:string" name="UserTag">Panasonic</MetaTag>
   <MetaTag type="xsd:string" name="UserTag">Ts3</MetaTag>
   <MetaTag type="xsd:string" name="UserTag">Northfork</MetaTag>
   <MetaTag type="xsd:string" name="UserTag">Shenandoahriver</MetaTag>
   <MetaTag type="xsd:string" name="UserTag">Underwater</MetaTag>
   <MetaTag type="xsd:string" name="UserTag">Fish</MetaTag>
   <MetaTag type="xsd:string" name="UserTag">Animals</MetaTag>
   <MetaTag type="xsd:string" name="UserTag">Сазаны</MetaTag>
   <MetaTag type="xsd:string" name="UserTag">Огромные</MetaTag>
   <MetaTag type="xsd:string" name="Category">02 Fish</MetaTag>
  </Tags>
 </Header>
 <Description>
  <L_Descriptor type="ImageType">
   <MediaName>Carp, Under the Shenandoah, North Fork</MediaName>
   <ImageDescription matching="L2Distance" type="SIFT">
    <LowLevelDescriptor descriptorType="xsd:float" totalNumOfDescriptors="8168" descriptorSize="1021">
     <Store type="text">
      <DescriptorLocator>
       <DescriptorUri>http://vcl.iti.gr/is/UC/descr/2D/80000000-8000-0000-F000-000080000208.imgdescr</DescriptorUri>
      </DescriptorLocator>
     </Store>
    </LowLevelDescriptor>
   </ImageDescription>
  </L_Descriptor>
  <L_Descriptor type="Object3D">
   <MediaName>Koi</MediaName>
   <Shape3DDescription matching="MultiViewL2" type="CMVD">
    <LowLevelDescriptor descriptorType="xsd:float" totalNumOfDescriptors="212" descriptorSize="3816" totalNumOfViews="18">
     <Store type="text">
      <DescriptorLocator>
       <DescriptorUri>http://vcl.iti.gr/is/UC/descr/3D/80000000-8000-0000-F000-000080000208.zip.txt</DescriptorUri>
      </DescriptorLocator>
     </Store>
    </LowLevelDescriptor>
   </Shape3DDescription>
  </L_Descriptor>
 </Description>
</RUCoD>
