<?xml version='1.0' encoding='UTF-8'?>
<RUCoD xmlns:xsi="http://www.w3.org/2001/XMLSchema-instance" xmlns="http://www.isearch-project.eu/isearch/RUCoD" xmlns:gml="http://www.opengis.net/gml" xmlns:xsd="http://www.w3.org/2001/XMLSchema">
 <Header>
  <ContentObjectType>Multimedia Collection</ContentObjectType>
  <ContentObjectName xml:lang="en-US">Carp</ContentObjectName>
  <ContentObjectID>80000000-8000-0000-F000-000080000206</ContentObjectID>
  <ContentObjectVersion>1</ContentObjectVersion>
  <ContentObjectCreationInformation>
   <Creator>
    <Name>CoFetch Script</Name>
   </Creator>
   <Contributor>
    <Name>HS Fulda</Name>
   </Contributor>
   <Contributor>
    <Name>Google</Name>
   </Contributor>
   <Contributor>
    <Name>flickr.com</Name>
   </Contributor>
   <Contributor>
    <Name>wikipedia.org</Name>
   </Contributor>
   <Contributor>
    <Name>freesound.org</Name>
   </Contributor>
   <Contributor>
    <Name>wunderground.com</Name>
   </Contributor>
   <Contributor>
    <Name>youtube.com</Name>
   </Contributor>
  </ContentObjectCreationInformation>
  <ContentObjectTypes>
   <MultimediaContent type="ImageType">
    <FreeText>Carp are blamed for reducing native fish numbers. Negative impacts of carp include competition for food and habitats and effects on recruitment (population replenishment). The feeding methods of carp can uproot aquatic vegetation and muddy the water.See also: &lt;a href="http://new.dpi.vic.gov.au/fisheries/recreational-fishing/inland-angling-guide/fish-species/carp" rel="nofollow">new.dpi.vic.gov.au/fisheries/recreational-fishing/inland-...&lt;/a></FreeText>
    <MediaName>Carp found in waterways</MediaName>
    <FileFormat>image/jpeg</FileFormat>
    <MetaTag type="xsd:string" name="UserTag">Carp</MetaTag>
    <MetaTag type="xsd:string" name="UserTag">Pest</MetaTag>
    <MetaTag type="xsd:string" name="UserTag">Melbourne</MetaTag>
    <MetaTag type="xsd:string" name="UserTag">Australia</MetaTag>
    <MetaTag type="xsd:string" name="UserTag">River</MetaTag>
    <MetaTag type="xsd:string" name="UserTag">Waterway</MetaTag>
    <MediaLocator>
     <MediaUri>http://farm5.staticflickr.com/4078/4762008997_c89c55f784_b.jpg</MediaUri>
     <MediaPreview>http://farm5.staticflickr.com/4078/4762008997_c89c55f784_s.jpg</MediaPreview>
    </MediaLocator>
    <MediaCreationInformation>
     <Author>
      <Name>Melbourne Water</Name>
     </Author>
     <Licensing>Attribution-NonCommercial-NoDerivs License</Licensing>
    </MediaCreationInformation>
    <Size>471860</Size>
   </MultimediaContent>
   <RealWorldInfo>
    <MetadataUri filetype="rwml">Carp_8.rwml</MetadataUri>
   </RealWorldInfo>
  </ContentObjectTypes>
  <Tags>
   <MetaTag type="xsd:string" name="UserTag">Carp</MetaTag>
   <MetaTag type="xsd:string" name="UserTag">Pest</MetaTag>
   <MetaTag type="xsd:string" name="UserTag">Melbourne</MetaTag>
   <MetaTag type="xsd:string" name="UserTag">Australia</MetaTag>
   <MetaTag type="xsd:string" name="UserTag">River</MetaTag>
   <MetaTag type="xsd:string" name="UserTag">Waterway</MetaTag>
   <MetaTag type="xsd:string" name="Category">02 Fish</MetaTag>
  </Tags>
 </Header>
 <Description>
  <L_Descriptor type="ImageType">
   <MediaName>Carp found in waterways</MediaName>
   <ImageDescription matching="L2Distance" type="SIFT">
    <LowLevelDescriptor descriptorType="xsd:float" totalNumOfDescriptors="8168" descriptorSize="1021">
     <Store type="text">
      <DescriptorLocator>
       <DescriptorUri>http://vcl.iti.gr/is/UC/descr/2D/80000000-8000-0000-F000-000080000206.imgdescr</DescriptorUri>
      </DescriptorLocator>
     </Store>
    </LowLevelDescriptor>
   </ImageDescription>
  </L_Descriptor>
 </Description>
</RUCoD>
