<?xml version='1.0' encoding='UTF-8'?>
<RUCoD xmlns:xsi="http://www.w3.org/2001/XMLSchema-instance" xmlns="http://www.isearch-project.eu/isearch/RUCoD" xmlns:gml="http://www.opengis.net/gml" xmlns:xsd="http://www.w3.org/2001/XMLSchema">
 <Header>
  <ContentObjectType>Multimedia Collection</ContentObjectType>
  <ContentObjectName xml:lang="en-US">Carp</ContentObjectName>
  <ContentObjectID>80000000-8000-0000-F000-000080000201</ContentObjectID>
  <ContentObjectVersion>1</ContentObjectVersion>
  <ContentObjectCreationInformation>
   <Creator>
    <Name>CoFetch Script</Name>
   </Creator>
   <Contributor>
    <Name>HS Fulda</Name>
   </Contributor>
   <Contributor>
    <Name>Google</Name>
   </Contributor>
   <Contributor>
    <Name>flickr.com</Name>
   </Contributor>
   <Contributor>
    <Name>wikipedia.org</Name>
   </Contributor>
   <Contributor>
    <Name>freesound.org</Name>
   </Contributor>
   <Contributor>
    <Name>wunderground.com</Name>
   </Contributor>
   <Contributor>
    <Name>youtube.com</Name>
   </Contributor>
  </ContentObjectCreationInformation>
  <ContentObjectTypes>
   <MultimediaContent type="ImageType">
    <FreeText>Baby carp in the shallow water. Brigitte took this shot, came out quite nice I would say. </FreeText>
    <MediaName>Carp</MediaName>
    <FileFormat>image/jpeg</FileFormat>
    <MetaTag type="xsd:string" name="UserTag">Carp</MetaTag>
    <MetaTag type="xsd:string" name="UserTag">Flyfishing</MetaTag>
    <MetaTag type="xsd:string" name="UserTag">Lariver</MetaTag>
    <MetaTag type="xsd:string" name="UserTag">Warmwater</MetaTag>
    <MediaLocator>
     <MediaUri>http://farm5.staticflickr.com/4073/4736551913_fc123c3f30_b.jpg</MediaUri>
     <MediaPreview>http://farm5.staticflickr.com/4073/4736551913_fc123c3f30_s.jpg</MediaPreview>
    </MediaLocator>
    <MediaCreationInformation>
     <Author>
      <Name>Benjamin 1970</Name>
     </Author>
     <Licensing>All Rights Reserved</Licensing>
    </MediaCreationInformation>
    <Size>501351</Size>
   </MultimediaContent>
   <MultimediaContent type="VideoType">
    <FreeText>5 minutes of breathtaking, underwater action captured in my Koi pond on June 2, 2009. Recorded using the Lorex CVS1000 submersible camera. The cost of camera was $200 and has contributed that much fun already. You will see three different kinds of fish - Koi, (kin to carp and weighing as much as 15 pounds, - Comets about hand size and essentially big gold fish - mosquito fish quite small but you may see a few. The pond is fairly large at 6000 gallons and about 25 feet long.</FreeText>
    <MediaName>Monster Koi captured by underwater camera</MediaName>
    <MetaTag type="xsd:string" name="UserTag">Entertainment</MetaTag>
    <MetaTag type="xsd:string" name="UserTag">Koi</MetaTag>
    <MetaTag type="xsd:string" name="UserTag">Comet</MetaTag>
    <MetaTag type="xsd:string" name="UserTag">Fish</MetaTag>
    <MetaTag type="xsd:string" name="UserTag">Underwater</MetaTag>
    <MetaTag type="xsd:string" name="UserTag">Camera</MetaTag>
    <MetaTag type="xsd:string" name="UserTag">Pond</MetaTag>
    <MediaLocator>
     <MediaUri>https://www.youtube.com/watch?v=OjXYOj-Xiko</MediaUri>
     <MediaPreview>http://i.ytimg.com/vi/OjXYOj-Xiko/default.jpg</MediaPreview>
    </MediaLocator>
    <MediaCreationInformation>
     <Author>
      <Name>alexcomp99</Name>
     </Author>
     <Licensing>All right reserved</Licensing>
    </MediaCreationInformation>
    <MediaTime>296</MediaTime>
   </MultimediaContent>
   <RealWorldInfo>
    <MetadataUri filetype="rwml">Carp_3.rwml</MetadataUri>
   </RealWorldInfo>
  </ContentObjectTypes>
  <Tags>
   <MetaTag type="xsd:string" name="UserTag">Carp</MetaTag>
   <MetaTag type="xsd:string" name="UserTag">Flyfishing</MetaTag>
   <MetaTag type="xsd:string" name="UserTag">Lariver</MetaTag>
   <MetaTag type="xsd:string" name="UserTag">Warmwater</MetaTag>
   <MetaTag type="xsd:string" name="UserTag">Entertainment</MetaTag>
   <MetaTag type="xsd:string" name="UserTag">Koi</MetaTag>
   <MetaTag type="xsd:string" name="UserTag">Comet</MetaTag>
   <MetaTag type="xsd:string" name="UserTag">Fish</MetaTag>
   <MetaTag type="xsd:string" name="UserTag">Underwater</MetaTag>
   <MetaTag type="xsd:string" name="UserTag">Camera</MetaTag>
   <MetaTag type="xsd:string" name="UserTag">Pond</MetaTag>
   <MetaTag type="xsd:string" name="Category">02 Fish</MetaTag>
  </Tags>
 </Header>
 <Description>
  <L_Descriptor type="ImageType">
   <MediaName>Carp</MediaName>
   <ImageDescription matching="L2Distance" type="SIFT">
    <LowLevelDescriptor descriptorType="xsd:float" totalNumOfDescriptors="8168" descriptorSize="1021">
     <Store type="text">
      <DescriptorLocator>
       <DescriptorUri>http://vcl.iti.gr/is/UC/descr/2D/80000000-8000-0000-F000-000080000201.imgdescr</DescriptorUri>
      </DescriptorLocator>
     </Store>
    </LowLevelDescriptor>
   </ImageDescription>
  </L_Descriptor>
 </Description>
</RUCoD>
