<?xml version='1.0' encoding='UTF-8'?>
<RUCoD xmlns:xsi="http://www.w3.org/2001/XMLSchema-instance" xmlns="http://www.isearch-project.eu/isearch/RUCoD" xmlns:gml="http://www.opengis.net/gml" xmlns:xsd="http://www.w3.org/2001/XMLSchema">
 <Header>
  <ContentObjectType>Multimedia Collection</ContentObjectType>
  <ContentObjectName xml:lang="en-US">Catfish</ContentObjectName>
  <ContentObjectID>80000000-8000-0000-F000-00008000020A</ContentObjectID>
  <ContentObjectVersion>1</ContentObjectVersion>
  <ContentObjectCreationInformation>
   <Creator>
    <Name>CoFetch Script</Name>
   </Creator>
   <Contributor>
    <Name>HS Fulda</Name>
   </Contributor>
   <Contributor>
    <Name>Google</Name>
   </Contributor>
   <Contributor>
    <Name>flickr.com</Name>
   </Contributor>
   <Contributor>
    <Name>wikipedia.org</Name>
   </Contributor>
   <Contributor>
    <Name>freesound.org</Name>
   </Contributor>
   <Contributor>
    <Name>wunderground.com</Name>
   </Contributor>
   <Contributor>
    <Name>youtube.com</Name>
   </Contributor>
  </ContentObjectCreationInformation>
  <ContentObjectTypes>
   <MultimediaContent type="Object3D">
    <FreeText>-</FreeText>
    <MediaName>catfish</MediaName>
    <MetaTag type="xsd:string" name="UserTag">Catfish</MetaTag>
    <MediaLocator>
     <MediaUri>http://sketchup.google.com/3dwarehouse/download?mid=a2623945df89a63a18b14db3b83de9ff&amp;rtyp=zip&amp;fn=Untitled&amp;ctyp=other&amp;ts=1220667803000&amp;ct=gd</MediaUri>
     <MediaPreview>http://sketchup.google.com/3dwarehouse/download?mid=a2623945df89a63a18b14db3b83de9ff&amp;rtyp=lt&amp;ctyp=other&amp;ts=1220667803000&amp;ct=gd</MediaPreview>
    </MediaLocator>
    <MediaCreationInformation>
     <Author>
      <Name>Sketchycat (http://sketchup.google.com/3dwarehouse/search?uq=0783354486048192961031875&amp;scoring=m&amp;ct=gd)</Name>
     </Author>
     <Licensing>Google 3D Warehouse License</Licensing>
    </MediaCreationInformation>
    <Size>70562</Size>
   </MultimediaContent>
   <MultimediaContent type="ImageType">
    <FreeText>Catfish we saw in the Lakes Aquarium&lt;a href="http://www.lakesaquarium.co.uk/index.cfm" rel="nofollow">www.lakesaquarium.co.uk/index.cfm&lt;/a></FreeText>
    <MediaName>Catfish</MediaName>
    <FileFormat>image/jpeg</FileFormat>
    <MetaTag type="xsd:string" name="UserTag">Lakedistrict</MetaTag>
    <MetaTag type="xsd:string" name="UserTag">Lakes</MetaTag>
    <MetaTag type="xsd:string" name="UserTag">Windermere</MetaTag>
    <MetaTag type="xsd:string" name="UserTag">England</MetaTag>
    <MetaTag type="xsd:string" name="UserTag">Lakesaquarium</MetaTag>
    <MetaTag type="xsd:string" name="UserTag">Catfish</MetaTag>
    <MediaLocator>
     <MediaUri>http://farm5.staticflickr.com/4029/4526140835_66699f5e73_z.jpg</MediaUri>
     <MediaPreview>http://farm5.staticflickr.com/4029/4526140835_66699f5e73_s.jpg</MediaPreview>
    </MediaLocator>
    <MediaCreationInformation>
     <Author>
      <Name>Eriena</Name>
     </Author>
     <Licensing>All Rights Reserved</Licensing>
    </MediaCreationInformation>
    <Size>143640</Size>
   </MultimediaContent>
   <MultimediaContent type="VideoType">
    <FreeText>Underwater video of "Big Mama" and friends shortly after these large catfish (Silurus glanis) found their home under the artificially created willow-tree-rafts back in 1997. The fish were quite curious for divers allowing a good close up of these impressive animals. Nowadays, these catfich are still to be observed but with less curiosity for the visiting divers (as to be seen on other videos here on youtube). Filmed by: Dive college team ~1997: Bart Prinssen &amp; Simon van der Wulp (copyright,1997)</FreeText>
    <MediaName>European Catfish / Europeese Meerval Kempervennen 1997</MediaName>
    <MetaTag type="xsd:string" name="UserTag">People</MetaTag>
    <MetaTag type="xsd:string" name="UserTag">Kempervennen</MetaTag>
    <MetaTag type="xsd:string" name="UserTag">Meerval</MetaTag>
    <MetaTag type="xsd:string" name="UserTag">Catfish</MetaTag>
    <MetaTag type="xsd:string" name="UserTag">Bart</MetaTag>
    <MetaTag type="xsd:string" name="UserTag">Prinssen</MetaTag>
    <MetaTag type="xsd:string" name="UserTag">Simon</MetaTag>
    <MediaLocator>
     <MediaUri>https://www.youtube.com/watch?v=c-MiKQUTCcQ</MediaUri>
     <MediaPreview>http://i.ytimg.com/vi/c-MiKQUTCcQ/default.jpg</MediaPreview>
    </MediaLocator>
    <MediaCreationInformation>
     <Author>
      <Name>svdwulp</Name>
     </Author>
     <Licensing>All right reserved</Licensing>
    </MediaCreationInformation>
    <MediaTime>361</MediaTime>
   </MultimediaContent>
   <RealWorldInfo>
    <MetadataUri filetype="rwml">Catfish.rwml</MetadataUri>
   </RealWorldInfo>
  </ContentObjectTypes>
  <Tags>
   <MetaTag type="xsd:string" name="UserTag">Catfish</MetaTag>
   <MetaTag type="xsd:string" name="UserTag">Lakedistrict</MetaTag>
   <MetaTag type="xsd:string" name="UserTag">Lakes</MetaTag>
   <MetaTag type="xsd:string" name="UserTag">Windermere</MetaTag>
   <MetaTag type="xsd:string" name="UserTag">England</MetaTag>
   <MetaTag type="xsd:string" name="UserTag">Lakesaquarium</MetaTag>
   <MetaTag type="xsd:string" name="UserTag">People</MetaTag>
   <MetaTag type="xsd:string" name="UserTag">Kempervennen</MetaTag>
   <MetaTag type="xsd:string" name="UserTag">Meerval</MetaTag>
   <MetaTag type="xsd:string" name="UserTag">Bart</MetaTag>
   <MetaTag type="xsd:string" name="UserTag">Prinssen</MetaTag>
   <MetaTag type="xsd:string" name="UserTag">Simon</MetaTag>
   <MetaTag type="xsd:string" name="Category">02 Fish</MetaTag>
  </Tags>
 </Header>
 <Description>
  <L_Descriptor type="ImageType">
   <MediaName>Catfish</MediaName>
   <ImageDescription matching="L2Distance" type="SIFT">
    <LowLevelDescriptor descriptorType="xsd:float" totalNumOfDescriptors="8168" descriptorSize="1021">
     <Store type="text">
      <DescriptorLocator>
       <DescriptorUri>http://vcl.iti.gr/is/UC/descr/2D/80000000-8000-0000-F000-00008000020A.imgdescr</DescriptorUri>
      </DescriptorLocator>
     </Store>
    </LowLevelDescriptor>
   </ImageDescription>
  </L_Descriptor>
  <L_Descriptor type="Object3D">
   <MediaName>catfish</MediaName>
   <Shape3DDescription matching="MultiViewL2" type="CMVD">
    <LowLevelDescriptor descriptorType="xsd:float" totalNumOfDescriptors="212" descriptorSize="3816" totalNumOfViews="18">
     <Store type="text">
      <DescriptorLocator>
       <DescriptorUri>http://vcl.iti.gr/is/UC/descr/3D/80000000-8000-0000-F000-00008000020A.zip.txt</DescriptorUri>
      </DescriptorLocator>
     </Store>
    </LowLevelDescriptor>
   </Shape3DDescription>
  </L_Descriptor>
 </Description>
</RUCoD>
