<?xml version='1.0' encoding='UTF-8'?>
<RUCoD xmlns:xsi="http://www.w3.org/2001/XMLSchema-instance" xmlns="http://www.isearch-project.eu/isearch/RUCoD" xmlns:gml="http://www.opengis.net/gml" xmlns:xsd="http://www.w3.org/2001/XMLSchema">
 <Header>
  <ContentObjectType>Multimedia Collection</ContentObjectType>
  <ContentObjectName xml:lang="en-US">Catfish</ContentObjectName>
  <ContentObjectID>80000000-8000-0000-F000-000080000209</ContentObjectID>
  <ContentObjectVersion>1</ContentObjectVersion>
  <ContentObjectCreationInformation>
   <Creator>
    <Name>CoFetch Script</Name>
   </Creator>
   <Contributor>
    <Name>HS Fulda</Name>
   </Contributor>
   <Contributor>
    <Name>Google</Name>
   </Contributor>
   <Contributor>
    <Name>flickr.com</Name>
   </Contributor>
   <Contributor>
    <Name>wikipedia.org</Name>
   </Contributor>
   <Contributor>
    <Name>freesound.org</Name>
   </Contributor>
   <Contributor>
    <Name>wunderground.com</Name>
   </Contributor>
   <Contributor>
    <Name>youtube.com</Name>
   </Contributor>
  </ContentObjectCreationInformation>
  <ContentObjectTypes>
   <MultimediaContent type="Object3D">
    <FreeText>scientific name: corydoras aeneus, average lenght: 3 1/2 inches, diet: scavanger</FreeText>
    <MediaName>corydoras catfish</MediaName>
    <MetaTag type="xsd:string" name="UserTag">Catfish</MetaTag>
    <MediaLocator>
     <MediaUri>http://sketchup.google.com/3dwarehouse/download?mid=37a0b2ac0dbd565a9a6e43b878d5b335&amp;rtyp=zip&amp;fn=corycat&amp;ctyp=other&amp;ts=1254433046000&amp;ct=gd</MediaUri>
     <MediaPreview>http://sketchup.google.com/3dwarehouse/download?mid=37a0b2ac0dbd565a9a6e43b878d5b335&amp;rtyp=lt&amp;ctyp=other&amp;ts=1254433046000&amp;ct=gd</MediaPreview>
    </MediaLocator>
    <MediaCreationInformation>
     <Author>
      <Name>Paradox (Guy with the harpoon) (http://sketchup.google.com/3dwarehouse/search?uq=1260583126948898987554859&amp;scoring=m&amp;ct=gd)</Name>
     </Author>
     <Licensing>Google 3D Warehouse License</Licensing>
    </MediaCreationInformation>
    <Size>27921</Size>
   </MultimediaContent>
   <MultimediaContent type="ImageType">
    <FreeText>Tennessee Aquarium - catfish in the Delta exhibit.</FreeText>
    <MediaName>Catfish</MediaName>
    <FileFormat>image/jpeg</FileFormat>
    <MetaTag type="xsd:string" name="UserTag">Fish</MetaTag>
    <MetaTag type="xsd:string" name="UserTag">Catfish</MetaTag>
    <MediaLocator>
     <MediaUri>http://farm7.staticflickr.com/6032/6325959479_875ce11157_b.jpg</MediaUri>
     <MediaPreview>http://farm7.staticflickr.com/6032/6325959479_875ce11157_s.jpg</MediaPreview>
    </MediaLocator>
    <MediaCreationInformation>
     <Author>
      <Name>Charlene N Simmons</Name>
     </Author>
     <Licensing>Attribution-NonCommercial License</Licensing>
    </MediaCreationInformation>
    <Size>417792</Size>
   </MultimediaContent>
   <MultimediaContent type="VideoType">
    <FreeText>A giant catfish caught then released back into the water. I created this video with the YouTube Video Editor (www.youtube.com</FreeText>
    <MediaName>Giant Catfish</MediaName>
    <MetaTag type="xsd:string" name="UserTag">Animals</MetaTag>
    <MetaTag type="xsd:string" name="UserTag">Wels</MetaTag>
    <MetaTag type="xsd:string" name="UserTag">Catfish</MetaTag>
    <MetaTag type="xsd:string" name="UserTag">Catfishing</MetaTag>
    <MetaTag type="xsd:string" name="UserTag">Noodling</MetaTag>
    <MetaTag type="xsd:string" name="UserTag">Bait</MetaTag>
    <MetaTag type="xsd:string" name="UserTag">Trailer</MetaTag>
    <MediaLocator>
     <MediaUri>https://www.youtube.com/watch?v=5vZFap9pENY</MediaUri>
     <MediaPreview>http://i.ytimg.com/vi/5vZFap9pENY/default.jpg</MediaPreview>
    </MediaLocator>
    <MediaCreationInformation>
     <Author>
      <Name>brucecause</Name>
     </Author>
     <Licensing>All right reserved</Licensing>
    </MediaCreationInformation>
    <MediaTime>345</MediaTime>
   </MultimediaContent>
   <RealWorldInfo>
    <MetadataUri filetype="rwml">Catfish_1.rwml</MetadataUri>
   </RealWorldInfo>
  </ContentObjectTypes>
  <Tags>
   <MetaTag type="xsd:string" name="UserTag">Catfish</MetaTag>
   <MetaTag type="xsd:string" name="UserTag">Fish</MetaTag>
   <MetaTag type="xsd:string" name="UserTag">Animals</MetaTag>
   <MetaTag type="xsd:string" name="UserTag">Wels</MetaTag>
   <MetaTag type="xsd:string" name="UserTag">Catfishing</MetaTag>
   <MetaTag type="xsd:string" name="UserTag">Noodling</MetaTag>
   <MetaTag type="xsd:string" name="UserTag">Bait</MetaTag>
   <MetaTag type="xsd:string" name="UserTag">Trailer</MetaTag>
   <MetaTag type="xsd:string" name="Category">02 Fish</MetaTag>
  </Tags>
 </Header>
 <Description>
  <L_Descriptor type="ImageType">
   <MediaName>Catfish</MediaName>
   <ImageDescription matching="L2Distance" type="SIFT">
    <LowLevelDescriptor descriptorType="xsd:float" totalNumOfDescriptors="8168" descriptorSize="1021">
     <Store type="text">
      <DescriptorLocator>
       <DescriptorUri>http://vcl.iti.gr/is/UC/descr/2D/80000000-8000-0000-F000-000080000209.imgdescr</DescriptorUri>
      </DescriptorLocator>
     </Store>
    </LowLevelDescriptor>
   </ImageDescription>
  </L_Descriptor>
  <L_Descriptor type="Object3D">
   <MediaName>corydoras catfish</MediaName>
   <Shape3DDescription matching="MultiViewL2" type="CMVD">
    <LowLevelDescriptor descriptorType="xsd:float" totalNumOfDescriptors="212" descriptorSize="3816" totalNumOfViews="18">
     <Store type="text">
      <DescriptorLocator>
       <DescriptorUri>http://vcl.iti.gr/is/UC/descr/3D/80000000-8000-0000-F000-000080000209.zip.txt</DescriptorUri>
      </DescriptorLocator>
     </Store>
    </LowLevelDescriptor>
   </Shape3DDescription>
  </L_Descriptor>
 </Description>
</RUCoD>
