<?xml version='1.0' encoding='UTF-8'?>
<RUCoD xmlns:xsi="http://www.w3.org/2001/XMLSchema-instance" xmlns="http://www.isearch-project.eu/isearch/RUCoD" xmlns:gml="http://www.opengis.net/gml" xmlns:xsd="http://www.w3.org/2001/XMLSchema">
 <Header>
  <ContentObjectType>Multimedia Collection</ContentObjectType>
  <ContentObjectName xml:lang="en-US">Clownfish</ContentObjectName>
  <ContentObjectID>80000000-8000-0000-F000-00008000021B</ContentObjectID>
  <ContentObjectVersion>1</ContentObjectVersion>
  <ContentObjectCreationInformation>
   <Creator>
    <Name>CoFetch Script</Name>
   </Creator>
   <Contributor>
    <Name>HS Fulda</Name>
   </Contributor>
   <Contributor>
    <Name>Google</Name>
   </Contributor>
   <Contributor>
    <Name>flickr.com</Name>
   </Contributor>
   <Contributor>
    <Name>wikipedia.org</Name>
   </Contributor>
   <Contributor>
    <Name>freesound.org</Name>
   </Contributor>
   <Contributor>
    <Name>wunderground.com</Name>
   </Contributor>
   <Contributor>
    <Name>youtube.com</Name>
   </Contributor>
  </ContentObjectCreationInformation>
  <ContentObjectTypes>
   <MultimediaContent type="Object3D">
    <FreeText>Yay my first photo-real model! Thank you BTM for the easy 3d animal tutorial!</FreeText>
    <MediaName>Clownfish</MediaName>
    <MetaTag type="xsd:string" name="UserTag">Clownfish</MetaTag>
    <MediaLocator>
     <MediaUri>http://sketchup.google.com/3dwarehouse/download?mid=176df23a012199f18b14db3b83de9ff&amp;rtyp=zip&amp;fn=Untitled&amp;ctyp=other&amp;ts=1216075484000&amp;ct=gd</MediaUri>
     <MediaPreview>http://sketchup.google.com/3dwarehouse/download?mid=176df23a012199f18b14db3b83de9ff&amp;rtyp=lt&amp;ctyp=other&amp;ts=1216075484000&amp;ct=gd</MediaPreview>
    </MediaLocator>
    <MediaCreationInformation>
     <Author>
      <Name>Sketchycat (http://sketchup.google.com/3dwarehouse/search?uq=0783354486048192961031875&amp;scoring=m&amp;ct=gd)</Name>
     </Author>
     <Licensing>Google 3D Warehouse License</Licensing>
    </MediaCreationInformation>
    <Size>351299</Size>
   </MultimediaContent>
   <MultimediaContent type="ImageType">
    <FreeText>The tiny larvae of marine species such as the orange clownfish use their sense of smell to help find suitable adult habitat. Scientists from James Cook University have found that ocean acidification will impair this sense of smell, which could affect the ability of larvae to find the best habitat to live in.Photo courtesy of Dr Simon Foale, ARC Centre of Excellence for Coral Reef Studies</FreeText>
    <MediaName>Clownfish pair</MediaName>
    <FileFormat>image/jpeg</FileFormat>
    <MetaTag type="xsd:string" name="UserTag">Clownfish</MetaTag>
    <MediaLocator>
     <MediaUri>http://farm7.staticflickr.com/6094/6397963005_ac1720a9e0_b.jpg</MediaUri>
     <MediaPreview>http://farm7.staticflickr.com/6094/6397963005_ac1720a9e0_s.jpg</MediaPreview>
    </MediaLocator>
    <MediaCreationInformation>
     <Author>
      <Name>ARC Centre of Excellence for Coral Reef Studies</Name>
     </Author>
     <Licensing>All Rights Reserved</Licensing>
    </MediaCreationInformation>
    <Size>419636</Size>
   </MultimediaContent>
   <MultimediaContent type="VideoType">
    <FreeText>Jawfish vs. Clownfish ... the battle continues.</FreeText>
    <MediaName>Jawfish vs Clown fish Sandwars2</MediaName>
    <MetaTag type="xsd:string" name="UserTag">Animals</MetaTag>
    <MetaTag type="xsd:string" name="UserTag">Jawfish</MetaTag>
    <MetaTag type="xsd:string" name="UserTag">Clown fish</MetaTag>
    <MetaTag type="xsd:string" name="UserTag">Yellowhead</MetaTag>
    <MetaTag type="xsd:string" name="UserTag">Sand war</MetaTag>
    <MetaTag type="xsd:string" name="UserTag">Marine fish</MetaTag>
    <MediaLocator>
     <MediaUri>https://www.youtube.com/watch?v=P9fyw8IOVVA</MediaUri>
     <MediaPreview>http://i.ytimg.com/vi/P9fyw8IOVVA/default.jpg</MediaPreview>
    </MediaLocator>
    <MediaCreationInformation>
     <Author>
      <Name>debdp11</Name>
     </Author>
     <Licensing>All right reserved</Licensing>
    </MediaCreationInformation>
    <MediaTime>73</MediaTime>
   </MultimediaContent>
   <RealWorldInfo>
    <MetadataUri filetype="rwml">Clownfish_2.rwml</MetadataUri>
   </RealWorldInfo>
  </ContentObjectTypes>
  <Tags>
   <MetaTag type="xsd:string" name="UserTag">Clownfish</MetaTag>
   <MetaTag type="xsd:string" name="UserTag">Animals</MetaTag>
   <MetaTag type="xsd:string" name="UserTag">Jawfish</MetaTag>
   <MetaTag type="xsd:string" name="UserTag">Clown fish</MetaTag>
   <MetaTag type="xsd:string" name="UserTag">Yellowhead</MetaTag>
   <MetaTag type="xsd:string" name="UserTag">Sand war</MetaTag>
   <MetaTag type="xsd:string" name="UserTag">Marine fish</MetaTag>
   <MetaTag type="xsd:string" name="Category">02 Fish</MetaTag>
  </Tags>
 </Header>
 <Description>
  <L_Descriptor type="ImageType">
   <MediaName>Clownfish pair</MediaName>
   <ImageDescription matching="L2Distance" type="SIFT">
    <LowLevelDescriptor descriptorType="xsd:float" totalNumOfDescriptors="8168" descriptorSize="1021">
     <Store type="text">
      <DescriptorLocator>
       <DescriptorUri>http://vcl.iti.gr/is/UC/descr/2D/80000000-8000-0000-F000-00008000021B.imgdescr</DescriptorUri>
      </DescriptorLocator>
     </Store>
    </LowLevelDescriptor>
   </ImageDescription>
  </L_Descriptor>
  <L_Descriptor type="Object3D">
   <MediaName>Clownfish</MediaName>
   <Shape3DDescription matching="MultiViewL2" type="CMVD">
    <LowLevelDescriptor descriptorType="xsd:float" totalNumOfDescriptors="212" descriptorSize="3816" totalNumOfViews="18">
     <Store type="text">
      <DescriptorLocator>
       <DescriptorUri>http://vcl.iti.gr/is/UC/descr/3D/80000000-8000-0000-F000-00008000021B.zip.txt</DescriptorUri>
      </DescriptorLocator>
     </Store>
    </LowLevelDescriptor>
   </Shape3DDescription>
  </L_Descriptor>
 </Description>
</RUCoD>
