<?xml version='1.0' encoding='UTF-8'?>
<RUCoD xmlns:xsi="http://www.w3.org/2001/XMLSchema-instance" xmlns="http://www.isearch-project.eu/isearch/RUCoD" xmlns:gml="http://www.opengis.net/gml" xmlns:xsd="http://www.w3.org/2001/XMLSchema">
 <Header>
  <ContentObjectType>Multimedia Collection</ContentObjectType>
  <ContentObjectName xml:lang="en-US">Clownfish</ContentObjectName>
  <ContentObjectID>80000000-8000-0000-F000-00008000021C</ContentObjectID>
  <ContentObjectVersion>1</ContentObjectVersion>
  <ContentObjectCreationInformation>
   <Creator>
    <Name>CoFetch Script</Name>
   </Creator>
   <Contributor>
    <Name>HS Fulda</Name>
   </Contributor>
   <Contributor>
    <Name>Google</Name>
   </Contributor>
   <Contributor>
    <Name>flickr.com</Name>
   </Contributor>
   <Contributor>
    <Name>wikipedia.org</Name>
   </Contributor>
   <Contributor>
    <Name>freesound.org</Name>
   </Contributor>
   <Contributor>
    <Name>wunderground.com</Name>
   </Contributor>
   <Contributor>
    <Name>youtube.com</Name>
   </Contributor>
  </ContentObjectCreationInformation>
  <ContentObjectTypes>
   <MultimediaContent type="Object3D">
    <FreeText>simple 3d clownfish i made</FreeText>
    <MediaName>Clownfish</MediaName>
    <MetaTag type="xsd:string" name="UserTag">Clownfish</MetaTag>
    <MediaLocator>
     <MediaUri>http://sketchup.google.com/3dwarehouse/download?mid=3487032bda275c5bd5b7d307c45bf4e5&amp;rtyp=zip&amp;fn=clownfish&amp;ctyp=other&amp;ts=1211039916000&amp;ct=gd</MediaUri>
     <MediaPreview>http://sketchup.google.com/3dwarehouse/download?mid=3487032bda275c5bd5b7d307c45bf4e5&amp;rtyp=lt&amp;ctyp=other&amp;ts=1211039916000&amp;ct=gd</MediaPreview>
    </MediaLocator>
    <MediaCreationInformation>
     <Author>
      <Name>█████████ (Retired since September 2010) (http://sketchup.google.com/3dwarehouse/search?uq=1458236990883995053901325&amp;scoring=m&amp;ct=gd)</Name>
     </Author>
     <Licensing>Google 3D Warehouse License</Licensing>
    </MediaCreationInformation>
    <Size>157528</Size>
   </MultimediaContent>
   <MultimediaContent type="ImageType">
    <FreeText>Clownfish!!</FreeText>
    <MediaName>Clownfish</MediaName>
    <FileFormat>image/jpeg</FileFormat>
    <MetaTag type="xsd:string" name="UserTag">Boston</MetaTag>
    <MetaTag type="xsd:string" name="UserTag">Aquarium</MetaTag>
    <MetaTag type="xsd:string" name="UserTag">Newenglandaquarium</MetaTag>
    <MetaTag type="xsd:string" name="UserTag">Clownfish</MetaTag>
    <MetaTag type="xsd:string" name="UserTag">Anemone</MetaTag>
    <MetaTag type="xsd:string" name="UserTag">Nemo</MetaTag>
    <MediaLocator>
     <MediaUri>http://farm5.staticflickr.com/4023/4614046517_5d63840edf_b.jpg</MediaUri>
     <MediaPreview>http://farm5.staticflickr.com/4023/4614046517_5d63840edf_s.jpg</MediaPreview>
    </MediaLocator>
    <MediaCreationInformation>
     <Author>
      <Name>Lenna</Name>
     </Author>
     <Licensing>All Rights Reserved</Licensing>
    </MediaCreationInformation>
    <Size>471860</Size>
   </MultimediaContent>
   <RealWorldInfo>
    <MetadataUri filetype="rwml">Clownfish_3.rwml</MetadataUri>
   </RealWorldInfo>
  </ContentObjectTypes>
  <Tags>
   <MetaTag type="xsd:string" name="UserTag">Clownfish</MetaTag>
   <MetaTag type="xsd:string" name="UserTag">Boston</MetaTag>
   <MetaTag type="xsd:string" name="UserTag">Aquarium</MetaTag>
   <MetaTag type="xsd:string" name="UserTag">Newenglandaquarium</MetaTag>
   <MetaTag type="xsd:string" name="UserTag">Anemone</MetaTag>
   <MetaTag type="xsd:string" name="UserTag">Nemo</MetaTag>
   <MetaTag type="xsd:string" name="Category">02 Fish</MetaTag>
  </Tags>
 </Header>
 <Description>
  <L_Descriptor type="ImageType">
   <MediaName>Clownfish</MediaName>
   <ImageDescription matching="L2Distance" type="SIFT">
    <LowLevelDescriptor descriptorType="xsd:float" totalNumOfDescriptors="8168" descriptorSize="1021">
     <Store type="text">
      <DescriptorLocator>
       <DescriptorUri>http://vcl.iti.gr/is/UC/descr/2D/80000000-8000-0000-F000-00008000021C.imgdescr</DescriptorUri>
      </DescriptorLocator>
     </Store>
    </LowLevelDescriptor>
   </ImageDescription>
  </L_Descriptor>
  <L_Descriptor type="Object3D">
   <MediaName>Clownfish</MediaName>
   <Shape3DDescription matching="MultiViewL2" type="CMVD">
    <LowLevelDescriptor descriptorType="xsd:float" totalNumOfDescriptors="212" descriptorSize="3816" totalNumOfViews="18">
     <Store type="text">
      <DescriptorLocator>
       <DescriptorUri>http://vcl.iti.gr/is/UC/descr/3D/80000000-8000-0000-F000-00008000021C.zip.txt</DescriptorUri>
      </DescriptorLocator>
     </Store>
    </LowLevelDescriptor>
   </Shape3DDescription>
  </L_Descriptor>
 </Description>
</RUCoD>
