<?xml version='1.0' encoding='UTF-8'?>
<RUCoD xmlns:xsi="http://www.w3.org/2001/XMLSchema-instance" xmlns="http://www.isearch-project.eu/isearch/RUCoD" xmlns:gml="http://www.opengis.net/gml" xmlns:xsd="http://www.w3.org/2001/XMLSchema">
 <Header>
  <ContentObjectType>Multimedia Collection</ContentObjectType>
  <ContentObjectName xml:lang="en-US">Clownfish</ContentObjectName>
  <ContentObjectID>80000000-8000-0000-F000-000080000215</ContentObjectID>
  <ContentObjectVersion>1</ContentObjectVersion>
  <ContentObjectCreationInformation>
   <Creator>
    <Name>CoFetch Script</Name>
   </Creator>
   <Contributor>
    <Name>HS Fulda</Name>
   </Contributor>
   <Contributor>
    <Name>Google</Name>
   </Contributor>
   <Contributor>
    <Name>flickr.com</Name>
   </Contributor>
   <Contributor>
    <Name>wikipedia.org</Name>
   </Contributor>
   <Contributor>
    <Name>freesound.org</Name>
   </Contributor>
   <Contributor>
    <Name>wunderground.com</Name>
   </Contributor>
   <Contributor>
    <Name>youtube.com</Name>
   </Contributor>
  </ContentObjectCreationInformation>
  <ContentObjectTypes>
   <MultimediaContent type="Object3D">
    <FreeText>A 3D Clownfish</FreeText>
    <MediaName>Fish</MediaName>
    <MetaTag type="xsd:string" name="UserTag">Clownfish</MetaTag>
    <MediaLocator>
     <MediaUri>http://sketchup.google.com/3dwarehouse/download?mid=8e08d0309eeaea3391837c6e444d6d63&amp;rtyp=zip&amp;fn=Untitled&amp;ctyp=other&amp;ts=1202487275000&amp;ct=gd</MediaUri>
     <MediaPreview>http://sketchup.google.com/3dwarehouse/download?mid=8e08d0309eeaea3391837c6e444d6d63&amp;rtyp=lt&amp;ctyp=other&amp;ts=1202487275000&amp;ct=gd</MediaPreview>
    </MediaLocator>
    <MediaCreationInformation>
     <Author>
      <Name>anonymous (http://sketchup.google.com/3dwarehouse/search?uq=1567488339862720064744259&amp;scoring=m&amp;ct=gd)</Name>
     </Author>
     <Licensing>Google 3D Warehouse License</Licensing>
    </MediaCreationInformation>
    <Size>202992</Size>
   </MultimediaContent>
   <MultimediaContent type="ImageType">
    <MediaName>Clownfish</MediaName>
    <FileFormat>image/jpeg</FileFormat>
    <MetaTag type="xsd:string" name="UserTag">Aquarium</MetaTag>
    <MetaTag type="xsd:string" name="UserTag">Clownfish</MetaTag>
    <MediaLocator>
     <MediaUri>http://farm4.staticflickr.com/3663/3304762584_be473a7ee9_z.jpg?zz=1</MediaUri>
     <MediaPreview>http://farm4.staticflickr.com/3663/3304762584_be473a7ee9_s.jpg</MediaPreview>
    </MediaLocator>
    <MediaCreationInformation>
     <Author>
      <Name>Emilio Alvarez</Name>
     </Author>
     <Licensing>All Rights Reserved</Licensing>
    </MediaCreationInformation>
    <Size>164736</Size>
   </MultimediaContent>
   <MultimediaContent type="VideoType">
    <FreeText>This is only hours after the very first time this RBTA (anemone) hosted this clownfish.</FreeText>
    <MediaName>Clownfish in Rose Bubble Tip Anemone RBTA</MediaName>
    <MetaTag type="xsd:string" name="UserTag">Animals</MetaTag>
    <MetaTag type="xsd:string" name="UserTag">Clownfish</MetaTag>
    <MetaTag type="xsd:string" name="UserTag">Anemone</MetaTag>
    <MetaTag type="xsd:string" name="UserTag">Hosting</MetaTag>
    <MetaTag type="xsd:string" name="UserTag">RBTA</MetaTag>
    <MetaTag type="xsd:string" name="UserTag">Rose</MetaTag>
    <MetaTag type="xsd:string" name="UserTag">Bubble</MetaTag>
    <MediaLocator>
     <MediaUri>https://www.youtube.com/watch?v=ErXLTrAUiZM</MediaUri>
     <MediaPreview>http://i.ytimg.com/vi/ErXLTrAUiZM/default.jpg</MediaPreview>
    </MediaLocator>
    <MediaCreationInformation>
     <Author>
      <Name>LukeGIE</Name>
     </Author>
     <Licensing>All right reserved</Licensing>
    </MediaCreationInformation>
    <MediaTime>45</MediaTime>
   </MultimediaContent>
   <RealWorldInfo>
    <MetadataUri filetype="rwml">Clownfish_1.rwml</MetadataUri>
   </RealWorldInfo>
  </ContentObjectTypes>
  <Tags>
   <MetaTag type="xsd:string" name="UserTag">Clownfish</MetaTag>
   <MetaTag type="xsd:string" name="UserTag">Aquarium</MetaTag>
   <MetaTag type="xsd:string" name="UserTag">Animals</MetaTag>
   <MetaTag type="xsd:string" name="UserTag">Anemone</MetaTag>
   <MetaTag type="xsd:string" name="UserTag">Hosting</MetaTag>
   <MetaTag type="xsd:string" name="UserTag">RBTA</MetaTag>
   <MetaTag type="xsd:string" name="UserTag">Rose</MetaTag>
   <MetaTag type="xsd:string" name="UserTag">Bubble</MetaTag>
   <MetaTag type="xsd:string" name="Category">02 Fish</MetaTag>
  </Tags>
 </Header>
 <Description>
  <L_Descriptor type="ImageType">
   <MediaName>Clownfish</MediaName>
   <ImageDescription matching="L2Distance" type="SIFT">
    <LowLevelDescriptor descriptorType="xsd:float" totalNumOfDescriptors="8168" descriptorSize="1021">
     <Store type="text">
      <DescriptorLocator>
       <DescriptorUri>http://vcl.iti.gr/is/UC/descr/2D/80000000-8000-0000-F000-000080000215.imgdescr</DescriptorUri>
      </DescriptorLocator>
     </Store>
    </LowLevelDescriptor>
   </ImageDescription>
  </L_Descriptor>
  <L_Descriptor type="Object3D">
   <MediaName>Fish</MediaName>
   <Shape3DDescription matching="MultiViewL2" type="CMVD">
    <LowLevelDescriptor descriptorType="xsd:float" totalNumOfDescriptors="212" descriptorSize="3816" totalNumOfViews="18">
     <Store type="text">
      <DescriptorLocator>
       <DescriptorUri>http://vcl.iti.gr/is/UC/descr/3D/80000000-8000-0000-F000-000080000215.zip.txt</DescriptorUri>
      </DescriptorLocator>
     </Store>
    </LowLevelDescriptor>
   </Shape3DDescription>
  </L_Descriptor>
 </Description>
</RUCoD>
