<?xml version='1.0' encoding='UTF-8'?>
<RUCoD xmlns:xsi="http://www.w3.org/2001/XMLSchema-instance" xmlns="http://www.isearch-project.eu/isearch/RUCoD" xmlns:gml="http://www.opengis.net/gml" xmlns:xsd="http://www.w3.org/2001/XMLSchema">
 <Header>
  <ContentObjectType>Multimedia Collection</ContentObjectType>
  <ContentObjectName xml:lang="en-US">Clownfish</ContentObjectName>
  <ContentObjectID>80000000-8000-0000-F000-000080000223</ContentObjectID>
  <ContentObjectVersion>1</ContentObjectVersion>
  <ContentObjectCreationInformation>
   <Creator>
    <Name>CoFetch Script</Name>
   </Creator>
   <Contributor>
    <Name>HS Fulda</Name>
   </Contributor>
   <Contributor>
    <Name>Google</Name>
   </Contributor>
   <Contributor>
    <Name>flickr.com</Name>
   </Contributor>
   <Contributor>
    <Name>wikipedia.org</Name>
   </Contributor>
   <Contributor>
    <Name>freesound.org</Name>
   </Contributor>
   <Contributor>
    <Name>wunderground.com</Name>
   </Contributor>
   <Contributor>
    <Name>youtube.com</Name>
   </Contributor>
  </ContentObjectCreationInformation>
  <ContentObjectTypes>
   <MultimediaContent type="Object3D">
    <FreeText>Clownfish a marine tropical fish. A fish made famous by the Nemo film. The vivd  colours of this fish rarely found in freshwater fish.</FreeText>
    <MediaName>Fish</MediaName>
    <MetaTag type="xsd:string" name="UserTag">Clownfish</MetaTag>
    <MediaLocator>
     <MediaUri>http://sketchup.google.com/3dwarehouse/download?mid=467293688a8ce5b31f6a5b0146bf3030&amp;rtyp=zip&amp;fn=clownfish%255B1%255D&amp;ctyp=other&amp;ts=1233488978000&amp;ct=gd</MediaUri>
     <MediaPreview>http://sketchup.google.com/3dwarehouse/download?mid=467293688a8ce5b31f6a5b0146bf3030&amp;rtyp=lt&amp;ctyp=other&amp;ts=1233488978000&amp;ct=gd</MediaPreview>
    </MediaLocator>
    <MediaCreationInformation>
     <Author>
      <Name>Acorn (http://sketchup.google.com/3dwarehouse/search?uq=1255288354909457718261989&amp;scoring=m&amp;ct=gd)</Name>
     </Author>
     <Licensing>Google 3D Warehouse License</Licensing>
    </MediaCreationInformation>
    <Size>366042</Size>
   </MultimediaContent>
   <MultimediaContent type="ImageType">
    <FreeText>Clownfish at the Chattanooga aquarium.</FreeText>
    <MediaName>clownfish 2</MediaName>
    <FileFormat>image/jpeg</FileFormat>
    <MetaTag type="xsd:string" name="UserTag">Chattanoogaaquarium</MetaTag>
    <MetaTag type="xsd:string" name="UserTag">Clownfish</MetaTag>
    <MediaLocator>
     <MediaUri>http://farm6.staticflickr.com/5003/5206103437_9b6e1e81af_b.jpg</MediaUri>
     <MediaPreview>http://farm6.staticflickr.com/5003/5206103437_9b6e1e81af_s.jpg</MediaPreview>
    </MediaLocator>
    <MediaCreationInformation>
     <Author>
      <Name>Listener42</Name>
     </Author>
     <Licensing>Attribution License</Licensing>
    </MediaCreationInformation>
    <Size>292800</Size>
   </MultimediaContent>
   <MultimediaContent type="VideoType">
    <FreeText>They probably the most adorable fish in the ocean, clown fish. Long before the release of Nemo divers loved them and will always do. Here is my underwater video contribution to the king of the underwater castle.</FreeText>
    <MediaName>Underwater DVD films Kingdom of the Clown fish in the Philippines</MediaName>
    <MetaTag type="xsd:string" name="UserTag">Travel</MetaTag>
    <MetaTag type="xsd:string" name="UserTag">Sardines</MetaTag>
    <MetaTag type="xsd:string" name="UserTag">Underwater</MetaTag>
    <MetaTag type="xsd:string" name="UserTag">DVD</MetaTag>
    <MetaTag type="xsd:string" name="UserTag">Video</MetaTag>
    <MetaTag type="xsd:string" name="UserTag">Stock footage</MetaTag>
    <MetaTag type="xsd:string" name="UserTag">Clips</MetaTag>
    <MediaLocator>
     <MediaUri>https://www.youtube.com/watch?v=Gjm9lBbqqmE</MediaUri>
     <MediaPreview>http://i.ytimg.com/vi/Gjm9lBbqqmE/default.jpg</MediaPreview>
    </MediaLocator>
    <MediaCreationInformation>
     <Author>
      <Name>klemensgann</Name>
     </Author>
     <Licensing>All right reserved</Licensing>
    </MediaCreationInformation>
    <MediaTime>99</MediaTime>
   </MultimediaContent>
   <RealWorldInfo>
    <MetadataUri filetype="rwml">Clownfish.rwml</MetadataUri>
   </RealWorldInfo>
  </ContentObjectTypes>
  <Tags>
   <MetaTag type="xsd:string" name="UserTag">Clownfish</MetaTag>
   <MetaTag type="xsd:string" name="UserTag">Chattanoogaaquarium</MetaTag>
   <MetaTag type="xsd:string" name="UserTag">Travel</MetaTag>
   <MetaTag type="xsd:string" name="UserTag">Sardines</MetaTag>
   <MetaTag type="xsd:string" name="UserTag">Underwater</MetaTag>
   <MetaTag type="xsd:string" name="UserTag">DVD</MetaTag>
   <MetaTag type="xsd:string" name="UserTag">Video</MetaTag>
   <MetaTag type="xsd:string" name="UserTag">Stock footage</MetaTag>
   <MetaTag type="xsd:string" name="UserTag">Clips</MetaTag>
   <MetaTag type="xsd:string" name="Category">02 Fish</MetaTag>
  </Tags>
 </Header>
 <Description>
  <L_Descriptor type="ImageType">
   <MediaName>clownfish 2</MediaName>
   <ImageDescription matching="L2Distance" type="SIFT">
    <LowLevelDescriptor descriptorType="xsd:float" totalNumOfDescriptors="8168" descriptorSize="1021">
     <Store type="text">
      <DescriptorLocator>
       <DescriptorUri>http://vcl.iti.gr/is/UC/descr/2D/80000000-8000-0000-F000-000080000223.imgdescr</DescriptorUri>
      </DescriptorLocator>
     </Store>
    </LowLevelDescriptor>
   </ImageDescription>
  </L_Descriptor>
  <L_Descriptor type="Object3D">
   <MediaName>Fish</MediaName>
   <Shape3DDescription matching="MultiViewL2" type="CMVD">
    <LowLevelDescriptor descriptorType="xsd:float" totalNumOfDescriptors="212" descriptorSize="3816" totalNumOfViews="18">
     <Store type="text">
      <DescriptorLocator>
       <DescriptorUri>http://vcl.iti.gr/is/UC/descr/3D/80000000-8000-0000-F000-000080000223.zip.txt</DescriptorUri>
      </DescriptorLocator>
     </Store>
    </LowLevelDescriptor>
   </Shape3DDescription>
  </L_Descriptor>
 </Description>
</RUCoD>
