<?xml version='1.0' encoding='UTF-8'?>
<RUCoD xmlns:xsi="http://www.w3.org/2001/XMLSchema-instance" xmlns="http://www.isearch-project.eu/isearch/RUCoD" xmlns:gml="http://www.opengis.net/gml" xmlns:xsd="http://www.w3.org/2001/XMLSchema">
 <Header>
  <ContentObjectType>Multimedia Collection</ContentObjectType>
  <ContentObjectName xml:lang="en-US">Clownfish</ContentObjectName>
  <ContentObjectID>80000000-8000-0000-F000-000080000219</ContentObjectID>
  <ContentObjectVersion>1</ContentObjectVersion>
  <ContentObjectCreationInformation>
   <Creator>
    <Name>CoFetch Script</Name>
   </Creator>
   <Contributor>
    <Name>HS Fulda</Name>
   </Contributor>
   <Contributor>
    <Name>Google</Name>
   </Contributor>
   <Contributor>
    <Name>flickr.com</Name>
   </Contributor>
   <Contributor>
    <Name>wikipedia.org</Name>
   </Contributor>
   <Contributor>
    <Name>freesound.org</Name>
   </Contributor>
   <Contributor>
    <Name>wunderground.com</Name>
   </Contributor>
   <Contributor>
    <Name>youtube.com</Name>
   </Contributor>
  </ContentObjectCreationInformation>
  <ContentObjectTypes>
   <MultimediaContent type="ImageType">
    <MediaName>Clownfish</MediaName>
    <FileFormat>image/jpeg</FileFormat>
    <MetaTag type="xsd:string" name="UserTag">Longbeach</MetaTag>
    <MetaTag type="xsd:string" name="UserTag">Geotagged</MetaTag>
    <MetaTag type="xsd:string" name="UserTag">Aquarium</MetaTag>
    <MetaTag type="xsd:string" name="UserTag">Pacific</MetaTag>
    <MetaTag type="xsd:string" name="UserTag">Clownfish</MetaTag>
    <MetaTag type="xsd:string" name="UserTag">Geo:city=longbeach</MetaTag>
    <MetaTag type="xsd:string" name="UserTag">Geo:state=ca</MetaTag>
    <MetaTag type="xsd:string" name="UserTag">Geo:country=unitedstatesofamerica</MetaTag>
    <MediaLocator>
     <MediaUri>http://farm6.staticflickr.com/5085/5301678169_4661a57833_b.jpg</MediaUri>
     <MediaPreview>http://farm6.staticflickr.com/5085/5301678169_4661a57833_s.jpg</MediaPreview>
    </MediaLocator>
    <MediaCreationInformation>
     <Author>
      <Name>Joe_B</Name>
     </Author>
     <Licensing>All Rights Reserved</Licensing>
    </MediaCreationInformation>
    <Size>417792</Size>
   </MultimediaContent>
   <RealWorldInfo>
    <MetadataUri filetype="rwml">Clownfish_23.rwml</MetadataUri>
   </RealWorldInfo>
  </ContentObjectTypes>
  <Tags>
   <MetaTag type="xsd:string" name="UserTag">Longbeach</MetaTag>
   <MetaTag type="xsd:string" name="UserTag">Geotagged</MetaTag>
   <MetaTag type="xsd:string" name="UserTag">Aquarium</MetaTag>
   <MetaTag type="xsd:string" name="UserTag">Pacific</MetaTag>
   <MetaTag type="xsd:string" name="UserTag">Clownfish</MetaTag>
   <MetaTag type="xsd:string" name="UserTag">Geo:city=longbeach</MetaTag>
   <MetaTag type="xsd:string" name="UserTag">Geo:state=ca</MetaTag>
   <MetaTag type="xsd:string" name="UserTag">Geo:country=unitedstatesofamerica</MetaTag>
   <MetaTag type="xsd:string" name="Category">02 Fish</MetaTag>
  </Tags>
 </Header>
 <Description>
  <L_Descriptor type="ImageType">
   <MediaName>Clownfish</MediaName>
   <ImageDescription matching="L2Distance" type="SIFT">
    <LowLevelDescriptor descriptorType="xsd:float" totalNumOfDescriptors="8168" descriptorSize="1021">
     <Store type="text">
      <DescriptorLocator>
       <DescriptorUri>http://vcl.iti.gr/is/UC/descr/2D/80000000-8000-0000-F000-000080000219.imgdescr</DescriptorUri>
      </DescriptorLocator>
     </Store>
    </LowLevelDescriptor>
   </ImageDescription>
  </L_Descriptor>
 </Description>
</RUCoD>
