<?xml version='1.0' encoding='UTF-8'?>
<RUCoD xmlns:xsi="http://www.w3.org/2001/XMLSchema-instance" xmlns="http://www.isearch-project.eu/isearch/RUCoD" xmlns:gml="http://www.opengis.net/gml" xmlns:xsd="http://www.w3.org/2001/XMLSchema">
 <Header>
  <ContentObjectType>Multimedia Collection</ContentObjectType>
  <ContentObjectName xml:lang="en-US">Cowfish</ContentObjectName>
  <ContentObjectID>80000000-8000-0000-F000-000080000226</ContentObjectID>
  <ContentObjectVersion>1</ContentObjectVersion>
  <ContentObjectCreationInformation>
   <Creator>
    <Name>CoFetch Script</Name>
   </Creator>
   <Contributor>
    <Name>HS Fulda</Name>
   </Contributor>
   <Contributor>
    <Name>Google</Name>
   </Contributor>
   <Contributor>
    <Name>flickr.com</Name>
   </Contributor>
   <Contributor>
    <Name>wikipedia.org</Name>
   </Contributor>
   <Contributor>
    <Name>freesound.org</Name>
   </Contributor>
   <Contributor>
    <Name>wunderground.com</Name>
   </Contributor>
   <Contributor>
    <Name>youtube.com</Name>
   </Contributor>
  </ContentObjectCreationInformation>
  <ContentObjectTypes>
   <MultimediaContent type="ImageType">
    <FreeText>&lt;a href="http://commons.wikimedia.org/wiki/File:Lactoria_cornuta_%28Longhorn_cowfish%29_Timor.jpg" rel="nofollow">commons.wikimedia.org/wiki/File:Lactoria_cornuta_%28Longh...&lt;/a></FreeText>
    <MediaName>Cowfish</MediaName>
    <FileFormat>image/jpeg</FileFormat>
    <MetaTag type="xsd:string" name="UserTag">Underwater</MetaTag>
    <MetaTag type="xsd:string" name="UserTag">Divetimortasitolu</MetaTag>
    <MetaTag type="xsd:string" name="UserTag">Timorleste</MetaTag>
    <MetaTag type="xsd:string" name="UserTag">Easttimor</MetaTag>
    <MetaTag type="xsd:string" name="UserTag">Taxonomy:binomial=lactoriacornuta</MetaTag>
    <MediaLocator>
     <MediaUri>http://farm1.staticflickr.com/61/184578593_8a30c5613a.jpg</MediaUri>
     <MediaPreview>http://farm1.staticflickr.com/61/184578593_8a30c5613a_s.jpg</MediaPreview>
    </MediaLocator>
    <MediaCreationInformation>
     <Author>
      <Name>Nick Hobgood</Name>
     </Author>
     <Licensing>Attribution-NonCommercial License</Licensing>
    </MediaCreationInformation>
    <Size>112500</Size>
   </MultimediaContent>
   <MultimediaContent type="VideoType">
    <FreeText>Cowfish and Trunkfish swimming at Flat Cay West reef in St Thomas Virgin Islands</FreeText>
    <MediaName>Cowfish and Trunkfish at Flat Cay West reef in St Thomas Virgin Islands</MediaName>
    <MetaTag type="xsd:string" name="UserTag">Animals</MetaTag>
    <MetaTag type="xsd:string" name="UserTag">Scuba</MetaTag>
    <MetaTag type="xsd:string" name="UserTag">Diving</MetaTag>
    <MetaTag type="xsd:string" name="UserTag">Coral</MetaTag>
    <MetaTag type="xsd:string" name="UserTag">Reef</MetaTag>
    <MetaTag type="xsd:string" name="UserTag">St</MetaTag>
    <MetaTag type="xsd:string" name="UserTag">Thomas</MetaTag>
    <MediaLocator>
     <MediaUri>https://www.youtube.com/watch?v=7dKyocNfeng</MediaUri>
     <MediaPreview>http://i.ytimg.com/vi/7dKyocNfeng/default.jpg</MediaPreview>
    </MediaLocator>
    <MediaCreationInformation>
     <Author>
      <Name>DivingStThomas</Name>
     </Author>
     <Licensing>All right reserved</Licensing>
    </MediaCreationInformation>
    <MediaTime>109</MediaTime>
   </MultimediaContent>
   <RealWorldInfo>
    <MetadataUri filetype="rwml">Cowfish.rwml</MetadataUri>
   </RealWorldInfo>
  </ContentObjectTypes>
  <Tags>
   <MetaTag type="xsd:string" name="UserTag">Underwater</MetaTag>
   <MetaTag type="xsd:string" name="UserTag">Divetimortasitolu</MetaTag>
   <MetaTag type="xsd:string" name="UserTag">Timorleste</MetaTag>
   <MetaTag type="xsd:string" name="UserTag">Easttimor</MetaTag>
   <MetaTag type="xsd:string" name="UserTag">Taxonomy:binomial=lactoriacornuta</MetaTag>
   <MetaTag type="xsd:string" name="UserTag">Animals</MetaTag>
   <MetaTag type="xsd:string" name="UserTag">Scuba</MetaTag>
   <MetaTag type="xsd:string" name="UserTag">Diving</MetaTag>
   <MetaTag type="xsd:string" name="UserTag">Coral</MetaTag>
   <MetaTag type="xsd:string" name="UserTag">Reef</MetaTag>
   <MetaTag type="xsd:string" name="UserTag">St</MetaTag>
   <MetaTag type="xsd:string" name="UserTag">Thomas</MetaTag>
   <MetaTag type="xsd:string" name="Category">02 Fish</MetaTag>
  </Tags>
 </Header>
 <Description>
  <L_Descriptor type="ImageType">
   <MediaName>Cowfish</MediaName>
   <ImageDescription matching="L2Distance" type="SIFT">
    <LowLevelDescriptor descriptorType="xsd:float" totalNumOfDescriptors="8168" descriptorSize="1021">
     <Store type="text">
      <DescriptorLocator>
       <DescriptorUri>http://vcl.iti.gr/is/UC/descr/2D/80000000-8000-0000-F000-000080000226.imgdescr</DescriptorUri>
      </DescriptorLocator>
     </Store>
    </LowLevelDescriptor>
   </ImageDescription>
  </L_Descriptor>
 </Description>
</RUCoD>
