<?xml version='1.0' encoding='UTF-8'?>
<RUCoD xmlns:xsi="http://www.w3.org/2001/XMLSchema-instance" xmlns="http://www.isearch-project.eu/isearch/RUCoD" xmlns:gml="http://www.opengis.net/gml" xmlns:xsd="http://www.w3.org/2001/XMLSchema">
 <Header>
  <ContentObjectType>Multimedia Collection</ContentObjectType>
  <ContentObjectName xml:lang="en-US">Cowfish</ContentObjectName>
  <ContentObjectID>80000000-8000-0000-F000-000080000225</ContentObjectID>
  <ContentObjectVersion>1</ContentObjectVersion>
  <ContentObjectCreationInformation>
   <Creator>
    <Name>CoFetch Script</Name>
   </Creator>
   <Contributor>
    <Name>HS Fulda</Name>
   </Contributor>
   <Contributor>
    <Name>Google</Name>
   </Contributor>
   <Contributor>
    <Name>flickr.com</Name>
   </Contributor>
   <Contributor>
    <Name>wikipedia.org</Name>
   </Contributor>
   <Contributor>
    <Name>freesound.org</Name>
   </Contributor>
   <Contributor>
    <Name>wunderground.com</Name>
   </Contributor>
   <Contributor>
    <Name>youtube.com</Name>
   </Contributor>
  </ContentObjectCreationInformation>
  <ContentObjectTypes>
   <MultimediaContent type="ImageType">
    <FreeText>This odd thing is a variety of cowfish, and is in the first tank as you pass through the turnstyles. There were a pair; this was one of them.</FreeText>
    <MediaName>Cowfish</MediaName>
    <FileFormat>image/jpeg</FileFormat>
    <MetaTag type="xsd:string" name="UserTag">Thedeep</MetaTag>
    <MetaTag type="xsd:string" name="UserTag">Aquarium</MetaTag>
    <MetaTag type="xsd:string" name="UserTag">Hull</MetaTag>
    <MetaTag type="xsd:string" name="UserTag">Fish</MetaTag>
    <MetaTag type="xsd:string" name="UserTag">Cowfish</MetaTag>
    <MediaLocator>
     <MediaUri>http://farm1.staticflickr.com/5/8104596_de471d7abe_b.jpg</MediaUri>
     <MediaPreview>http://farm1.staticflickr.com/5/8104596_de471d7abe_s.jpg</MediaPreview>
    </MediaLocator>
    <MediaCreationInformation>
     <Author>
      <Name>Neil T</Name>
     </Author>
     <Licensing>Attribution-ShareAlike License</Licensing>
    </MediaCreationInformation>
    <Size>471860</Size>
   </MultimediaContent>
   <MultimediaContent type="VideoType">
    <FreeText>Utilla - May 6 - Halberton Wreck Pilot Whale Skeleton Scrawled Cowfish Elegant Anemone Tiger Grouper Jr. Spotted Drum</FreeText>
    <MediaName>Dive Utilla, Day 4</MediaName>
    <MetaTag type="xsd:string" name="UserTag">Animals</MetaTag>
    <MetaTag type="xsd:string" name="UserTag">Utilla</MetaTag>
    <MetaTag type="xsd:string" name="UserTag">Diving</MetaTag>
    <MetaTag type="xsd:string" name="UserTag">May 6</MetaTag>
    <MetaTag type="xsd:string" name="UserTag">2009</MetaTag>
    <MediaLocator>
     <MediaUri>https://www.youtube.com/watch?v=iQz_bYXf__Y</MediaUri>
     <MediaPreview>http://i.ytimg.com/vi/iQz_bYXf__Y/default.jpg</MediaPreview>
    </MediaLocator>
    <MediaCreationInformation>
     <Author>
      <Name>BlueWingGHW</Name>
     </Author>
     <Licensing>All right reserved</Licensing>
    </MediaCreationInformation>
    <MediaTime>221</MediaTime>
   </MultimediaContent>
   <RealWorldInfo>
    <MetadataUri filetype="rwml">Cowfish_2.rwml</MetadataUri>
   </RealWorldInfo>
  </ContentObjectTypes>
  <Tags>
   <MetaTag type="xsd:string" name="UserTag">2009</MetaTag>
   <MetaTag type="xsd:string" name="UserTag">Thedeep</MetaTag>
   <MetaTag type="xsd:string" name="UserTag">Aquarium</MetaTag>
   <MetaTag type="xsd:string" name="UserTag">Hull</MetaTag>
   <MetaTag type="xsd:string" name="UserTag">Fish</MetaTag>
   <MetaTag type="xsd:string" name="UserTag">Cowfish</MetaTag>
   <MetaTag type="xsd:string" name="UserTag">Animals</MetaTag>
   <MetaTag type="xsd:string" name="UserTag">Utilla</MetaTag>
   <MetaTag type="xsd:string" name="UserTag">Diving</MetaTag>
   <MetaTag type="xsd:string" name="UserTag">May 6</MetaTag>
   <MetaTag type="xsd:string" name="Category">02 Fish</MetaTag>
  </Tags>
 </Header>
 <Description>
  <L_Descriptor type="ImageType">
   <MediaName>Cowfish</MediaName>
   <ImageDescription matching="L2Distance" type="SIFT">
    <LowLevelDescriptor descriptorType="xsd:float" totalNumOfDescriptors="8168" descriptorSize="1021">
     <Store type="text">
      <DescriptorLocator>
       <DescriptorUri>http://vcl.iti.gr/is/UC/descr/2D/80000000-8000-0000-F000-000080000225.imgdescr</DescriptorUri>
      </DescriptorLocator>
     </Store>
    </LowLevelDescriptor>
   </ImageDescription>
  </L_Descriptor>
 </Description>
</RUCoD>
