<?xml version='1.0' encoding='UTF-8'?>
<RUCoD xmlns:xsi="http://www.w3.org/2001/XMLSchema-instance" xmlns="http://www.isearch-project.eu/isearch/RUCoD" xmlns:gml="http://www.opengis.net/gml" xmlns:xsd="http://www.w3.org/2001/XMLSchema">
 <Header>
  <ContentObjectType>Multimedia Collection</ContentObjectType>
  <ContentObjectName xml:lang="en-US">Cowfish</ContentObjectName>
  <ContentObjectID>80000000-8000-0000-F000-000080000224</ContentObjectID>
  <ContentObjectVersion>1</ContentObjectVersion>
  <ContentObjectCreationInformation>
   <Creator>
    <Name>CoFetch Script</Name>
   </Creator>
   <Contributor>
    <Name>HS Fulda</Name>
   </Contributor>
   <Contributor>
    <Name>Google</Name>
   </Contributor>
   <Contributor>
    <Name>flickr.com</Name>
   </Contributor>
   <Contributor>
    <Name>wikipedia.org</Name>
   </Contributor>
   <Contributor>
    <Name>freesound.org</Name>
   </Contributor>
   <Contributor>
    <Name>wunderground.com</Name>
   </Contributor>
   <Contributor>
    <Name>youtube.com</Name>
   </Contributor>
  </ContentObjectCreationInformation>
  <ContentObjectTypes>
   <MultimediaContent type="ImageType">
    <FreeText>Cowfish, Sea World, Gold Coast, QLD</FreeText>
    <MediaName>Cowfish</MediaName>
    <FileFormat>image/jpeg</FileFormat>
    <MetaTag type="xsd:string" name="UserTag">Seaworld</MetaTag>
    <MetaTag type="xsd:string" name="UserTag">Goldcoast</MetaTag>
    <MetaTag type="xsd:string" name="UserTag">Qld</MetaTag>
    <MetaTag type="xsd:string" name="UserTag">Mainbeach</MetaTag>
    <MetaTag type="xsd:string" name="UserTag">Cowfish</MetaTag>
    <MetaTag type="xsd:string" name="UserTag">Fish</MetaTag>
    <MediaLocator>
     <MediaUri>http://farm6.staticflickr.com/5094/5508792634_06ca8312bf_b.jpg</MediaUri>
     <MediaPreview>http://farm6.staticflickr.com/5094/5508792634_06ca8312bf_s.jpg</MediaPreview>
    </MediaLocator>
    <MediaCreationInformation>
     <Author>
      <Name>R_P_F</Name>
     </Author>
     <Licensing>All Rights Reserved</Licensing>
    </MediaCreationInformation>
    <Size>419636</Size>
   </MultimediaContent>
   <MultimediaContent type="VideoType">
    <FreeText>Thornback Backed Cowfish filmed whilst Scuba Diving at Racha Yai, Phuket, Thailand. See www.phuketdiversthailand.com or http</FreeText>
    <MediaName>Open Water Course with Cowfish near Phuket, Thailand</MediaName>
    <MetaTag type="xsd:string" name="UserTag">Travel</MetaTag>
    <MetaTag type="xsd:string" name="UserTag">Scuba Diving</MetaTag>
    <MetaTag type="xsd:string" name="UserTag">Phuket</MetaTag>
    <MetaTag type="xsd:string" name="UserTag">Kamala</MetaTag>
    <MetaTag type="xsd:string" name="UserTag">Underwater</MetaTag>
    <MetaTag type="xsd:string" name="UserTag">Thailand</MetaTag>
    <MetaTag type="xsd:string" name="UserTag">Boxfish</MetaTag>
    <MediaLocator>
     <MediaUri>https://www.youtube.com/watch?v=zctQNMFrXkY</MediaUri>
     <MediaPreview>http://i.ytimg.com/vi/zctQNMFrXkY/default.jpg</MediaPreview>
    </MediaLocator>
    <MediaCreationInformation>
     <Author>
      <Name>KamalaDiving</Name>
     </Author>
     <Licensing>All right reserved</Licensing>
    </MediaCreationInformation>
    <MediaTime>40</MediaTime>
   </MultimediaContent>
   <RealWorldInfo>
    <MetadataUri filetype="rwml">Cowfish_1.rwml</MetadataUri>
   </RealWorldInfo>
  </ContentObjectTypes>
  <Tags>
   <MetaTag type="xsd:string" name="UserTag">Seaworld</MetaTag>
   <MetaTag type="xsd:string" name="UserTag">Goldcoast</MetaTag>
   <MetaTag type="xsd:string" name="UserTag">Qld</MetaTag>
   <MetaTag type="xsd:string" name="UserTag">Mainbeach</MetaTag>
   <MetaTag type="xsd:string" name="UserTag">Cowfish</MetaTag>
   <MetaTag type="xsd:string" name="UserTag">Fish</MetaTag>
   <MetaTag type="xsd:string" name="UserTag">Travel</MetaTag>
   <MetaTag type="xsd:string" name="UserTag">Scuba Diving</MetaTag>
   <MetaTag type="xsd:string" name="UserTag">Phuket</MetaTag>
   <MetaTag type="xsd:string" name="UserTag">Kamala</MetaTag>
   <MetaTag type="xsd:string" name="UserTag">Underwater</MetaTag>
   <MetaTag type="xsd:string" name="UserTag">Thailand</MetaTag>
   <MetaTag type="xsd:string" name="UserTag">Boxfish</MetaTag>
   <MetaTag type="xsd:string" name="Category">02 Fish</MetaTag>
  </Tags>
 </Header>
 <Description>
  <L_Descriptor type="ImageType">
   <MediaName>Cowfish</MediaName>
   <ImageDescription matching="L2Distance" type="SIFT">
    <LowLevelDescriptor descriptorType="xsd:float" totalNumOfDescriptors="8168" descriptorSize="1021">
     <Store type="text">
      <DescriptorLocator>
       <DescriptorUri>http://vcl.iti.gr/is/UC/descr/2D/80000000-8000-0000-F000-000080000224.imgdescr</DescriptorUri>
      </DescriptorLocator>
     </Store>
    </LowLevelDescriptor>
   </ImageDescription>
  </L_Descriptor>
 </Description>
</RUCoD>
