<?xml version='1.0' encoding='UTF-8'?>
<RUCoD xmlns:xsi="http://www.w3.org/2001/XMLSchema-instance" xmlns="http://www.isearch-project.eu/isearch/RUCoD" xmlns:gml="http://www.opengis.net/gml" xmlns:xsd="http://www.w3.org/2001/XMLSchema">
 <Header>
  <ContentObjectType>Multimedia Collection</ContentObjectType>
  <ContentObjectName xml:lang="en-US">Dolphin</ContentObjectName>
  <ContentObjectID>80000000-8000-0000-F000-000080000242</ContentObjectID>
  <ContentObjectVersion>1</ContentObjectVersion>
  <ContentObjectCreationInformation>
   <Creator>
    <Name>CoFetch Script</Name>
   </Creator>
   <Contributor>
    <Name>HS Fulda</Name>
   </Contributor>
   <Contributor>
    <Name>Google</Name>
   </Contributor>
   <Contributor>
    <Name>flickr.com</Name>
   </Contributor>
   <Contributor>
    <Name>wikipedia.org</Name>
   </Contributor>
   <Contributor>
    <Name>freesound.org</Name>
   </Contributor>
   <Contributor>
    <Name>wunderground.com</Name>
   </Contributor>
   <Contributor>
    <Name>youtube.com</Name>
   </Contributor>
  </ContentObjectCreationInformation>
  <ContentObjectTypes>
   <MultimediaContent type="Object3D">
    <FreeText>Just a dolphin</FreeText>
    <MediaName>Animals - Dolphin</MediaName>
    <MetaTag type="xsd:string" name="UserTag">Dolphin</MetaTag>
    <MediaLocator>
     <MediaUri>http://sketchup.google.com/3dwarehouse/download?mid=a1069c9544b1d456f2f958133e63bd6f&amp;rtyp=zip&amp;fn=Delphin&amp;ctyp=other&amp;ts=1283078336000&amp;ct=gd</MediaUri>
     <MediaPreview>http://sketchup.google.com/3dwarehouse/download?mid=a1069c9544b1d456f2f958133e63bd6f&amp;rtyp=lt&amp;ctyp=other&amp;ts=1283078336000&amp;ct=gd</MediaPreview>
    </MediaLocator>
    <MediaCreationInformation>
     <Author>
      <Name>mandun (http://sketchup.google.com/3dwarehouse/search?uq=0004043920460615056142412&amp;scoring=m&amp;ct=gd)</Name>
     </Author>
     <Licensing>Google 3D Warehouse License</Licensing>
    </MediaCreationInformation>
    <Size>869980</Size>
   </MultimediaContent>
   <MultimediaContent type="ImageType">
    <FreeText>The dolphins enjoy racing boats, and they usually win!</FreeText>
    <MediaName>Dolphins Underwater Maldives</MediaName>
    <FileFormat>image/jpeg</FileFormat>
    <MetaTag type="xsd:string" name="UserTag">Maldives</MetaTag>
    <MetaTag type="xsd:string" name="UserTag">Dolphins</MetaTag>
    <MediaLocator>
     <MediaUri>http://farm3.staticflickr.com/2480/3698631150_efab342eea_z.jpg?zz=1</MediaUri>
     <MediaPreview>http://farm3.staticflickr.com/2480/3698631150_efab342eea_s.jpg</MediaPreview>
    </MediaLocator>
    <MediaCreationInformation>
     <Author>
      <Name>Rebecca Love</Name>
     </Author>
     <Licensing>All Rights Reserved</Licensing>
    </MediaCreationInformation>
    <Size>183936</Size>
   </MultimediaContent>
   <MultimediaContent type="VideoType">
    <FreeText>Spinner dolphins superpod with freedivers offshore of Drake Bay Osa, Costa Rica Commercial fishermen kill them here on a regular basis yet they still freedive and play with people! Jam on with the dolphins. They got no national park in Costa Rica. They need really really need one. Only Osa. Pelagic Park Please. Dolphin Dance Trace Costa Rica Mix by Shawn Larkin and Bigger Blue 2010 Recorded at The Guaco. Copyright All Rights Reserved.</FreeText>
    <MediaName>Superpod of Spinner Dolphins Underwater Pelagic Park Costa Rica Osa music bigger blue</MediaName>
    <MetaTag type="xsd:string" name="UserTag">Animals</MetaTag>
    <MetaTag type="xsd:string" name="UserTag">Diving</MetaTag>
    <MetaTag type="xsd:string" name="UserTag">Sportfishing</MetaTag>
    <MetaTag type="xsd:string" name="UserTag">Ecotours</MetaTag>
    <MetaTag type="xsd:string" name="UserTag">Adventure</MetaTag>
    <MetaTag type="xsd:string" name="UserTag">Yachting</MetaTag>
    <MediaLocator>
     <MediaUri>https://www.youtube.com/watch?v=D1dtx6l6k2g</MediaUri>
     <MediaPreview>http://i.ytimg.com/vi/D1dtx6l6k2g/default.jpg</MediaPreview>
    </MediaLocator>
    <MediaCreationInformation>
     <Author>
      <Name>CostaCetacea</Name>
     </Author>
     <Licensing>All right reserved</Licensing>
    </MediaCreationInformation>
    <MediaTime>313</MediaTime>
   </MultimediaContent>
   <RealWorldInfo>
    <MetadataUri filetype="rwml">Dolphin.rwml</MetadataUri>
   </RealWorldInfo>
  </ContentObjectTypes>
  <Tags>
   <MetaTag type="xsd:string" name="UserTag">Dolphin</MetaTag>
   <MetaTag type="xsd:string" name="UserTag">Maldives</MetaTag>
   <MetaTag type="xsd:string" name="UserTag">Dolphins</MetaTag>
   <MetaTag type="xsd:string" name="UserTag">Animals</MetaTag>
   <MetaTag type="xsd:string" name="UserTag">Diving</MetaTag>
   <MetaTag type="xsd:string" name="UserTag">Sportfishing</MetaTag>
   <MetaTag type="xsd:string" name="UserTag">Ecotours</MetaTag>
   <MetaTag type="xsd:string" name="UserTag">Adventure</MetaTag>
   <MetaTag type="xsd:string" name="UserTag">Yachting</MetaTag>
   <MetaTag type="xsd:string" name="Category">02 Fish</MetaTag>
  </Tags>
 </Header>
 <Description>
  <L_Descriptor type="ImageType">
   <MediaName>Dolphins Underwater Maldives</MediaName>
   <ImageDescription matching="L2Distance" type="SIFT">
    <LowLevelDescriptor descriptorType="xsd:float" totalNumOfDescriptors="8168" descriptorSize="1021">
     <Store type="text">
      <DescriptorLocator>
       <DescriptorUri>http://vcl.iti.gr/is/UC/descr/2D/80000000-8000-0000-F000-000080000242.imgdescr</DescriptorUri>
      </DescriptorLocator>
     </Store>
    </LowLevelDescriptor>
   </ImageDescription>
  </L_Descriptor>
  <L_Descriptor type="Object3D">
   <MediaName>Animals - Dolphin</MediaName>
   <Shape3DDescription matching="MultiViewL2" type="CMVD">
    <LowLevelDescriptor descriptorType="xsd:float" totalNumOfDescriptors="212" descriptorSize="3816" totalNumOfViews="18">
     <Store type="text">
      <DescriptorLocator>
       <DescriptorUri>http://vcl.iti.gr/is/UC/descr/3D/80000000-8000-0000-F000-000080000242.zip.txt</DescriptorUri>
      </DescriptorLocator>
     </Store>
    </LowLevelDescriptor>
   </Shape3DDescription>
  </L_Descriptor>
 </Description>
</RUCoD>
