<?xml version='1.0' encoding='UTF-8'?>
<RUCoD xmlns:xsi="http://www.w3.org/2001/XMLSchema-instance" xmlns="http://www.isearch-project.eu/isearch/RUCoD" xmlns:gml="http://www.opengis.net/gml" xmlns:xsd="http://www.w3.org/2001/XMLSchema">
 <Header>
  <ContentObjectType>Multimedia Collection</ContentObjectType>
  <ContentObjectName xml:lang="en-US">Dolphin</ContentObjectName>
  <ContentObjectID>80000000-8000-0000-F000-00008000023A</ContentObjectID>
  <ContentObjectVersion>1</ContentObjectVersion>
  <ContentObjectCreationInformation>
   <Creator>
    <Name>CoFetch Script</Name>
   </Creator>
   <Contributor>
    <Name>HS Fulda</Name>
   </Contributor>
   <Contributor>
    <Name>Google</Name>
   </Contributor>
   <Contributor>
    <Name>flickr.com</Name>
   </Contributor>
   <Contributor>
    <Name>wikipedia.org</Name>
   </Contributor>
   <Contributor>
    <Name>freesound.org</Name>
   </Contributor>
   <Contributor>
    <Name>wunderground.com</Name>
   </Contributor>
   <Contributor>
    <Name>youtube.com</Name>
   </Contributor>
  </ContentObjectCreationInformation>
  <ContentObjectTypes>
   <MultimediaContent type="Object3D">
    <FreeText>a 3-d dolphin</FreeText>
    <MediaName>dolphin</MediaName>
    <MetaTag type="xsd:string" name="UserTag">Dolphin</MetaTag>
    <MediaLocator>
     <MediaUri>http://sketchup.google.com/3dwarehouse/download?mid=cb4a571bccf98da05673d4e6feae4c6a&amp;rtyp=zip&amp;fn=dolphin&amp;ctyp=other&amp;ts=1233013102000&amp;ct=gd</MediaUri>
     <MediaPreview>http://sketchup.google.com/3dwarehouse/download?mid=cb4a571bccf98da05673d4e6feae4c6a&amp;rtyp=lt&amp;ctyp=other&amp;ts=1233013102000&amp;ct=gd</MediaPreview>
    </MediaLocator>
    <MediaCreationInformation>
     <Author>
      <Name>3-d (http://sketchup.google.com/3dwarehouse/search?uq=1059680417059626498543549&amp;scoring=m&amp;ct=gd)</Name>
     </Author>
     <Licensing>Google 3D Warehouse License</Licensing>
    </MediaCreationInformation>
    <Size>698381</Size>
   </MultimediaContent>
   <MultimediaContent type="ImageType">
    <FreeText>Dolphin Show at SeaWorld Orlando, Florida. </FreeText>
    <MediaName>Dolphin quartet</MediaName>
    <FileFormat>image/jpeg</FileFormat>
    <MetaTag type="xsd:string" name="UserTag">Dolphin</MetaTag>
    <MetaTag type="xsd:string" name="UserTag">Show</MetaTag>
    <MetaTag type="xsd:string" name="UserTag">Seaworld</MetaTag>
    <MetaTag type="xsd:string" name="UserTag">Sea</MetaTag>
    <MetaTag type="xsd:string" name="UserTag">World</MetaTag>
    <MetaTag type="xsd:string" name="UserTag">Orlando</MetaTag>
    <MetaTag type="xsd:string" name="UserTag">Florida</MetaTag>
    <MetaTag type="xsd:string" name="UserTag">Animal</MetaTag>
    <MediaLocator>
     <MediaUri>http://farm1.staticflickr.com/119/303348394_ab9ca384eb_z.jpg?zz=1</MediaUri>
     <MediaPreview>http://farm1.staticflickr.com/119/303348394_ab9ca384eb_s.jpg</MediaPreview>
    </MediaLocator>
    <MediaCreationInformation>
     <Author>
      <Name>Thom</Name>
     </Author>
     <Licensing>All Rights Reserved</Licensing>
    </MediaCreationInformation>
    <Size>163584</Size>
   </MultimediaContent>
   <MultimediaContent type="VideoType">
    <FreeText>Becky Kagan Schott films a pod of wild spotted dolphins in 3D in the Bahamas. They were very interested in the large camera and you can hear them hitting the camera with their eco location! Amazing animals!</FreeText>
    <MediaName>Wild Dolphins with professional underwater videographer Becky Kagan Schott</MediaName>
    <MetaTag type="xsd:string" name="UserTag">Animals</MetaTag>
    <MetaTag type="xsd:string" name="UserTag">Becky</MetaTag>
    <MetaTag type="xsd:string" name="UserTag">Kagan</MetaTag>
    <MetaTag type="xsd:string" name="UserTag">Schott</MetaTag>
    <MetaTag type="xsd:string" name="UserTag">Professional</MetaTag>
    <MetaTag type="xsd:string" name="UserTag">Underwater</MetaTag>
    <MetaTag type="xsd:string" name="UserTag">Videographer</MetaTag>
    <MediaLocator>
     <MediaUri>https://www.youtube.com/watch?v=6XRbKs9qGuc</MediaUri>
     <MediaPreview>http://i.ytimg.com/vi/6XRbKs9qGuc/default.jpg</MediaPreview>
    </MediaLocator>
    <MediaCreationInformation>
     <Author>
      <Name>BeckyKagan</Name>
     </Author>
     <Licensing>All right reserved</Licensing>
    </MediaCreationInformation>
    <MediaTime>93</MediaTime>
   </MultimediaContent>
   <RealWorldInfo>
    <MetadataUri filetype="rwml">Dolphin_2.rwml</MetadataUri>
   </RealWorldInfo>
  </ContentObjectTypes>
  <Tags>
   <MetaTag type="xsd:string" name="UserTag">Dolphin</MetaTag>
   <MetaTag type="xsd:string" name="UserTag">Show</MetaTag>
   <MetaTag type="xsd:string" name="UserTag">Seaworld</MetaTag>
   <MetaTag type="xsd:string" name="UserTag">Sea</MetaTag>
   <MetaTag type="xsd:string" name="UserTag">World</MetaTag>
   <MetaTag type="xsd:string" name="UserTag">Orlando</MetaTag>
   <MetaTag type="xsd:string" name="UserTag">Florida</MetaTag>
   <MetaTag type="xsd:string" name="UserTag">Animal</MetaTag>
   <MetaTag type="xsd:string" name="UserTag">Animals</MetaTag>
   <MetaTag type="xsd:string" name="UserTag">Becky</MetaTag>
   <MetaTag type="xsd:string" name="UserTag">Kagan</MetaTag>
   <MetaTag type="xsd:string" name="UserTag">Schott</MetaTag>
   <MetaTag type="xsd:string" name="UserTag">Professional</MetaTag>
   <MetaTag type="xsd:string" name="UserTag">Underwater</MetaTag>
   <MetaTag type="xsd:string" name="UserTag">Videographer</MetaTag>
   <MetaTag type="xsd:string" name="Category">02 Fish</MetaTag>
  </Tags>
 </Header>
 <Description>
  <L_Descriptor type="ImageType">
   <MediaName>Dolphin quartet</MediaName>
   <ImageDescription matching="L2Distance" type="SIFT">
    <LowLevelDescriptor descriptorType="xsd:float" totalNumOfDescriptors="8168" descriptorSize="1021">
     <Store type="text">
      <DescriptorLocator>
       <DescriptorUri>http://vcl.iti.gr/is/UC/descr/2D/80000000-8000-0000-F000-00008000023A.imgdescr</DescriptorUri>
      </DescriptorLocator>
     </Store>
    </LowLevelDescriptor>
   </ImageDescription>
  </L_Descriptor>
  <L_Descriptor type="Object3D">
   <MediaName>dolphin</MediaName>
   <Shape3DDescription matching="MultiViewL2" type="CMVD">
    <LowLevelDescriptor descriptorType="xsd:float" totalNumOfDescriptors="212" descriptorSize="3816" totalNumOfViews="18">
     <Store type="text">
      <DescriptorLocator>
       <DescriptorUri>http://vcl.iti.gr/is/UC/descr/3D/80000000-8000-0000-F000-00008000023A.zip.txt</DescriptorUri>
      </DescriptorLocator>
     </Store>
    </LowLevelDescriptor>
   </Shape3DDescription>
  </L_Descriptor>
 </Description>
</RUCoD>
