<?xml version='1.0' encoding='UTF-8'?>
<RUCoD xmlns:xsi="http://www.w3.org/2001/XMLSchema-instance" xmlns="http://www.isearch-project.eu/isearch/RUCoD" xmlns:gml="http://www.opengis.net/gml" xmlns:xsd="http://www.w3.org/2001/XMLSchema">
 <Header>
  <ContentObjectType>Multimedia Collection</ContentObjectType>
  <ContentObjectName xml:lang="en-US">Dolphin</ContentObjectName>
  <ContentObjectID>80000000-8000-0000-F000-00008000023B</ContentObjectID>
  <ContentObjectVersion>1</ContentObjectVersion>
  <ContentObjectCreationInformation>
   <Creator>
    <Name>CoFetch Script</Name>
   </Creator>
   <Contributor>
    <Name>HS Fulda</Name>
   </Contributor>
   <Contributor>
    <Name>Google</Name>
   </Contributor>
   <Contributor>
    <Name>flickr.com</Name>
   </Contributor>
   <Contributor>
    <Name>wikipedia.org</Name>
   </Contributor>
   <Contributor>
    <Name>freesound.org</Name>
   </Contributor>
   <Contributor>
    <Name>wunderground.com</Name>
   </Contributor>
   <Contributor>
    <Name>youtube.com</Name>
   </Contributor>
  </ContentObjectCreationInformation>
  <ContentObjectTypes>
   <MultimediaContent type="ImageType">
    <FreeText>Bottlenose dolphin breaching in the Moray firth. Picture taken from the shore at Chanonry point, Fortrose, Black-isle, Scotland.</FreeText>
    <MediaName>Moray firth dolphin 5/09/10</MediaName>
    <FileFormat>image/jpeg</FileFormat>
    <MetaTag type="xsd:string" name="UserTag">Moray</MetaTag>
    <MetaTag type="xsd:string" name="UserTag">Firth</MetaTag>
    <MetaTag type="xsd:string" name="UserTag">Dolphin</MetaTag>
    <MetaTag type="xsd:string" name="UserTag">Dolphins</MetaTag>
    <MetaTag type="xsd:string" name="UserTag">Bottlenose</MetaTag>
    <MetaTag type="xsd:string" name="UserTag">Chanonry</MetaTag>
    <MetaTag type="xsd:string" name="UserTag">Point</MetaTag>
    <MetaTag type="xsd:string" name="UserTag">Fortrose</MetaTag>
    <MediaLocator>
     <MediaUri>http://farm5.staticflickr.com/4132/4961076277_3656b99712_b.jpg</MediaUri>
     <MediaPreview>http://farm5.staticflickr.com/4132/4961076277_3656b99712_s.jpg</MediaPreview>
    </MediaLocator>
    <MediaCreationInformation>
     <Author>
      <Name>Alister Kemp</Name>
     </Author>
     <Licensing>All Rights Reserved</Licensing>
    </MediaCreationInformation>
    <Size>471245</Size>
   </MultimediaContent>
   <MultimediaContent type="VideoType">
    <FreeText>FIRST TIME EVER CAPTURED ON HD VIDEO UNDERWATER- AN ORCA FEEDING ON A DOLPHIN. CAMERAMAN:GIL ARBEL. gilarbel@hotmail.com</FreeText>
    <MediaName>GIL ARBEL-ORCA FEEDING ON A DOLPHIN UNDERWATER</MediaName>
    <MetaTag type="xsd:string" name="UserTag">Animals</MetaTag>
    <MetaTag type="xsd:string" name="UserTag">GIL</MetaTag>
    <MetaTag type="xsd:string" name="UserTag">ARBEL</MetaTag>
    <MetaTag type="xsd:string" name="UserTag">ORCA</MetaTag>
    <MediaLocator>
     <MediaUri>https://www.youtube.com/watch?v=iGS6HTVrH0E</MediaUri>
     <MediaPreview>http://i.ytimg.com/vi/iGS6HTVrH0E/default.jpg</MediaPreview>
    </MediaLocator>
    <MediaCreationInformation>
     <Author>
      <Name>gilarbel1</Name>
     </Author>
     <Licensing>All right reserved</Licensing>
    </MediaCreationInformation>
    <MediaTime>102</MediaTime>
   </MultimediaContent>
   <RealWorldInfo>
    <MetadataUri filetype="rwml">Dolphin_3.rwml</MetadataUri>
   </RealWorldInfo>
  </ContentObjectTypes>
  <Tags>
   <MetaTag type="xsd:string" name="UserTag">Moray</MetaTag>
   <MetaTag type="xsd:string" name="UserTag">Firth</MetaTag>
   <MetaTag type="xsd:string" name="UserTag">Dolphin</MetaTag>
   <MetaTag type="xsd:string" name="UserTag">Dolphins</MetaTag>
   <MetaTag type="xsd:string" name="UserTag">Bottlenose</MetaTag>
   <MetaTag type="xsd:string" name="UserTag">Chanonry</MetaTag>
   <MetaTag type="xsd:string" name="UserTag">Point</MetaTag>
   <MetaTag type="xsd:string" name="UserTag">Fortrose</MetaTag>
   <MetaTag type="xsd:string" name="UserTag">Animals</MetaTag>
   <MetaTag type="xsd:string" name="UserTag">GIL</MetaTag>
   <MetaTag type="xsd:string" name="UserTag">ARBEL</MetaTag>
   <MetaTag type="xsd:string" name="UserTag">ORCA</MetaTag>
   <MetaTag type="xsd:string" name="Category">02 Fish</MetaTag>
  </Tags>
 </Header>
 <Description>
  <L_Descriptor type="ImageType">
   <MediaName>Moray firth dolphin 5/09/10</MediaName>
   <ImageDescription matching="L2Distance" type="SIFT">
    <LowLevelDescriptor descriptorType="xsd:float" totalNumOfDescriptors="8168" descriptorSize="1021">
     <Store type="text">
      <DescriptorLocator>
       <DescriptorUri>http://vcl.iti.gr/is/UC/descr/2D/80000000-8000-0000-F000-00008000023B.imgdescr</DescriptorUri>
      </DescriptorLocator>
     </Store>
    </LowLevelDescriptor>
   </ImageDescription>
  </L_Descriptor>
 </Description>
</RUCoD>
