<?xml version='1.0' encoding='UTF-8'?>
<RUCoD xmlns:xsi="http://www.w3.org/2001/XMLSchema-instance" xmlns="http://www.isearch-project.eu/isearch/RUCoD" xmlns:gml="http://www.opengis.net/gml" xmlns:xsd="http://www.w3.org/2001/XMLSchema">
 <Header>
  <ContentObjectType>Multimedia Collection</ContentObjectType>
  <ContentObjectName xml:lang="en-US">Dolphin</ContentObjectName>
  <ContentObjectID>80000000-8000-0000-F000-00008000023D</ContentObjectID>
  <ContentObjectVersion>1</ContentObjectVersion>
  <ContentObjectCreationInformation>
   <Creator>
    <Name>CoFetch Script</Name>
   </Creator>
   <Contributor>
    <Name>HS Fulda</Name>
   </Contributor>
   <Contributor>
    <Name>Google</Name>
   </Contributor>
   <Contributor>
    <Name>flickr.com</Name>
   </Contributor>
   <Contributor>
    <Name>wikipedia.org</Name>
   </Contributor>
   <Contributor>
    <Name>freesound.org</Name>
   </Contributor>
   <Contributor>
    <Name>wunderground.com</Name>
   </Contributor>
   <Contributor>
    <Name>youtube.com</Name>
   </Contributor>
  </ContentObjectCreationInformation>
  <ContentObjectTypes>
   <MultimediaContent type="ImageType">
    <FreeText>Dolphins are marine mammals that are closely related to whales and porpoises. There are almost forty species of dolphin in seventeen genera. They vary in size from 1.2 metres (4 ft) and 40 kilograms (88 lb) (Maui's Dolphin), up to 9.5 m (30 ft) and ten tonnes (the Orca or Killer Whale). They are found worldwide, mostly in the shallower seas of the continental shelves, and are carnivores, mostly eating fish and squid. The family Delphinidae is the largest in the Cetacea, and relatively recent: dolphins evolved about ten million years ago, during the Miocene. Dolphins are considered to be amongst the most intelligent of animals and their often friendly appearance and seemingly playful attitude have made them popular in human culture.Wikipedia,Dolphin, 2008&lt;a href="http://en.wikipedia.org/wiki/Dolphin">en.wikipedia.org/wiki/Dolphin&lt;/a></FreeText>
    <MediaName>Dolphins</MediaName>
    <FileFormat>image/jpeg</FileFormat>
    <MetaTag type="xsd:string" name="UserTag">Dolphins</MetaTag>
    <MediaLocator>
     <MediaUri>http://farm4.staticflickr.com/3209/2989054699_bb5060cfa0_b.jpg</MediaUri>
     <MediaPreview>http://farm4.staticflickr.com/3209/2989054699_bb5060cfa0_s.jpg</MediaPreview>
    </MediaLocator>
    <MediaCreationInformation>
     <Author>
      <Name>bee happy123</Name>
     </Author>
     <Licensing>All Rights Reserved</Licensing>
    </MediaCreationInformation>
    <Size>471860</Size>
   </MultimediaContent>
   <MultimediaContent type="VideoType">
    <FreeText>A dramatic video showing 30 beached dolphins being rescued by beachgoers in Brazil has become an internet sensation. (March 8) Subscribe to the Associated Press: bit.ly Download AP Mobile: www.ap.org Associated Press on Facebook: apne.ws Associated Press on Twitter: apne.ws Associated Press on Google+: bit.ly</FreeText>
    <MediaName>Raw Video: Mass Dolphin Rescue Off Rio Coast</MediaName>
    <MetaTag type="xsd:string" name="UserTag">News</MetaTag>
    <MetaTag type="xsd:string" name="UserTag">Dolphin rescue</MetaTag>
    <MetaTag type="xsd:string" name="UserTag">Brazil</MetaTag>
    <MetaTag type="xsd:string" name="UserTag">Rio coast</MetaTag>
    <MetaTag type="xsd:string" name="UserTag">Dolphins</MetaTag>
    <MetaTag type="xsd:string" name="UserTag">Associated press</MetaTag>
    <MediaLocator>
     <MediaUri>https://www.youtube.com/watch?v=rVNUMIrfadM</MediaUri>
     <MediaPreview>http://i.ytimg.com/vi/rVNUMIrfadM/default.jpg</MediaPreview>
    </MediaLocator>
    <MediaCreationInformation>
     <Author>
      <Name>AssociatedPress</Name>
     </Author>
     <Licensing>All right reserved</Licensing>
    </MediaCreationInformation>
    <MediaTime>62</MediaTime>
   </MultimediaContent>
   <RealWorldInfo>
    <MetadataUri filetype="rwml">Dolphin_5.rwml</MetadataUri>
   </RealWorldInfo>
  </ContentObjectTypes>
  <Tags>
   <MetaTag type="xsd:string" name="UserTag">Dolphins</MetaTag>
   <MetaTag type="xsd:string" name="UserTag">News</MetaTag>
   <MetaTag type="xsd:string" name="UserTag">Dolphin rescue</MetaTag>
   <MetaTag type="xsd:string" name="UserTag">Brazil</MetaTag>
   <MetaTag type="xsd:string" name="UserTag">Rio coast</MetaTag>
   <MetaTag type="xsd:string" name="UserTag">Associated press</MetaTag>
   <MetaTag type="xsd:string" name="Category">02 Fish</MetaTag>
  </Tags>
 </Header>
 <Description>
  <L_Descriptor type="ImageType">
   <MediaName>Dolphins</MediaName>
   <ImageDescription matching="L2Distance" type="SIFT">
    <LowLevelDescriptor descriptorType="xsd:float" totalNumOfDescriptors="8168" descriptorSize="1021">
     <Store type="text">
      <DescriptorLocator>
       <DescriptorUri>http://vcl.iti.gr/is/UC/descr/2D/80000000-8000-0000-F000-00008000023D.imgdescr</DescriptorUri>
      </DescriptorLocator>
     </Store>
    </LowLevelDescriptor>
   </ImageDescription>
  </L_Descriptor>
 </Description>
</RUCoD>
