<?xml version='1.0' encoding='UTF-8'?>
<RUCoD xmlns:xsi="http://www.w3.org/2001/XMLSchema-instance" xmlns="http://www.isearch-project.eu/isearch/RUCoD" xmlns:gml="http://www.opengis.net/gml" xmlns:xsd="http://www.w3.org/2001/XMLSchema">
 <Header>
  <ContentObjectType>Multimedia Collection</ContentObjectType>
  <ContentObjectName xml:lang="en-US">Dolphin</ContentObjectName>
  <ContentObjectID>80000000-8000-0000-F000-00008000022A</ContentObjectID>
  <ContentObjectVersion>1</ContentObjectVersion>
  <ContentObjectCreationInformation>
   <Creator>
    <Name>CoFetch Script</Name>
   </Creator>
   <Contributor>
    <Name>HS Fulda</Name>
   </Contributor>
   <Contributor>
    <Name>Google</Name>
   </Contributor>
   <Contributor>
    <Name>flickr.com</Name>
   </Contributor>
   <Contributor>
    <Name>wikipedia.org</Name>
   </Contributor>
   <Contributor>
    <Name>freesound.org</Name>
   </Contributor>
   <Contributor>
    <Name>wunderground.com</Name>
   </Contributor>
   <Contributor>
    <Name>youtube.com</Name>
   </Contributor>
  </ContentObjectCreationInformation>
  <ContentObjectTypes>
   <MultimediaContent type="ImageType">
    <FreeText>This white-sided dolphin was washed up on Nouster Bay a few days ago. It's about 2.5metres long. The gulls had just started nibbling.</FreeText>
    <MediaName>Beached dolphin - beauty!!!</MediaName>
    <FileFormat>image/jpeg</FileFormat>
    <MetaTag type="xsd:string" name="UserTag">Northronaldsay</MetaTag>
    <MetaTag type="xsd:string" name="UserTag">Orkney</MetaTag>
    <MetaTag type="xsd:string" name="UserTag">Cetation</MetaTag>
    <MetaTag type="xsd:string" name="UserTag">Nouster</MetaTag>
    <MetaTag type="xsd:string" name="UserTag">Cetacean</MetaTag>
    <MetaTag type="xsd:string" name="UserTag">Whitesideddolphin</MetaTag>
    <MediaLocator>
     <MediaUri>http://farm4.staticflickr.com/3236/3056330311_590084d354_b.jpg</MediaUri>
     <MediaPreview>http://farm4.staticflickr.com/3236/3056330311_590084d354_s.jpg</MediaPreview>
    </MediaLocator>
    <MediaCreationInformation>
     <Author>
      <Name>Jennifer Batten</Name>
     </Author>
     <Licensing>All Rights Reserved</Licensing>
    </MediaCreationInformation>
    <Size>419636</Size>
   </MultimediaContent>
   <RealWorldInfo>
    <MetadataUri filetype="rwml">Dolphin_13.rwml</MetadataUri>
   </RealWorldInfo>
  </ContentObjectTypes>
  <Tags>
   <MetaTag type="xsd:string" name="UserTag">Northronaldsay</MetaTag>
   <MetaTag type="xsd:string" name="UserTag">Orkney</MetaTag>
   <MetaTag type="xsd:string" name="UserTag">Cetation</MetaTag>
   <MetaTag type="xsd:string" name="UserTag">Nouster</MetaTag>
   <MetaTag type="xsd:string" name="UserTag">Cetacean</MetaTag>
   <MetaTag type="xsd:string" name="UserTag">Whitesideddolphin</MetaTag>
   <MetaTag type="xsd:string" name="Category">02 Fish</MetaTag>
  </Tags>
 </Header>
 <Description>
  <L_Descriptor type="ImageType">
   <MediaName>Beached dolphin - beauty!!!</MediaName>
   <ImageDescription matching="L2Distance" type="SIFT">
    <LowLevelDescriptor descriptorType="xsd:float" totalNumOfDescriptors="8168" descriptorSize="1021">
     <Store type="text">
      <DescriptorLocator>
       <DescriptorUri>http://vcl.iti.gr/is/UC/descr/2D/80000000-8000-0000-F000-00008000022A.imgdescr</DescriptorUri>
      </DescriptorLocator>
     </Store>
    </LowLevelDescriptor>
   </ImageDescription>
  </L_Descriptor>
 </Description>
</RUCoD>
