<?xml version='1.0' encoding='UTF-8'?>
<RUCoD xmlns:xsi="http://www.w3.org/2001/XMLSchema-instance" xmlns="http://www.isearch-project.eu/isearch/RUCoD" xmlns:gml="http://www.opengis.net/gml" xmlns:xsd="http://www.w3.org/2001/XMLSchema">
 <Header>
  <ContentObjectType>Multimedia Collection</ContentObjectType>
  <ContentObjectName xml:lang="en-US">Dolphin</ContentObjectName>
  <ContentObjectID>80000000-8000-0000-F000-000080000227</ContentObjectID>
  <ContentObjectVersion>1</ContentObjectVersion>
  <ContentObjectCreationInformation>
   <Creator>
    <Name>CoFetch Script</Name>
   </Creator>
   <Contributor>
    <Name>HS Fulda</Name>
   </Contributor>
   <Contributor>
    <Name>Google</Name>
   </Contributor>
   <Contributor>
    <Name>flickr.com</Name>
   </Contributor>
   <Contributor>
    <Name>wikipedia.org</Name>
   </Contributor>
   <Contributor>
    <Name>freesound.org</Name>
   </Contributor>
   <Contributor>
    <Name>wunderground.com</Name>
   </Contributor>
   <Contributor>
    <Name>youtube.com</Name>
   </Contributor>
  </ContentObjectCreationInformation>
  <ContentObjectTypes>
   <MultimediaContent type="ImageType">
    <FreeText>Dolphins at Chanonry Point last night.</FreeText>
    <MediaName>Dolphins</MediaName>
    <FileFormat>image/jpeg</FileFormat>
    <MetaTag type="xsd:string" name="UserTag">Dolphin</MetaTag>
    <MetaTag type="xsd:string" name="UserTag">Chanonrypoint</MetaTag>
    <MetaTag type="xsd:string" name="UserTag">Morayfirth</MetaTag>
    <MediaLocator>
     <MediaUri>http://farm9.staticflickr.com/8425/7503242682_5e8c852051_b.jpg</MediaUri>
     <MediaPreview>http://farm9.staticflickr.com/8425/7503242682_5e8c852051_s.jpg</MediaPreview>
    </MediaLocator>
    <MediaCreationInformation>
     <Author>
      <Name>Mairi Macaulay</Name>
     </Author>
     <Licensing>All Rights Reserved</Licensing>
    </MediaCreationInformation>
    <Size>422400</Size>
   </MultimediaContent>
   <MultimediaContent type="VideoType">
    <FreeText>THE CLOSEST VIDEO OF DOLPHINS ON YOUTUBE! - Keep watching till 2mins in! The Build-up is well worth it! Filmed, from my our small family boat, 10/04/2007 in Cardigan Bay, West Wales. The Dolphins swim around and under our small boat as we explore the beautiful West Wales coast. We visit the dolphins several times a year now but this still has to be one of the best filmed encounters we've had. What you see here is a snapshot of over 2 hours out at sea!</FreeText>
    <MediaName>Dolphins in Cardigan Bay, West Wales - The Best Family Welsh Dolphin Video - close enough to touch</MediaName>
    <MetaTag type="xsd:string" name="UserTag">Travel</MetaTag>
    <MetaTag type="xsd:string" name="UserTag">West</MetaTag>
    <MetaTag type="xsd:string" name="UserTag">Wales</MetaTag>
    <MetaTag type="xsd:string" name="UserTag">Dolphins</MetaTag>
    <MetaTag type="xsd:string" name="UserTag">Cardigan</MetaTag>
    <MetaTag type="xsd:string" name="UserTag">Bay</MetaTag>
    <MetaTag type="xsd:string" name="UserTag">Bottlenose</MetaTag>
    <MediaLocator>
     <MediaUri>https://www.youtube.com/watch?v=Uvrart8syqA</MediaUri>
     <MediaPreview>http://i.ytimg.com/vi/Uvrart8syqA/default.jpg</MediaPreview>
    </MediaLocator>
    <MediaCreationInformation>
     <Author>
      <Name>DJEvacuated</Name>
     </Author>
     <Licensing>All right reserved</Licensing>
    </MediaCreationInformation>
    <MediaTime>325</MediaTime>
   </MultimediaContent>
   <RealWorldInfo>
    <MetadataUri filetype="rwml">Dolphin_10.rwml</MetadataUri>
   </RealWorldInfo>
  </ContentObjectTypes>
  <Tags>
   <MetaTag type="xsd:string" name="UserTag">Dolphin</MetaTag>
   <MetaTag type="xsd:string" name="UserTag">Chanonrypoint</MetaTag>
   <MetaTag type="xsd:string" name="UserTag">Morayfirth</MetaTag>
   <MetaTag type="xsd:string" name="UserTag">Travel</MetaTag>
   <MetaTag type="xsd:string" name="UserTag">West</MetaTag>
   <MetaTag type="xsd:string" name="UserTag">Wales</MetaTag>
   <MetaTag type="xsd:string" name="UserTag">Dolphins</MetaTag>
   <MetaTag type="xsd:string" name="UserTag">Cardigan</MetaTag>
   <MetaTag type="xsd:string" name="UserTag">Bay</MetaTag>
   <MetaTag type="xsd:string" name="UserTag">Bottlenose</MetaTag>
   <MetaTag type="xsd:string" name="Category">02 Fish</MetaTag>
  </Tags>
 </Header>
 <Description>
  <L_Descriptor type="ImageType">
   <MediaName>Dolphins</MediaName>
   <ImageDescription matching="L2Distance" type="SIFT">
    <LowLevelDescriptor descriptorType="xsd:float" totalNumOfDescriptors="8168" descriptorSize="1021">
     <Store type="text">
      <DescriptorLocator>
       <DescriptorUri>http://vcl.iti.gr/is/UC/descr/2D/80000000-8000-0000-F000-000080000227.imgdescr</DescriptorUri>
      </DescriptorLocator>
     </Store>
    </LowLevelDescriptor>
   </ImageDescription>
  </L_Descriptor>
 </Description>
</RUCoD>
