<?xml version='1.0' encoding='UTF-8'?>
<RUCoD xmlns:xsi="http://www.w3.org/2001/XMLSchema-instance" xmlns="http://www.isearch-project.eu/isearch/RUCoD" xmlns:gml="http://www.opengis.net/gml" xmlns:xsd="http://www.w3.org/2001/XMLSchema">
 <Header>
  <ContentObjectType>Multimedia Collection</ContentObjectType>
  <ContentObjectName xml:lang="en-US">Dolphin</ContentObjectName>
  <ContentObjectID>80000000-8000-0000-F000-000080000231</ContentObjectID>
  <ContentObjectVersion>1</ContentObjectVersion>
  <ContentObjectCreationInformation>
   <Creator>
    <Name>CoFetch Script</Name>
   </Creator>
   <Contributor>
    <Name>HS Fulda</Name>
   </Contributor>
   <Contributor>
    <Name>Google</Name>
   </Contributor>
   <Contributor>
    <Name>flickr.com</Name>
   </Contributor>
   <Contributor>
    <Name>wikipedia.org</Name>
   </Contributor>
   <Contributor>
    <Name>freesound.org</Name>
   </Contributor>
   <Contributor>
    <Name>wunderground.com</Name>
   </Contributor>
   <Contributor>
    <Name>youtube.com</Name>
   </Contributor>
  </ContentObjectCreationInformation>
  <ContentObjectTypes>
   <MultimediaContent type="Object3D">
    <FreeText>Just a model I accidentely deleted earlier</FreeText>
    <MediaName>bottle nosed dolphin</MediaName>
    <MetaTag type="xsd:string" name="UserTag">Dolphin</MetaTag>
    <MediaLocator>
     <MediaUri>http://sketchup.google.com/3dwarehouse/download?mid=629b8b6d544680c8e47a6d9b35bbb550&amp;rtyp=zip&amp;fn=bottle+nosed+dolphin&amp;ctyp=other&amp;ts=1202486547000&amp;ct=gd</MediaUri>
     <MediaPreview>http://sketchup.google.com/3dwarehouse/download?mid=629b8b6d544680c8e47a6d9b35bbb550&amp;rtyp=lt&amp;ctyp=other&amp;ts=1202486547000&amp;ct=gd</MediaPreview>
    </MediaLocator>
    <MediaCreationInformation>
     <Author>
      <Name>raybearmass (http://sketchup.google.com/3dwarehouse/search?uq=0794399748861449220665443&amp;scoring=m&amp;ct=gd)</Name>
     </Author>
     <Licensing>Google 3D Warehouse License</Licensing>
    </MediaCreationInformation>
    <Size>198916</Size>
   </MultimediaContent>
   <MultimediaContent type="ImageType">
    <FreeText>Dolphins underwater at the Mirage Hotel Casino, Las Vegas, Nevada.Follow me on Facebook: Rogue Socks Photography. This image is available for license / publication:  Email Mick@RogueSocks.com</FreeText>
    <MediaName>Dolphins-underwater-Mirage-Hotel-Casino-las-Vegas-002.jpg</MediaName>
    <FileFormat>image/jpeg</FileFormat>
    <MetaTag type="xsd:string" name="UserTag">Allcasino</MetaTag>
    <MetaTag type="xsd:string" name="UserTag">Casino</MetaTag>
    <MetaTag type="xsd:string" name="UserTag">Dolphin</MetaTag>
    <MetaTag type="xsd:string" name="UserTag">Dolphinsvegasstrip</MetaTag>
    <MetaTag type="xsd:string" name="UserTag">Lasvegassecretgarden</MetaTag>
    <MetaTag type="xsd:string" name="UserTag">Mgmmiragedolphins</MetaTag>
    <MetaTag type="xsd:string" name="UserTag">Mirage</MetaTag>
    <MetaTag type="xsd:string" name="UserTag">Miragecasinolasvegas</MetaTag>
    <MediaLocator>
     <MediaUri>http://farm3.staticflickr.com/2664/5783712464_52036bbdb3_b.jpg</MediaUri>
     <MediaPreview>http://farm3.staticflickr.com/2664/5783712464_52036bbdb3_s.jpg</MediaPreview>
    </MediaLocator>
    <MediaCreationInformation>
     <Author>
      <Name>Mick Gallagher</Name>
     </Author>
     <Licensing>All Rights Reserved</Licensing>
    </MediaCreationInformation>
    <Size>419021</Size>
   </MultimediaContent>
   <MultimediaContent type="VideoType">
    <FreeText>Dolphin diving adventure in Honduras at Anthony's Key Resort</FreeText>
    <MediaName>Diving with Dolphins</MediaName>
    <MetaTag type="xsd:string" name="UserTag">Animals</MetaTag>
    <MetaTag type="xsd:string" name="UserTag">Diving</MetaTag>
    <MetaTag type="xsd:string" name="UserTag">Dolphin</MetaTag>
    <MetaTag type="xsd:string" name="UserTag">Anthony's</MetaTag>
    <MetaTag type="xsd:string" name="UserTag">Key</MetaTag>
    <MetaTag type="xsd:string" name="UserTag">Honduras</MetaTag>
    <MetaTag type="xsd:string" name="UserTag">Water</MetaTag>
    <MediaLocator>
     <MediaUri>https://www.youtube.com/watch?v=AOR7SEkMk10</MediaUri>
     <MediaPreview>http://i.ytimg.com/vi/AOR7SEkMk10/default.jpg</MediaPreview>
    </MediaLocator>
    <MediaCreationInformation>
     <Author>
      <Name>cljchjones</Name>
     </Author>
     <Licensing>All right reserved</Licensing>
    </MediaCreationInformation>
    <MediaTime>577</MediaTime>
   </MultimediaContent>
   <RealWorldInfo>
    <MetadataUri filetype="rwml">Dolphin_1.rwml</MetadataUri>
   </RealWorldInfo>
  </ContentObjectTypes>
  <Tags>
   <MetaTag type="xsd:string" name="UserTag">Dolphin</MetaTag>
   <MetaTag type="xsd:string" name="UserTag">Allcasino</MetaTag>
   <MetaTag type="xsd:string" name="UserTag">Casino</MetaTag>
   <MetaTag type="xsd:string" name="UserTag">Dolphinsvegasstrip</MetaTag>
   <MetaTag type="xsd:string" name="UserTag">Lasvegassecretgarden</MetaTag>
   <MetaTag type="xsd:string" name="UserTag">Mgmmiragedolphins</MetaTag>
   <MetaTag type="xsd:string" name="UserTag">Mirage</MetaTag>
   <MetaTag type="xsd:string" name="UserTag">Miragecasinolasvegas</MetaTag>
   <MetaTag type="xsd:string" name="UserTag">Animals</MetaTag>
   <MetaTag type="xsd:string" name="UserTag">Diving</MetaTag>
   <MetaTag type="xsd:string" name="UserTag">Anthony's</MetaTag>
   <MetaTag type="xsd:string" name="UserTag">Key</MetaTag>
   <MetaTag type="xsd:string" name="UserTag">Honduras</MetaTag>
   <MetaTag type="xsd:string" name="UserTag">Water</MetaTag>
   <MetaTag type="xsd:string" name="Category">02 Fish</MetaTag>
  </Tags>
 </Header>
 <Description>
  <L_Descriptor type="ImageType">
   <MediaName>Dolphins-underwater-Mirage-Hotel-Casino-las-Vegas-002.jpg</MediaName>
   <ImageDescription matching="L2Distance" type="SIFT">
    <LowLevelDescriptor descriptorType="xsd:float" totalNumOfDescriptors="8168" descriptorSize="1021">
     <Store type="text">
      <DescriptorLocator>
       <DescriptorUri>http://vcl.iti.gr/is/UC/descr/2D/80000000-8000-0000-F000-000080000231.imgdescr</DescriptorUri>
      </DescriptorLocator>
     </Store>
    </LowLevelDescriptor>
   </ImageDescription>
  </L_Descriptor>
  <L_Descriptor type="Object3D">
   <MediaName>bottle nosed dolphin</MediaName>
   <Shape3DDescription matching="MultiViewL2" type="CMVD">
    <LowLevelDescriptor descriptorType="xsd:float" totalNumOfDescriptors="212" descriptorSize="3816" totalNumOfViews="18">
     <Store type="text">
      <DescriptorLocator>
       <DescriptorUri>http://vcl.iti.gr/is/UC/descr/3D/80000000-8000-0000-F000-000080000231.zip.txt</DescriptorUri>
      </DescriptorLocator>
     </Store>
    </LowLevelDescriptor>
   </Shape3DDescription>
  </L_Descriptor>
 </Description>
</RUCoD>
