<?xml version='1.0' encoding='UTF-8'?>
<RUCoD xmlns:xsi="http://www.w3.org/2001/XMLSchema-instance" xmlns="http://www.isearch-project.eu/isearch/RUCoD" xmlns:gml="http://www.opengis.net/gml" xmlns:xsd="http://www.w3.org/2001/XMLSchema">
 <Header>
  <ContentObjectType>Multimedia Collection</ContentObjectType>
  <ContentObjectName xml:lang="en-US">Dolphin</ContentObjectName>
  <ContentObjectID>80000000-8000-0000-F000-000080000237</ContentObjectID>
  <ContentObjectVersion>1</ContentObjectVersion>
  <ContentObjectCreationInformation>
   <Creator>
    <Name>CoFetch Script</Name>
   </Creator>
   <Contributor>
    <Name>HS Fulda</Name>
   </Contributor>
   <Contributor>
    <Name>Google</Name>
   </Contributor>
   <Contributor>
    <Name>flickr.com</Name>
   </Contributor>
   <Contributor>
    <Name>wikipedia.org</Name>
   </Contributor>
   <Contributor>
    <Name>freesound.org</Name>
   </Contributor>
   <Contributor>
    <Name>wunderground.com</Name>
   </Contributor>
   <Contributor>
    <Name>youtube.com</Name>
   </Contributor>
  </ContentObjectCreationInformation>
  <ContentObjectTypes>
   <MultimediaContent type="ImageType">
    <FreeText>Near the end of our fishing trip we saw dolphins!  Lots and lots of dolphins!  There must've been over a hundred swimming around us and along the front of the boat.  Unfortunately I didn't have my lens of choice mounted at the time and in fear of missing the opportunity I shot with what I had.  (sigh) I wish I had my telephoto on, there were some farther out going vertical and spinning... damn show offs!  It was definitely the most exciting part of the day.</FreeText>
    <MediaName>dolphin</MediaName>
    <FileFormat>image/jpeg</FileFormat>
    <MetaTag type="xsd:string" name="UserTag">Dolphin</MetaTag>
    <MetaTag type="xsd:string" name="UserTag">Maui</MetaTag>
    <MetaTag type="xsd:string" name="UserTag">Deepseafishing</MetaTag>
    <MediaLocator>
     <MediaUri>http://farm1.staticflickr.com/93/268131917_0c0e94e6b8_b.jpg</MediaUri>
     <MediaPreview>http://farm1.staticflickr.com/93/268131917_0c0e94e6b8_s.jpg</MediaPreview>
    </MediaLocator>
    <MediaCreationInformation>
     <Author>
      <Name>Mark Lee</Name>
     </Author>
     <Licensing>Attribution-NoDerivs License</Licensing>
    </MediaCreationInformation>
    <Size>419636</Size>
   </MultimediaContent>
   <RealWorldInfo>
    <MetadataUri filetype="rwml">Dolphin_25.rwml</MetadataUri>
   </RealWorldInfo>
  </ContentObjectTypes>
  <Tags>
   <MetaTag type="xsd:string" name="UserTag">Dolphin</MetaTag>
   <MetaTag type="xsd:string" name="UserTag">Maui</MetaTag>
   <MetaTag type="xsd:string" name="UserTag">Deepseafishing</MetaTag>
   <MetaTag type="xsd:string" name="Category">02 Fish</MetaTag>
  </Tags>
 </Header>
 <Description>
  <L_Descriptor type="ImageType">
   <MediaName>dolphin</MediaName>
   <ImageDescription matching="L2Distance" type="SIFT">
    <LowLevelDescriptor descriptorType="xsd:float" totalNumOfDescriptors="8168" descriptorSize="1021">
     <Store type="text">
      <DescriptorLocator>
       <DescriptorUri>http://vcl.iti.gr/is/UC/descr/2D/80000000-8000-0000-F000-000080000237.imgdescr</DescriptorUri>
      </DescriptorLocator>
     </Store>
    </LowLevelDescriptor>
   </ImageDescription>
  </L_Descriptor>
 </Description>
</RUCoD>
