<?xml version='1.0' encoding='UTF-8'?>
<RUCoD xmlns:xsi="http://www.w3.org/2001/XMLSchema-instance" xmlns="http://www.isearch-project.eu/isearch/RUCoD" xmlns:gml="http://www.opengis.net/gml" xmlns:xsd="http://www.w3.org/2001/XMLSchema">
 <Header>
  <ContentObjectType>Multimedia Collection</ContentObjectType>
  <ContentObjectName xml:lang="en-US">Gilthead</ContentObjectName>
  <ContentObjectID>80000000-8000-0000-F000-000080000253</ContentObjectID>
  <ContentObjectVersion>1</ContentObjectVersion>
  <ContentObjectCreationInformation>
   <Creator>
    <Name>CoFetch Script</Name>
   </Creator>
   <Contributor>
    <Name>HS Fulda</Name>
   </Contributor>
   <Contributor>
    <Name>Google</Name>
   </Contributor>
   <Contributor>
    <Name>flickr.com</Name>
   </Contributor>
   <Contributor>
    <Name>wikipedia.org</Name>
   </Contributor>
   <Contributor>
    <Name>freesound.org</Name>
   </Contributor>
   <Contributor>
    <Name>wunderground.com</Name>
   </Contributor>
   <Contributor>
    <Name>youtube.com</Name>
   </Contributor>
  </ContentObjectCreationInformation>
  <ContentObjectTypes>
   <MultimediaContent type="ImageType">
    <FreeText>&lt;b>Gilthead Seabream&lt;/b> - &lt;i>Sparus aurata&lt;/i> Linnaeus, 1758 &lt;a href="http://www.flickr.com/photos/puffinbytes/tags/spb:id=00YM">[more of this species]&lt;/a>This bream is best identified by the gold stripe that runs between its eyes. There is a large black blotch on its shoulder and black on the rear edge of the tail.&lt;b>Date: &lt;/b>September 17, 2011&lt;b>Location: &lt;/b>Hastings Blue Reef Aquarium &lt;a href="http://www.flickr.com/photos/puffinbytes/tags/spb:lid=00BO">[more at this location]&lt;/a>&lt;b>Country: &lt;/b>United Kingdom&lt;a href="http://sites.google.com/site/speciesbase/" rel="nofollow">Click here to view my photographic wildlife checklists&lt;/a>&lt;b>&amp;copy;Copyright Notice&lt;/b>&lt;i>This photograph and all those within my photostream are protected by copyright. They may not be reproduced, copied, transmitted or manipulated without &lt;a href="mailto:puffinbytes@yahoo.com.au" rel="nofollow">written permission&lt;/a>.&lt;/i></FreeText>
    <MediaName>Gilthead Seabream - Sparus aurata</MediaName>
    <FileFormat>image/jpeg</FileFormat>
    <MetaTag type="xsd:string" name="UserTag">Spb:id=00ym</MetaTag>
    <MetaTag type="xsd:string" name="UserTag">Sparus</MetaTag>
    <MetaTag type="xsd:string" name="UserTag">Taxonomy:genus=sparus</MetaTag>
    <MetaTag type="xsd:string" name="UserTag">Sparusaurata</MetaTag>
    <MetaTag type="xsd:string" name="UserTag">Taxonomy:species=aurata</MetaTag>
    <MetaTag type="xsd:string" name="UserTag">Taxonomy:binomial=sparusaurata</MetaTag>
    <MetaTag type="xsd:string" name="UserTag">Spb:species=sparusaurata</MetaTag>
    <MetaTag type="xsd:string" name="UserTag">Giltheadseabream</MetaTag>
    <MediaLocator>
     <MediaUri>http://farm7.staticflickr.com/6177/6189810074_8f11cf025d.jpg</MediaUri>
     <MediaPreview>http://farm7.staticflickr.com/6177/6189810074_8f11cf025d_s.jpg</MediaPreview>
    </MediaLocator>
    <MediaCreationInformation>
     <Author>
      <Name>Vin</Name>
     </Author>
     <Licensing>All Rights Reserved</Licensing>
    </MediaCreationInformation>
    <Size>92160</Size>
   </MultimediaContent>
   <RealWorldInfo>
    <MetadataUri filetype="rwml">Gilthead.rwml</MetadataUri>
   </RealWorldInfo>
  </ContentObjectTypes>
  <Tags>
   <MetaTag type="xsd:string" name="UserTag">Spb:id=00ym</MetaTag>
   <MetaTag type="xsd:string" name="UserTag">Sparus</MetaTag>
   <MetaTag type="xsd:string" name="UserTag">Taxonomy:genus=sparus</MetaTag>
   <MetaTag type="xsd:string" name="UserTag">Sparusaurata</MetaTag>
   <MetaTag type="xsd:string" name="UserTag">Taxonomy:species=aurata</MetaTag>
   <MetaTag type="xsd:string" name="UserTag">Taxonomy:binomial=sparusaurata</MetaTag>
   <MetaTag type="xsd:string" name="UserTag">Spb:species=sparusaurata</MetaTag>
   <MetaTag type="xsd:string" name="UserTag">Giltheadseabream</MetaTag>
   <MetaTag type="xsd:string" name="Category">02 Fish</MetaTag>
  </Tags>
 </Header>
 <Description>
  <L_Descriptor type="ImageType">
   <MediaName>Gilthead Seabream - Sparus aurata</MediaName>
   <ImageDescription matching="L2Distance" type="SIFT">
    <LowLevelDescriptor descriptorType="xsd:float" totalNumOfDescriptors="8168" descriptorSize="1021">
     <Store type="text">
      <DescriptorLocator>
       <DescriptorUri>http://vcl.iti.gr/is/UC/descr/2D/80000000-8000-0000-F000-000080000253.imgdescr</DescriptorUri>
      </DescriptorLocator>
     </Store>
    </LowLevelDescriptor>
   </ImageDescription>
  </L_Descriptor>
 </Description>
</RUCoD>
