<?xml version='1.0' encoding='UTF-8'?>
<RUCoD xmlns:xsi="http://www.w3.org/2001/XMLSchema-instance" xmlns="http://www.isearch-project.eu/isearch/RUCoD" xmlns:gml="http://www.opengis.net/gml" xmlns:xsd="http://www.w3.org/2001/XMLSchema">
 <Header>
  <ContentObjectType>Multimedia Collection</ContentObjectType>
  <ContentObjectName xml:lang="en-US">Gilthead</ContentObjectName>
  <ContentObjectID>80000000-8000-0000-F000-00008000024F</ContentObjectID>
  <ContentObjectVersion>1</ContentObjectVersion>
  <ContentObjectCreationInformation>
   <Creator>
    <Name>CoFetch Script</Name>
   </Creator>
   <Contributor>
    <Name>HS Fulda</Name>
   </Contributor>
   <Contributor>
    <Name>Google</Name>
   </Contributor>
   <Contributor>
    <Name>flickr.com</Name>
   </Contributor>
   <Contributor>
    <Name>wikipedia.org</Name>
   </Contributor>
   <Contributor>
    <Name>freesound.org</Name>
   </Contributor>
   <Contributor>
    <Name>wunderground.com</Name>
   </Contributor>
   <Contributor>
    <Name>youtube.com</Name>
   </Contributor>
  </ContentObjectCreationInformation>
  <ContentObjectTypes>
   <MultimediaContent type="ImageType">
    <FreeText>cc licensed image via &lt;a href="http://commons.wikimedia.org/wiki/File:Doraden.jpg" rel="nofollow">commons.wikimedia.org/wiki/File:Doraden.jpg&lt;/a> by &lt;a href="http://commons.wikimedia.org/wiki/User:Tvabutzku1234" rel="nofollow">User:Tvabutzku1234&lt;/a>&lt;a href="http://en.wikipedia.org/wiki/Gilt-head_bream" rel="nofollow">en.wikipedia.org/wiki/Gilt-head_bream&lt;/a>Delicous baked in lemon, olive oil, garlic and parsley&lt;a href="http://www.channel4.com/programmes/hughs-fish-fight/articles/gilthead-bream" rel="nofollow">www.channel4.com/programmes/hughs-fish-fight/articles/gil...&lt;/a>Yum!</FreeText>
    <MediaName>Τσιπούρα: gilt-head (sea) bream (Sparus aurata) by Tvabutzku1234</MediaName>
    <FileFormat>image/jpeg</FileFormat>
    <MetaTag type="xsd:string" name="UserTag">Gilthead</MetaTag>
    <MetaTag type="xsd:string" name="UserTag">Giltheadbream</MetaTag>
    <MetaTag type="xsd:string" name="UserTag">Bream</MetaTag>
    <MetaTag type="xsd:string" name="UserTag">Seabream</MetaTag>
    <MetaTag type="xsd:string" name="UserTag">Fish</MetaTag>
    <MetaTag type="xsd:string" name="UserTag">Τσιπούρα</MetaTag>
    <MetaTag type="xsd:string" name="UserTag">Doraden</MetaTag>
    <MetaTag type="xsd:string" name="UserTag">Sparus</MetaTag>
    <MediaLocator>
     <MediaUri>http://farm6.staticflickr.com/5327/7095715239_b1f4f0e536_h.jpg</MediaUri>
     <MediaPreview>http://farm6.staticflickr.com/5327/7095715239_a6cb7bcb14_s.jpg</MediaPreview>
    </MediaLocator>
    <MediaCreationInformation>
     <Author>
      <Name>Duncan Hull</Name>
     </Author>
     <Licensing>Attribution License</Licensing>
    </MediaCreationInformation>
    <Size>833280</Size>
   </MultimediaContent>
   <RealWorldInfo>
    <MetadataUri filetype="rwml">Gilthead_6.rwml</MetadataUri>
   </RealWorldInfo>
  </ContentObjectTypes>
  <Tags>
   <MetaTag type="xsd:string" name="UserTag">Gilthead</MetaTag>
   <MetaTag type="xsd:string" name="UserTag">Giltheadbream</MetaTag>
   <MetaTag type="xsd:string" name="UserTag">Bream</MetaTag>
   <MetaTag type="xsd:string" name="UserTag">Seabream</MetaTag>
   <MetaTag type="xsd:string" name="UserTag">Fish</MetaTag>
   <MetaTag type="xsd:string" name="UserTag">Τσιπούρα</MetaTag>
   <MetaTag type="xsd:string" name="UserTag">Doraden</MetaTag>
   <MetaTag type="xsd:string" name="UserTag">Sparus</MetaTag>
   <MetaTag type="xsd:string" name="Category">02 Fish</MetaTag>
  </Tags>
 </Header>
 <Description>
  <L_Descriptor type="ImageType">
   <MediaName>Τσιπούρα: gilt-head (sea) bream (Sparus aurata) by Tvabutzku1234</MediaName>
   <ImageDescription matching="L2Distance" type="SIFT">
    <LowLevelDescriptor descriptorType="xsd:float" totalNumOfDescriptors="8168" descriptorSize="1021">
     <Store type="text">
      <DescriptorLocator>
       <DescriptorUri>http://vcl.iti.gr/is/UC/descr/2D/80000000-8000-0000-F000-00008000024F.imgdescr</DescriptorUri>
      </DescriptorLocator>
     </Store>
    </LowLevelDescriptor>
   </ImageDescription>
  </L_Descriptor>
 </Description>
</RUCoD>
