<?xml version='1.0' encoding='UTF-8'?>
<RUCoD xmlns:xsi="http://www.w3.org/2001/XMLSchema-instance" xmlns="http://www.isearch-project.eu/isearch/RUCoD" xmlns:gml="http://www.opengis.net/gml" xmlns:xsd="http://www.w3.org/2001/XMLSchema">
 <Header>
  <ContentObjectType>Multimedia Collection</ContentObjectType>
  <ContentObjectName xml:lang="en-US">Gilthead</ContentObjectName>
  <ContentObjectID>80000000-8000-0000-F000-00008000024B</ContentObjectID>
  <ContentObjectVersion>1</ContentObjectVersion>
  <ContentObjectCreationInformation>
   <Creator>
    <Name>CoFetch Script</Name>
   </Creator>
   <Contributor>
    <Name>HS Fulda</Name>
   </Contributor>
   <Contributor>
    <Name>Google</Name>
   </Contributor>
   <Contributor>
    <Name>flickr.com</Name>
   </Contributor>
   <Contributor>
    <Name>wikipedia.org</Name>
   </Contributor>
   <Contributor>
    <Name>freesound.org</Name>
   </Contributor>
   <Contributor>
    <Name>wunderground.com</Name>
   </Contributor>
   <Contributor>
    <Name>youtube.com</Name>
   </Contributor>
  </ContentObjectCreationInformation>
  <ContentObjectTypes>
   <MultimediaContent type="ImageType">
    <FreeText>Gilthead seabreamMay 25, 2011Ionian SeaLefkada, Greece Licensed by Getty Images&lt;a href="http://www.gettyimages.com/detail/130287657/Flickr-Open" rel="nofollow">See it on Getty&lt;/a></FreeText>
    <MediaName>Sparus aurata | Gilthead seabream</MediaName>
    <FileFormat>image/jpeg</FileFormat>
    <MetaTag type="xsd:string" name="UserTag">Underwater</MetaTag>
    <MetaTag type="xsd:string" name="UserTag">Photography</MetaTag>
    <MetaTag type="xsd:string" name="UserTag">Freediving</MetaTag>
    <MetaTag type="xsd:string" name="UserTag">Ivan</MetaTag>
    <MetaTag type="xsd:string" name="UserTag">Bakardjiev</MetaTag>
    <MetaTag type="xsd:string" name="UserTag">Wishbone</MetaTag>
    <MetaTag type="xsd:string" name="UserTag">Иван</MetaTag>
    <MetaTag type="xsd:string" name="UserTag">Бакърджиев</MetaTag>
    <MediaLocator>
     <MediaUri>http://farm7.staticflickr.com/6143/5963825006_ee0209ef39_b.jpg</MediaUri>
     <MediaPreview>http://farm7.staticflickr.com/6143/5963825006_ee0209ef39_s.jpg</MediaPreview>
    </MediaLocator>
    <MediaCreationInformation>
     <Author>
      <Name>Ivan Bakardjiev</Name>
     </Author>
     <Licensing>All Rights Reserved</Licensing>
    </MediaCreationInformation>
    <Size>255840</Size>
   </MultimediaContent>
   <RealWorldInfo>
    <MetadataUri filetype="rwml">Gilthead_2.rwml</MetadataUri>
   </RealWorldInfo>
  </ContentObjectTypes>
  <Tags>
   <MetaTag type="xsd:string" name="UserTag">Underwater</MetaTag>
   <MetaTag type="xsd:string" name="UserTag">Photography</MetaTag>
   <MetaTag type="xsd:string" name="UserTag">Freediving</MetaTag>
   <MetaTag type="xsd:string" name="UserTag">Ivan</MetaTag>
   <MetaTag type="xsd:string" name="UserTag">Bakardjiev</MetaTag>
   <MetaTag type="xsd:string" name="UserTag">Wishbone</MetaTag>
   <MetaTag type="xsd:string" name="UserTag">Иван</MetaTag>
   <MetaTag type="xsd:string" name="UserTag">Бакърджиев</MetaTag>
   <MetaTag type="xsd:string" name="Category">02 Fish</MetaTag>
  </Tags>
 </Header>
 <Description>
  <L_Descriptor type="ImageType">
   <MediaName>Sparus aurata | Gilthead seabream</MediaName>
   <ImageDescription matching="L2Distance" type="SIFT">
    <LowLevelDescriptor descriptorType="xsd:float" totalNumOfDescriptors="8168" descriptorSize="1021">
     <Store type="text">
      <DescriptorLocator>
       <DescriptorUri>http://vcl.iti.gr/is/UC/descr/2D/80000000-8000-0000-F000-00008000024B.imgdescr</DescriptorUri>
      </DescriptorLocator>
     </Store>
    </LowLevelDescriptor>
   </ImageDescription>
  </L_Descriptor>
 </Description>
</RUCoD>
