<?xml version='1.0' encoding='UTF-8'?>
<RUCoD xmlns:xsi="http://www.w3.org/2001/XMLSchema-instance" xmlns="http://www.isearch-project.eu/isearch/RUCoD" xmlns:gml="http://www.opengis.net/gml" xmlns:xsd="http://www.w3.org/2001/XMLSchema">
 <Header>
  <ContentObjectType>Multimedia Collection</ContentObjectType>
  <ContentObjectName xml:lang="en-US">Gilthead</ContentObjectName>
  <ContentObjectID>80000000-8000-0000-F000-000080000252</ContentObjectID>
  <ContentObjectVersion>1</ContentObjectVersion>
  <ContentObjectCreationInformation>
   <Creator>
    <Name>CoFetch Script</Name>
   </Creator>
   <Contributor>
    <Name>HS Fulda</Name>
   </Contributor>
   <Contributor>
    <Name>Google</Name>
   </Contributor>
   <Contributor>
    <Name>flickr.com</Name>
   </Contributor>
   <Contributor>
    <Name>wikipedia.org</Name>
   </Contributor>
   <Contributor>
    <Name>freesound.org</Name>
   </Contributor>
   <Contributor>
    <Name>wunderground.com</Name>
   </Contributor>
   <Contributor>
    <Name>youtube.com</Name>
   </Contributor>
  </ContentObjectCreationInformation>
  <ContentObjectTypes>
   <MultimediaContent type="ImageType">
    <FreeText>A series of six photos. (4) light &amp;amp; shadows</FreeText>
    <MediaName>Seabream Still Series (4/6)</MediaName>
    <FileFormat>image/jpeg</FileFormat>
    <MetaTag type="xsd:string" name="UserTag">Food</MetaTag>
    <MetaTag type="xsd:string" name="UserTag">Foodphotography</MetaTag>
    <MetaTag type="xsd:string" name="UserTag">Gilthead</MetaTag>
    <MetaTag type="xsd:string" name="UserTag">Seabream</MetaTag>
    <MetaTag type="xsd:string" name="UserTag">Fishseafoodsilverplatelemon</MetaTag>
    <MetaTag type="xsd:string" name="UserTag">Foodstyling</MetaTag>
    <MetaTag type="xsd:string" name="UserTag">Thorstenkraska</MetaTag>
    <MetaTag type="xsd:string" name="UserTag">Foodpresentation</MetaTag>
    <MediaLocator>
     <MediaUri>http://farm3.staticflickr.com/2077/2207200624_73645b305a.jpg</MediaUri>
     <MediaPreview>http://farm3.staticflickr.com/2077/2207200624_73645b305a_s.jpg</MediaPreview>
    </MediaLocator>
    <MediaCreationInformation>
     <Author>
      <Name>Thorsten Kraska</Name>
     </Author>
     <Licensing>All Rights Reserved</Licensing>
    </MediaCreationInformation>
    <Size>100500</Size>
   </MultimediaContent>
   <RealWorldInfo>
    <MetadataUri filetype="rwml">Gilthead_9.rwml</MetadataUri>
   </RealWorldInfo>
  </ContentObjectTypes>
  <Tags>
   <MetaTag type="xsd:string" name="UserTag">Food</MetaTag>
   <MetaTag type="xsd:string" name="UserTag">Foodphotography</MetaTag>
   <MetaTag type="xsd:string" name="UserTag">Gilthead</MetaTag>
   <MetaTag type="xsd:string" name="UserTag">Seabream</MetaTag>
   <MetaTag type="xsd:string" name="UserTag">Fishseafoodsilverplatelemon</MetaTag>
   <MetaTag type="xsd:string" name="UserTag">Foodstyling</MetaTag>
   <MetaTag type="xsd:string" name="UserTag">Thorstenkraska</MetaTag>
   <MetaTag type="xsd:string" name="UserTag">Foodpresentation</MetaTag>
   <MetaTag type="xsd:string" name="Category">02 Fish</MetaTag>
  </Tags>
 </Header>
 <Description>
  <L_Descriptor type="ImageType">
   <MediaName>Seabream Still Series (4/6)</MediaName>
   <ImageDescription matching="L2Distance" type="SIFT">
    <LowLevelDescriptor descriptorType="xsd:float" totalNumOfDescriptors="8168" descriptorSize="1021">
     <Store type="text">
      <DescriptorLocator>
       <DescriptorUri>http://vcl.iti.gr/is/UC/descr/2D/80000000-8000-0000-F000-000080000252.imgdescr</DescriptorUri>
      </DescriptorLocator>
     </Store>
    </LowLevelDescriptor>
   </ImageDescription>
  </L_Descriptor>
 </Description>
</RUCoD>
