<?xml version='1.0' encoding='UTF-8'?>
<RUCoD xmlns:xsi="http://www.w3.org/2001/XMLSchema-instance" xmlns="http://www.isearch-project.eu/isearch/RUCoD" xmlns:gml="http://www.opengis.net/gml" xmlns:xsd="http://www.w3.org/2001/XMLSchema">
 <Header>
  <ContentObjectType>Multimedia Collection</ContentObjectType>
  <ContentObjectName xml:lang="en-US">Goldfish</ContentObjectName>
  <ContentObjectID>80000000-8000-0000-F000-000080000254</ContentObjectID>
  <ContentObjectVersion>1</ContentObjectVersion>
  <ContentObjectCreationInformation>
   <Creator>
    <Name>CoFetch Script</Name>
   </Creator>
   <Contributor>
    <Name>HS Fulda</Name>
   </Contributor>
   <Contributor>
    <Name>Google</Name>
   </Contributor>
   <Contributor>
    <Name>flickr.com</Name>
   </Contributor>
   <Contributor>
    <Name>wikipedia.org</Name>
   </Contributor>
   <Contributor>
    <Name>freesound.org</Name>
   </Contributor>
   <Contributor>
    <Name>wunderground.com</Name>
   </Contributor>
   <Contributor>
    <Name>youtube.com</Name>
   </Contributor>
  </ContentObjectCreationInformation>
  <ContentObjectTypes>
   <MultimediaContent type="Object3D">
    <FreeText>golden fish created using a circle + pull/push</FreeText>
    <MediaName>golden fish</MediaName>
    <MetaTag type="xsd:string" name="UserTag">Goldfish</MetaTag>
    <MediaLocator>
     <MediaUri>http://sketchup.google.com/3dwarehouse/download?mid=62c36148af9ad8c4a88b19fa94d0af77&amp;rtyp=zip&amp;fn=golden+japanese+fish&amp;ctyp=other&amp;ts=1206870432000&amp;ct=gd</MediaUri>
     <MediaPreview>http://sketchup.google.com/3dwarehouse/download?mid=62c36148af9ad8c4a88b19fa94d0af77&amp;rtyp=lt&amp;ctyp=other&amp;ts=1206870432000&amp;ct=gd</MediaPreview>
    </MediaLocator>
    <MediaCreationInformation>
     <Author>
      <Name>yegane (http://sketchup.google.com/3dwarehouse/search?uq=0478298181160197389229142&amp;scoring=m&amp;ct=gd)</Name>
     </Author>
     <Licensing>Google 3D Warehouse License</Licensing>
    </MediaCreationInformation>
    <Size>45916</Size>
   </MultimediaContent>
   <MultimediaContent type="ImageType">
    <MediaName>Goldfish</MediaName>
    <FileFormat>image/jpeg</FileFormat>
    <MetaTag type="xsd:string" name="UserTag">Nature</MetaTag>
    <MetaTag type="xsd:string" name="UserTag">Macro</MetaTag>
    <MetaTag type="xsd:string" name="UserTag">Sony</MetaTag>
    <MetaTag type="xsd:string" name="UserTag">Dsch1</MetaTag>
    <MetaTag type="xsd:string" name="UserTag">Fish</MetaTag>
    <MetaTag type="xsd:string" name="UserTag">Goldfish</MetaTag>
    <MetaTag type="xsd:string" name="UserTag">Underwater</MetaTag>
    <MediaLocator>
     <MediaUri>http://farm1.staticflickr.com/105/292527259_5c384ccf98_z.jpg?zz=1</MediaUri>
     <MediaPreview>http://farm1.staticflickr.com/105/292527259_5c384ccf98_s.jpg</MediaPreview>
    </MediaLocator>
    <MediaCreationInformation>
     <Author>
      <Name>Jinto Paul T</Name>
     </Author>
     <Licensing>All Rights Reserved</Licensing>
    </MediaCreationInformation>
    <Size>184320</Size>
   </MultimediaContent>
   <MultimediaContent type="VideoType">
    <FreeText>This video was taken with only the led light on top of the 2nd tank, but mostly using the build in led light on the Panasonic TS2.</FreeText>
    <MediaName>Thai Lionchu lionhead / Ranchu goldfish night time underwater shot</MediaName>
    <MetaTag type="xsd:string" name="UserTag">Animals</MetaTag>
    <MetaTag type="xsd:string" name="UserTag">Goldfish</MetaTag>
    <MetaTag type="xsd:string" name="UserTag">Ranchu</MetaTag>
    <MetaTag type="xsd:string" name="UserTag">Lionhead</MetaTag>
    <MetaTag type="xsd:string" name="UserTag">Lionchu</MetaTag>
    <MetaTag type="xsd:string" name="UserTag">Svr</MetaTag>
    <MetaTag type="xsd:string" name="UserTag">Tvr</MetaTag>
    <MediaLocator>
     <MediaUri>https://www.youtube.com/watch?v=zE7w6wX1ICQ</MediaUri>
     <MediaPreview>http://i.ytimg.com/vi/zE7w6wX1ICQ/default.jpg</MediaPreview>
    </MediaLocator>
    <MediaCreationInformation>
     <Author>
      <Name>ryuken168</Name>
     </Author>
     <Licensing>All right reserved</Licensing>
    </MediaCreationInformation>
    <MediaTime>94</MediaTime>
   </MultimediaContent>
   <RealWorldInfo>
    <MetadataUri filetype="rwml">Goldfish_1.rwml</MetadataUri>
   </RealWorldInfo>
  </ContentObjectTypes>
  <Tags>
   <MetaTag type="xsd:string" name="UserTag">Goldfish</MetaTag>
   <MetaTag type="xsd:string" name="UserTag">Nature</MetaTag>
   <MetaTag type="xsd:string" name="UserTag">Macro</MetaTag>
   <MetaTag type="xsd:string" name="UserTag">Sony</MetaTag>
   <MetaTag type="xsd:string" name="UserTag">Dsch1</MetaTag>
   <MetaTag type="xsd:string" name="UserTag">Fish</MetaTag>
   <MetaTag type="xsd:string" name="UserTag">Underwater</MetaTag>
   <MetaTag type="xsd:string" name="UserTag">Animals</MetaTag>
   <MetaTag type="xsd:string" name="UserTag">Ranchu</MetaTag>
   <MetaTag type="xsd:string" name="UserTag">Lionhead</MetaTag>
   <MetaTag type="xsd:string" name="UserTag">Lionchu</MetaTag>
   <MetaTag type="xsd:string" name="UserTag">Svr</MetaTag>
   <MetaTag type="xsd:string" name="UserTag">Tvr</MetaTag>
   <MetaTag type="xsd:string" name="Category">02 Fish</MetaTag>
  </Tags>
 </Header>
 <Description>
  <L_Descriptor type="ImageType">
   <MediaName>Goldfish</MediaName>
   <ImageDescription matching="L2Distance" type="SIFT">
    <LowLevelDescriptor descriptorType="xsd:float" totalNumOfDescriptors="8168" descriptorSize="1021">
     <Store type="text">
      <DescriptorLocator>
       <DescriptorUri>http://vcl.iti.gr/is/UC/descr/2D/80000000-8000-0000-F000-000080000254.imgdescr</DescriptorUri>
      </DescriptorLocator>
     </Store>
    </LowLevelDescriptor>
   </ImageDescription>
  </L_Descriptor>
  <L_Descriptor type="Object3D">
   <MediaName>golden fish</MediaName>
   <Shape3DDescription matching="MultiViewL2" type="CMVD">
    <LowLevelDescriptor descriptorType="xsd:float" totalNumOfDescriptors="212" descriptorSize="3816" totalNumOfViews="18">
     <Store type="text">
      <DescriptorLocator>
       <DescriptorUri>http://vcl.iti.gr/is/UC/descr/3D/80000000-8000-0000-F000-000080000254.zip.txt</DescriptorUri>
      </DescriptorLocator>
     </Store>
    </LowLevelDescriptor>
   </Shape3DDescription>
  </L_Descriptor>
 </Description>
</RUCoD>
