<?xml version='1.0' encoding='UTF-8'?>
<RUCoD xmlns:xsi="http://www.w3.org/2001/XMLSchema-instance" xmlns="http://www.isearch-project.eu/isearch/RUCoD" xmlns:gml="http://www.opengis.net/gml" xmlns:xsd="http://www.w3.org/2001/XMLSchema">
 <Header>
  <ContentObjectType>Multimedia Collection</ContentObjectType>
  <ContentObjectName xml:lang="en-US">Goldfish</ContentObjectName>
  <ContentObjectID>80000000-8000-0000-F000-000080000255</ContentObjectID>
  <ContentObjectVersion>1</ContentObjectVersion>
  <ContentObjectCreationInformation>
   <Creator>
    <Name>CoFetch Script</Name>
   </Creator>
   <Contributor>
    <Name>HS Fulda</Name>
   </Contributor>
   <Contributor>
    <Name>Google</Name>
   </Contributor>
   <Contributor>
    <Name>flickr.com</Name>
   </Contributor>
   <Contributor>
    <Name>wikipedia.org</Name>
   </Contributor>
   <Contributor>
    <Name>freesound.org</Name>
   </Contributor>
   <Contributor>
    <Name>wunderground.com</Name>
   </Contributor>
   <Contributor>
    <Name>youtube.com</Name>
   </Contributor>
  </ContentObjectCreationInformation>
  <ContentObjectTypes>
   <MultimediaContent type="Object3D">
    <FreeText>A 3D Clownfish</FreeText>
    <MediaName>Fish</MediaName>
    <MetaTag type="xsd:string" name="UserTag">Goldfish</MetaTag>
    <MediaLocator>
     <MediaUri>http://sketchup.google.com/3dwarehouse/download?mid=8e08d0309eeaea3391837c6e444d6d63&amp;rtyp=zip&amp;fn=Untitled&amp;ctyp=other&amp;ts=1202487275000&amp;ct=gd</MediaUri>
     <MediaPreview>http://sketchup.google.com/3dwarehouse/download?mid=8e08d0309eeaea3391837c6e444d6d63&amp;rtyp=lt&amp;ctyp=other&amp;ts=1202487275000&amp;ct=gd</MediaPreview>
    </MediaLocator>
    <MediaCreationInformation>
     <Author>
      <Name>anonymous (http://sketchup.google.com/3dwarehouse/search?uq=1567488339862720064744259&amp;scoring=m&amp;ct=gd)</Name>
     </Author>
     <Licensing>Google 3D Warehouse License</Licensing>
    </MediaCreationInformation>
    <Size>202992</Size>
   </MultimediaContent>
   <MultimediaContent type="ImageType">
    <MediaName>Goldfish</MediaName>
    <FileFormat>image/jpeg</FileFormat>
    <MetaTag type="xsd:string" name="UserTag">Goldfish</MetaTag>
    <MetaTag type="xsd:string" name="UserTag">Fish</MetaTag>
    <MetaTag type="xsd:string" name="UserTag">Water</MetaTag>
    <MetaTag type="xsd:string" name="UserTag">Underwater</MetaTag>
    <MetaTag type="xsd:string" name="UserTag">Pond</MetaTag>
    <MetaTag type="xsd:string" name="UserTag">Leamingtonspa</MetaTag>
    <MetaTag type="xsd:string" name="UserTag">Jephsongardens</MetaTag>
    <MetaTag type="xsd:string" name="UserTag">Swimming</MetaTag>
    <MediaLocator>
     <MediaUri>http://farm4.staticflickr.com/3301/3600223697_8b6b8539c7_b.jpg</MediaUri>
     <MediaPreview>http://farm4.staticflickr.com/3301/3600223697_8b6b8539c7_s.jpg</MediaPreview>
    </MediaLocator>
    <MediaCreationInformation>
     <Author>
      <Name>Elentari86</Name>
     </Author>
     <Licensing>Attribution-NonCommercial-ShareAlike License</Licensing>
    </MediaCreationInformation>
    <Size>471860</Size>
   </MultimediaContent>
   <MultimediaContent type="VideoType">
    <FreeText>Our goldfish and koi. Filmed by Karl and Stephanie Johanson, using Olympus waterproof digital cameras. Victoria BC.</FreeText>
    <MediaName>Pond Fish Underwater Camera 2012</MediaName>
    <MetaTag type="xsd:string" name="UserTag">Sports</MetaTag>
    <MetaTag type="xsd:string" name="UserTag">Pond</MetaTag>
    <MetaTag type="xsd:string" name="UserTag">Fish</MetaTag>
    <MetaTag type="xsd:string" name="UserTag">Koi</MetaTag>
    <MetaTag type="xsd:string" name="UserTag">Goldfish</MetaTag>
    <MetaTag type="xsd:string" name="UserTag">Backyard</MetaTag>
    <MetaTag type="xsd:string" name="UserTag">Aquarium</MetaTag>
    <MediaLocator>
     <MediaUri>https://www.youtube.com/watch?v=0mAY0D-mtjA</MediaUri>
     <MediaPreview>http://i.ytimg.com/vi/0mAY0D-mtjA/default.jpg</MediaPreview>
    </MediaLocator>
    <MediaCreationInformation>
     <Author>
      <Name>KarlJohanson42</Name>
     </Author>
     <Licensing>All right reserved</Licensing>
    </MediaCreationInformation>
    <MediaTime>89</MediaTime>
   </MultimediaContent>
   <RealWorldInfo>
    <MetadataUri filetype="rwml">Goldfish_2.rwml</MetadataUri>
   </RealWorldInfo>
  </ContentObjectTypes>
  <Tags>
   <MetaTag type="xsd:string" name="UserTag">Goldfish</MetaTag>
   <MetaTag type="xsd:string" name="UserTag">Fish</MetaTag>
   <MetaTag type="xsd:string" name="UserTag">Water</MetaTag>
   <MetaTag type="xsd:string" name="UserTag">Underwater</MetaTag>
   <MetaTag type="xsd:string" name="UserTag">Pond</MetaTag>
   <MetaTag type="xsd:string" name="UserTag">Leamingtonspa</MetaTag>
   <MetaTag type="xsd:string" name="UserTag">Jephsongardens</MetaTag>
   <MetaTag type="xsd:string" name="UserTag">Swimming</MetaTag>
   <MetaTag type="xsd:string" name="UserTag">Sports</MetaTag>
   <MetaTag type="xsd:string" name="UserTag">Koi</MetaTag>
   <MetaTag type="xsd:string" name="UserTag">Backyard</MetaTag>
   <MetaTag type="xsd:string" name="UserTag">Aquarium</MetaTag>
   <MetaTag type="xsd:string" name="Category">02 Fish</MetaTag>
  </Tags>
 </Header>
 <Description>
  <L_Descriptor type="ImageType">
   <MediaName>Goldfish</MediaName>
   <ImageDescription matching="L2Distance" type="SIFT">
    <LowLevelDescriptor descriptorType="xsd:float" totalNumOfDescriptors="8168" descriptorSize="1021">
     <Store type="text">
      <DescriptorLocator>
       <DescriptorUri>http://vcl.iti.gr/is/UC/descr/2D/80000000-8000-0000-F000-000080000255.imgdescr</DescriptorUri>
      </DescriptorLocator>
     </Store>
    </LowLevelDescriptor>
   </ImageDescription>
  </L_Descriptor>
  <L_Descriptor type="Object3D">
   <MediaName>Fish</MediaName>
   <Shape3DDescription matching="MultiViewL2" type="CMVD">
    <LowLevelDescriptor descriptorType="xsd:float" totalNumOfDescriptors="212" descriptorSize="3816" totalNumOfViews="18">
     <Store type="text">
      <DescriptorLocator>
       <DescriptorUri>http://vcl.iti.gr/is/UC/descr/3D/80000000-8000-0000-F000-000080000255.zip.txt</DescriptorUri>
      </DescriptorLocator>
     </Store>
    </LowLevelDescriptor>
   </Shape3DDescription>
  </L_Descriptor>
 </Description>
</RUCoD>
