<?xml version='1.0' encoding='UTF-8'?>
<RUCoD xmlns:xsi="http://www.w3.org/2001/XMLSchema-instance" xmlns="http://www.isearch-project.eu/isearch/RUCoD" xmlns:gml="http://www.opengis.net/gml" xmlns:xsd="http://www.w3.org/2001/XMLSchema">
 <Header>
  <ContentObjectType>Multimedia Collection</ContentObjectType>
  <ContentObjectName xml:lang="en-US">Goldfish</ContentObjectName>
  <ContentObjectID>80000000-8000-0000-F000-000080000256</ContentObjectID>
  <ContentObjectVersion>1</ContentObjectVersion>
  <ContentObjectCreationInformation>
   <Creator>
    <Name>CoFetch Script</Name>
   </Creator>
   <Contributor>
    <Name>HS Fulda</Name>
   </Contributor>
   <Contributor>
    <Name>Google</Name>
   </Contributor>
   <Contributor>
    <Name>flickr.com</Name>
   </Contributor>
   <Contributor>
    <Name>wikipedia.org</Name>
   </Contributor>
   <Contributor>
    <Name>freesound.org</Name>
   </Contributor>
   <Contributor>
    <Name>wunderground.com</Name>
   </Contributor>
   <Contributor>
    <Name>youtube.com</Name>
   </Contributor>
  </ContentObjectCreationInformation>
  <ContentObjectTypes>
   <MultimediaContent type="Object3D">
    <FreeText>A cute little guppy</FreeText>
    <MediaName>Guppy</MediaName>
    <MetaTag type="xsd:string" name="UserTag">Goldfish</MetaTag>
    <MediaLocator>
     <MediaUri>http://sketchup.google.com/3dwarehouse/download?mid=88ffa6f0439cd37eec8b4278552324cf&amp;rtyp=zip&amp;fn=Untitled&amp;ctyp=other&amp;ts=1212890764000&amp;ct=gd</MediaUri>
     <MediaPreview>http://sketchup.google.com/3dwarehouse/download?mid=88ffa6f0439cd37eec8b4278552324cf&amp;rtyp=lt&amp;ctyp=other&amp;ts=1212890764000&amp;ct=gd</MediaPreview>
    </MediaLocator>
    <MediaCreationInformation>
     <Author>
      <Name>╚Benjamin╩ (http://sketchup.google.com/3dwarehouse/search?uq=1561273949352263778857317&amp;scoring=m&amp;ct=gd)</Name>
     </Author>
     <Licensing>Google 3D Warehouse License</Licensing>
    </MediaCreationInformation>
    <Size>54835</Size>
   </MultimediaContent>
   <MultimediaContent type="ImageType">
    <MediaName>Goldfish</MediaName>
    <FileFormat>image/jpeg</FileFormat>
    <MetaTag type="xsd:string" name="UserTag">White</MetaTag>
    <MetaTag type="xsd:string" name="UserTag">Goldfish</MetaTag>
    <MetaTag type="xsd:string" name="UserTag">Fish</MetaTag>
    <MetaTag type="xsd:string" name="UserTag">Water</MetaTag>
    <MetaTag type="xsd:string" name="UserTag">Underwater</MetaTag>
    <MetaTag type="xsd:string" name="UserTag">Pond</MetaTag>
    <MetaTag type="xsd:string" name="UserTag">Leamingtonspa</MetaTag>
    <MetaTag type="xsd:string" name="UserTag">Jephsongardens</MetaTag>
    <MediaLocator>
     <MediaUri>http://farm3.staticflickr.com/2469/3600225601_db8b4d4c42_b.jpg</MediaUri>
     <MediaPreview>http://farm3.staticflickr.com/2469/3600225601_db8b4d4c42_s.jpg</MediaPreview>
    </MediaLocator>
    <MediaCreationInformation>
     <Author>
      <Name>Elentari86</Name>
     </Author>
     <Licensing>Attribution-NonCommercial-ShareAlike License</Licensing>
    </MediaCreationInformation>
    <Size>471860</Size>
   </MultimediaContent>
   <MultimediaContent type="VideoType">
    <FreeText>A garden pond containing Ghost koi, goldfish and i believe golden orfs (not quite sure) and a rudd. not my pond, but a pond from where i went on holiday.</FreeText>
    <MediaName>Garden pond - underwater view</MediaName>
    <MetaTag type="xsd:string" name="UserTag">Animals</MetaTag>
    <MetaTag type="xsd:string" name="UserTag">Ghost</MetaTag>
    <MetaTag type="xsd:string" name="UserTag">Koi</MetaTag>
    <MetaTag type="xsd:string" name="UserTag">Fish</MetaTag>
    <MetaTag type="xsd:string" name="UserTag">Goldfish</MetaTag>
    <MetaTag type="xsd:string" name="UserTag">Pond</MetaTag>
    <MetaTag type="xsd:string" name="UserTag">Orf</MetaTag>
    <MediaLocator>
     <MediaUri>https://www.youtube.com/watch?v=8vZeuTDRLzM</MediaUri>
     <MediaPreview>http://i.ytimg.com/vi/8vZeuTDRLzM/default.jpg</MediaPreview>
    </MediaLocator>
    <MediaCreationInformation>
     <Author>
      <Name>alilmutaqaat</Name>
     </Author>
     <Licensing>All right reserved</Licensing>
    </MediaCreationInformation>
    <MediaTime>39</MediaTime>
   </MultimediaContent>
   <RealWorldInfo>
    <MetadataUri filetype="rwml">Goldfish_3.rwml</MetadataUri>
   </RealWorldInfo>
  </ContentObjectTypes>
  <Tags>
   <MetaTag type="xsd:string" name="UserTag">Goldfish</MetaTag>
   <MetaTag type="xsd:string" name="UserTag">White</MetaTag>
   <MetaTag type="xsd:string" name="UserTag">Fish</MetaTag>
   <MetaTag type="xsd:string" name="UserTag">Water</MetaTag>
   <MetaTag type="xsd:string" name="UserTag">Underwater</MetaTag>
   <MetaTag type="xsd:string" name="UserTag">Pond</MetaTag>
   <MetaTag type="xsd:string" name="UserTag">Leamingtonspa</MetaTag>
   <MetaTag type="xsd:string" name="UserTag">Jephsongardens</MetaTag>
   <MetaTag type="xsd:string" name="UserTag">Animals</MetaTag>
   <MetaTag type="xsd:string" name="UserTag">Ghost</MetaTag>
   <MetaTag type="xsd:string" name="UserTag">Koi</MetaTag>
   <MetaTag type="xsd:string" name="UserTag">Orf</MetaTag>
   <MetaTag type="xsd:string" name="Category">02 Fish</MetaTag>
  </Tags>
 </Header>
 <Description>
  <L_Descriptor type="ImageType">
   <MediaName>Goldfish</MediaName>
   <ImageDescription matching="L2Distance" type="SIFT">
    <LowLevelDescriptor descriptorType="xsd:float" totalNumOfDescriptors="8168" descriptorSize="1021">
     <Store type="text">
      <DescriptorLocator>
       <DescriptorUri>http://vcl.iti.gr/is/UC/descr/2D/80000000-8000-0000-F000-000080000256.imgdescr</DescriptorUri>
      </DescriptorLocator>
     </Store>
    </LowLevelDescriptor>
   </ImageDescription>
  </L_Descriptor>
  <L_Descriptor type="Object3D">
   <MediaName>Guppy</MediaName>
   <Shape3DDescription matching="MultiViewL2" type="CMVD">
    <LowLevelDescriptor descriptorType="xsd:float" totalNumOfDescriptors="212" descriptorSize="3816" totalNumOfViews="18">
     <Store type="text">
      <DescriptorLocator>
       <DescriptorUri>http://vcl.iti.gr/is/UC/descr/3D/80000000-8000-0000-F000-000080000256.zip.txt</DescriptorUri>
      </DescriptorLocator>
     </Store>
    </LowLevelDescriptor>
   </Shape3DDescription>
  </L_Descriptor>
 </Description>
</RUCoD>
