<?xml version='1.0' encoding='UTF-8'?>
<RUCoD xmlns:xsi="http://www.w3.org/2001/XMLSchema-instance" xmlns="http://www.isearch-project.eu/isearch/RUCoD" xmlns:gml="http://www.opengis.net/gml" xmlns:xsd="http://www.w3.org/2001/XMLSchema">
 <Header>
  <ContentObjectType>Multimedia Collection</ContentObjectType>
  <ContentObjectName xml:lang="en-US">Goldfish</ContentObjectName>
  <ContentObjectID>80000000-8000-0000-F000-000080000259</ContentObjectID>
  <ContentObjectVersion>1</ContentObjectVersion>
  <ContentObjectCreationInformation>
   <Creator>
    <Name>CoFetch Script</Name>
   </Creator>
   <Contributor>
    <Name>HS Fulda</Name>
   </Contributor>
   <Contributor>
    <Name>Google</Name>
   </Contributor>
   <Contributor>
    <Name>flickr.com</Name>
   </Contributor>
   <Contributor>
    <Name>wikipedia.org</Name>
   </Contributor>
   <Contributor>
    <Name>freesound.org</Name>
   </Contributor>
   <Contributor>
    <Name>wunderground.com</Name>
   </Contributor>
   <Contributor>
    <Name>youtube.com</Name>
   </Contributor>
  </ContentObjectCreationInformation>
  <ContentObjectTypes>
   <MultimediaContent type="Object3D">
    <FreeText>goud vis gemaakt door RL</FreeText>
    <MediaName>goldfish</MediaName>
    <MetaTag type="xsd:string" name="UserTag">Goldfish</MetaTag>
    <MediaLocator>
     <MediaUri>http://sketchup.google.com/3dwarehouse/download?mid=123a3fd52bfed0219b60cedec523bccf&amp;rtyp=zip&amp;fn=Naamloos&amp;ctyp=other&amp;ts=1269102114000&amp;ct=gd</MediaUri>
     <MediaPreview>http://sketchup.google.com/3dwarehouse/download?mid=123a3fd52bfed0219b60cedec523bccf&amp;rtyp=lt&amp;ctyp=other&amp;ts=1269102114000&amp;ct=gd</MediaPreview>
    </MediaLocator>
    <MediaCreationInformation>
     <Author>
      <Name>salamander (http://sketchup.google.com/3dwarehouse/search?uq=0856907846452074052444012&amp;scoring=m&amp;ct=gd)</Name>
     </Author>
     <Licensing>Google 3D Warehouse License</Licensing>
    </MediaCreationInformation>
    <Size>30519</Size>
   </MultimediaContent>
   <MultimediaContent type="ImageType">
    <MediaName>Goldfish Dreaming</MediaName>
    <FileFormat>image/jpeg</FileFormat>
    <MetaTag type="xsd:string" name="UserTag">Goldfish</MetaTag>
    <MetaTag type="xsd:string" name="UserTag">Dreaming</MetaTag>
    <MetaTag type="xsd:string" name="UserTag">Dream</MetaTag>
    <MetaTag type="xsd:string" name="UserTag">Abstract</MetaTag>
    <MetaTag type="xsd:string" name="UserTag">Underwater</MetaTag>
    <MediaLocator>
     <MediaUri>http://farm8.staticflickr.com/7123/7057132091_bd862bdb35_k.jpg</MediaUri>
     <MediaPreview>http://farm8.staticflickr.com/7123/7057132091_925c4fa71a_s.jpg</MediaPreview>
    </MediaLocator>
    <MediaCreationInformation>
     <Author>
      <Name>Jim Dyck</Name>
     </Author>
     <Licensing>All Rights Reserved</Licensing>
    </MediaCreationInformation>
    <Size>1887437</Size>
   </MultimediaContent>
   <MultimediaContent type="VideoType">
    <FreeText>Combined 4 females and 2 males into 1 tank during my daily water cahnge for a video shoot. This video was shot with my Panasonic TS2</FreeText>
    <MediaName>Thai Lionchu lionhead / ranchu goldfish underwater shot</MediaName>
    <MetaTag type="xsd:string" name="UserTag">Animals</MetaTag>
    <MetaTag type="xsd:string" name="UserTag">Goldfish</MetaTag>
    <MetaTag type="xsd:string" name="UserTag">Ranchu</MetaTag>
    <MetaTag type="xsd:string" name="UserTag">Lionhead</MetaTag>
    <MetaTag type="xsd:string" name="UserTag">Lionchu</MetaTag>
    <MetaTag type="xsd:string" name="UserTag">Svr</MetaTag>
    <MetaTag type="xsd:string" name="UserTag">Tvr</MetaTag>
    <MediaLocator>
     <MediaUri>https://www.youtube.com/watch?v=mysheSzGVKg</MediaUri>
     <MediaPreview>http://i.ytimg.com/vi/mysheSzGVKg/default.jpg</MediaPreview>
    </MediaLocator>
    <MediaCreationInformation>
     <Author>
      <Name>ryuken168</Name>
     </Author>
     <Licensing>All right reserved</Licensing>
    </MediaCreationInformation>
    <MediaTime>180</MediaTime>
   </MultimediaContent>
   <RealWorldInfo>
    <MetadataUri filetype="rwml">Goldfish.rwml</MetadataUri>
   </RealWorldInfo>
  </ContentObjectTypes>
  <Tags>
   <MetaTag type="xsd:string" name="UserTag">Goldfish</MetaTag>
   <MetaTag type="xsd:string" name="UserTag">Dreaming</MetaTag>
   <MetaTag type="xsd:string" name="UserTag">Dream</MetaTag>
   <MetaTag type="xsd:string" name="UserTag">Abstract</MetaTag>
   <MetaTag type="xsd:string" name="UserTag">Underwater</MetaTag>
   <MetaTag type="xsd:string" name="UserTag">Animals</MetaTag>
   <MetaTag type="xsd:string" name="UserTag">Ranchu</MetaTag>
   <MetaTag type="xsd:string" name="UserTag">Lionhead</MetaTag>
   <MetaTag type="xsd:string" name="UserTag">Lionchu</MetaTag>
   <MetaTag type="xsd:string" name="UserTag">Svr</MetaTag>
   <MetaTag type="xsd:string" name="UserTag">Tvr</MetaTag>
   <MetaTag type="xsd:string" name="Category">02 Fish</MetaTag>
  </Tags>
 </Header>
 <Description>
  <L_Descriptor type="ImageType">
   <MediaName>Goldfish Dreaming</MediaName>
   <ImageDescription matching="L2Distance" type="SIFT">
    <LowLevelDescriptor descriptorType="xsd:float" totalNumOfDescriptors="8168" descriptorSize="1021">
     <Store type="text">
      <DescriptorLocator>
       <DescriptorUri>http://vcl.iti.gr/is/UC/descr/2D/80000000-8000-0000-F000-000080000259.imgdescr</DescriptorUri>
      </DescriptorLocator>
     </Store>
    </LowLevelDescriptor>
   </ImageDescription>
  </L_Descriptor>
  <L_Descriptor type="Object3D">
   <MediaName>goldfish</MediaName>
   <Shape3DDescription matching="MultiViewL2" type="CMVD">
    <LowLevelDescriptor descriptorType="xsd:float" totalNumOfDescriptors="212" descriptorSize="3816" totalNumOfViews="18">
     <Store type="text">
      <DescriptorLocator>
       <DescriptorUri>http://vcl.iti.gr/is/UC/descr/3D/80000000-8000-0000-F000-000080000259.zip.txt</DescriptorUri>
      </DescriptorLocator>
     </Store>
    </LowLevelDescriptor>
   </Shape3DDescription>
  </L_Descriptor>
 </Description>
</RUCoD>
