<?xml version='1.0' encoding='UTF-8'?>
<RUCoD xmlns:xsi="http://www.w3.org/2001/XMLSchema-instance" xmlns="http://www.isearch-project.eu/isearch/RUCoD" xmlns:gml="http://www.opengis.net/gml" xmlns:xsd="http://www.w3.org/2001/XMLSchema">
 <Header>
  <ContentObjectType>Multimedia Collection</ContentObjectType>
  <ContentObjectName xml:lang="en-US">Grouper</ContentObjectName>
  <ContentObjectID>80000000-8000-0000-F000-000080000271</ContentObjectID>
  <ContentObjectVersion>1</ContentObjectVersion>
  <ContentObjectCreationInformation>
   <Creator>
    <Name>CoFetch Script</Name>
   </Creator>
   <Contributor>
    <Name>HS Fulda</Name>
   </Contributor>
   <Contributor>
    <Name>Google</Name>
   </Contributor>
   <Contributor>
    <Name>flickr.com</Name>
   </Contributor>
   <Contributor>
    <Name>wikipedia.org</Name>
   </Contributor>
   <Contributor>
    <Name>freesound.org</Name>
   </Contributor>
   <Contributor>
    <Name>wunderground.com</Name>
   </Contributor>
   <Contributor>
    <Name>youtube.com</Name>
   </Contributor>
  </ContentObjectCreationInformation>
  <ContentObjectTypes>
   <MultimediaContent type="ImageType">
    <FreeText>Grouper from the oceanary in Lisbon</FreeText>
    <MediaName>Grouper</MediaName>
    <FileFormat>image/jpeg</FileFormat>
    <MetaTag type="xsd:string" name="UserTag">Grouper</MetaTag>
    <MetaTag type="xsd:string" name="UserTag">Garoupa</MetaTag>
    <MetaTag type="xsd:string" name="UserTag">Portugal</MetaTag>
    <MetaTag type="xsd:string" name="UserTag">Oceanary</MetaTag>
    <MetaTag type="xsd:string" name="UserTag">Oceanário</MetaTag>
    <MetaTag type="xsd:string" name="UserTag">Lisboa</MetaTag>
    <MediaLocator>
     <MediaUri>http://farm1.staticflickr.com/40/110033729_8bbce4e1c7_b.jpg</MediaUri>
     <MediaPreview>http://farm1.staticflickr.com/40/110033729_8bbce4e1c7_s.jpg</MediaPreview>
    </MediaLocator>
    <MediaCreationInformation>
     <Author>
      <Name>Xuxus na Alemanha</Name>
     </Author>
     <Licensing>All Rights Reserved</Licensing>
    </MediaCreationInformation>
    <Size>417792</Size>
   </MultimediaContent>
   <RealWorldInfo>
    <MetadataUri filetype="rwml">Grouper_5.rwml</MetadataUri>
   </RealWorldInfo>
  </ContentObjectTypes>
  <Tags>
   <MetaTag type="xsd:string" name="UserTag">Grouper</MetaTag>
   <MetaTag type="xsd:string" name="UserTag">Garoupa</MetaTag>
   <MetaTag type="xsd:string" name="UserTag">Portugal</MetaTag>
   <MetaTag type="xsd:string" name="UserTag">Oceanary</MetaTag>
   <MetaTag type="xsd:string" name="UserTag">Oceanário</MetaTag>
   <MetaTag type="xsd:string" name="UserTag">Lisboa</MetaTag>
   <MetaTag type="xsd:string" name="Category">02 Fish</MetaTag>
  </Tags>
 </Header>
 <Description>
  <L_Descriptor type="ImageType">
   <MediaName>Grouper</MediaName>
   <ImageDescription matching="L2Distance" type="SIFT">
    <LowLevelDescriptor descriptorType="xsd:float" totalNumOfDescriptors="8168" descriptorSize="1021">
     <Store type="text">
      <DescriptorLocator>
       <DescriptorUri>http://vcl.iti.gr/is/UC/descr/2D/80000000-8000-0000-F000-000080000271.imgdescr</DescriptorUri>
      </DescriptorLocator>
     </Store>
    </LowLevelDescriptor>
   </ImageDescription>
  </L_Descriptor>
 </Description>
</RUCoD>
