<?xml version='1.0' encoding='UTF-8'?>
<RUCoD xmlns:xsi="http://www.w3.org/2001/XMLSchema-instance" xmlns="http://www.isearch-project.eu/isearch/RUCoD" xmlns:gml="http://www.opengis.net/gml" xmlns:xsd="http://www.w3.org/2001/XMLSchema">
 <Header>
  <ContentObjectType>Multimedia Collection</ContentObjectType>
  <ContentObjectName xml:lang="en-US">Grouper</ContentObjectName>
  <ContentObjectID>80000000-8000-0000-F000-00008000026D</ContentObjectID>
  <ContentObjectVersion>1</ContentObjectVersion>
  <ContentObjectCreationInformation>
   <Creator>
    <Name>CoFetch Script</Name>
   </Creator>
   <Contributor>
    <Name>HS Fulda</Name>
   </Contributor>
   <Contributor>
    <Name>Google</Name>
   </Contributor>
   <Contributor>
    <Name>flickr.com</Name>
   </Contributor>
   <Contributor>
    <Name>wikipedia.org</Name>
   </Contributor>
   <Contributor>
    <Name>freesound.org</Name>
   </Contributor>
   <Contributor>
    <Name>wunderground.com</Name>
   </Contributor>
   <Contributor>
    <Name>youtube.com</Name>
   </Contributor>
  </ContentObjectCreationInformation>
  <ContentObjectTypes>
   <MultimediaContent type="ImageType">
    <FreeText>Nice grouper  with Avet SX, Accurate, Jigging rods, Deep sea fishing Cancun, Sportfishing Cancun, Isla Mujeres, MX, Avet Reels, Alutecnos Reels, Jigging Cancun, Braid Jiggs, Speed Jigging, Williamson Jiggs, Pakula lures, Moldcraft lures, Islander Lures,  Kianah, Grand Slam, fishing cancun, sailfishing cancun, Dorados, isla, Alutecnos Reels&lt;a href="http://www.deepseafishingcancun.com/" rel="nofollow">www.deepseafishingcancun.com/&lt;/a>&lt;a href="http://www.deepseafishingcancun.com/links.htm" rel="nofollow">www.deepseafishingcancun.com/links.htm&lt;/a></FreeText>
    <MediaName>Grouper , Deep Sea Fishing Cancun</MediaName>
    <FileFormat>image/jpeg</FileFormat>
    <MetaTag type="xsd:string" name="UserTag">Family2010tucan</MetaTag>
    <MetaTag type="xsd:string" name="UserTag">Grouper</MetaTag>
    <MetaTag type="xsd:string" name="UserTag">Avetsx</MetaTag>
    <MetaTag type="xsd:string" name="UserTag">Accurate</MetaTag>
    <MetaTag type="xsd:string" name="UserTag">Jiggingrods</MetaTag>
    <MetaTag type="xsd:string" name="UserTag">Deepseafishingcancun</MetaTag>
    <MetaTag type="xsd:string" name="UserTag">Sportfishingcancun</MetaTag>
    <MetaTag type="xsd:string" name="UserTag">Islamujeres</MetaTag>
    <MediaLocator>
     <MediaUri>http://farm5.staticflickr.com/4096/4884881699_b481a45271_b.jpg</MediaUri>
     <MediaPreview>http://farm5.staticflickr.com/4096/4884881699_b481a45271_s.jpg</MediaPreview>
    </MediaLocator>
    <MediaCreationInformation>
     <Author>
      <Name>Kianahs  Sportfishing Cancun</Name>
     </Author>
     <Licensing>All Rights Reserved</Licensing>
    </MediaCreationInformation>
    <Size>471860</Size>
   </MultimediaContent>
   <RealWorldInfo>
    <MetadataUri filetype="rwml">Grouper_28.rwml</MetadataUri>
   </RealWorldInfo>
  </ContentObjectTypes>
  <Tags>
   <MetaTag type="xsd:string" name="UserTag">Family2010tucan</MetaTag>
   <MetaTag type="xsd:string" name="UserTag">Grouper</MetaTag>
   <MetaTag type="xsd:string" name="UserTag">Avetsx</MetaTag>
   <MetaTag type="xsd:string" name="UserTag">Accurate</MetaTag>
   <MetaTag type="xsd:string" name="UserTag">Jiggingrods</MetaTag>
   <MetaTag type="xsd:string" name="UserTag">Deepseafishingcancun</MetaTag>
   <MetaTag type="xsd:string" name="UserTag">Sportfishingcancun</MetaTag>
   <MetaTag type="xsd:string" name="UserTag">Islamujeres</MetaTag>
   <MetaTag type="xsd:string" name="Category">02 Fish</MetaTag>
  </Tags>
 </Header>
 <Description>
  <L_Descriptor type="ImageType">
   <MediaName>Grouper , Deep Sea Fishing Cancun</MediaName>
   <ImageDescription matching="L2Distance" type="SIFT">
    <LowLevelDescriptor descriptorType="xsd:float" totalNumOfDescriptors="8168" descriptorSize="1021">
     <Store type="text">
      <DescriptorLocator>
       <DescriptorUri>http://vcl.iti.gr/is/UC/descr/2D/80000000-8000-0000-F000-00008000026D.imgdescr</DescriptorUri>
      </DescriptorLocator>
     </Store>
    </LowLevelDescriptor>
   </ImageDescription>
  </L_Descriptor>
 </Description>
</RUCoD>
