<?xml version='1.0' encoding='UTF-8'?>
<RUCoD xmlns:xsi="http://www.w3.org/2001/XMLSchema-instance" xmlns="http://www.isearch-project.eu/isearch/RUCoD" xmlns:gml="http://www.opengis.net/gml" xmlns:xsd="http://www.w3.org/2001/XMLSchema">
 <Header>
  <ContentObjectType>Multimedia Collection</ContentObjectType>
  <ContentObjectName xml:lang="en-US">Grouper</ContentObjectName>
  <ContentObjectID>80000000-8000-0000-F000-000080000276</ContentObjectID>
  <ContentObjectVersion>1</ContentObjectVersion>
  <ContentObjectCreationInformation>
   <Creator>
    <Name>CoFetch Script</Name>
   </Creator>
   <Contributor>
    <Name>HS Fulda</Name>
   </Contributor>
   <Contributor>
    <Name>Google</Name>
   </Contributor>
   <Contributor>
    <Name>flickr.com</Name>
   </Contributor>
   <Contributor>
    <Name>wikipedia.org</Name>
   </Contributor>
   <Contributor>
    <Name>freesound.org</Name>
   </Contributor>
   <Contributor>
    <Name>wunderground.com</Name>
   </Contributor>
   <Contributor>
    <Name>youtube.com</Name>
   </Contributor>
  </ContentObjectCreationInformation>
  <ContentObjectTypes>
   <MultimediaContent type="Object3D">
    <FreeText>Size  11 cm ( 4 in ) this fish  is well known for cleaning larger Fish such as  groupers and eels   it’s found in coral sea beds   In the indo-pacific.</FreeText>
    <MediaName>Photo textured cleaner wrasse</MediaName>
    <MetaTag type="xsd:string" name="UserTag">Grouper</MetaTag>
    <MediaLocator>
     <MediaUri>http://sketchup.google.com/3dwarehouse/download?mid=bbbc2498cc149e1f967bf54a1f364120&amp;rtyp=zip&amp;fn=cleaner+wrass&amp;ctyp=other&amp;ts=1202488001000&amp;ct=gd</MediaUri>
     <MediaPreview>http://sketchup.google.com/3dwarehouse/download?mid=bbbc2498cc149e1f967bf54a1f364120&amp;rtyp=lt&amp;ctyp=other&amp;ts=1202488001000&amp;ct=gd</MediaPreview>
    </MediaLocator>
    <MediaCreationInformation>
     <Author>
      <Name>♣ ♣ tropical land♣ ♣ (http://sketchup.google.com/3dwarehouse/search?uq=1280666056751974530405366&amp;scoring=m&amp;ct=gd)</Name>
     </Author>
     <Licensing>Google 3D Warehouse License</Licensing>
    </MediaCreationInformation>
    <Size>93951</Size>
   </MultimediaContent>
   <MultimediaContent type="ImageType">
    <FreeText>Giant Grouper with juvenile golden trevally in Hafsa Thila - Ari Athol - Maldives</FreeText>
    <MediaName>Grouper in Hafsa Thila</MediaName>
    <FileFormat>image/jpeg</FileFormat>
    <MetaTag type="xsd:string" name="UserTag">Grouper</MetaTag>
    <MetaTag type="xsd:string" name="UserTag">Maldives</MetaTag>
    <MetaTag type="xsd:string" name="UserTag">Golden</MetaTag>
    <MetaTag type="xsd:string" name="UserTag">Trevally</MetaTag>
    <MetaTag type="xsd:string" name="UserTag">Underwater</MetaTag>
    <MediaLocator>
     <MediaUri>http://farm8.staticflickr.com/7165/6559306249_0c222eabac_b.jpg</MediaUri>
     <MediaPreview>http://farm8.staticflickr.com/7165/6559306249_0c222eabac_s.jpg</MediaPreview>
    </MediaLocator>
    <MediaCreationInformation>
     <Author>
      <Name>crazymaddy75</Name>
     </Author>
     <Licensing>All Rights Reserved</Licensing>
    </MediaCreationInformation>
    <Size>582452</Size>
   </MultimediaContent>
   <MultimediaContent type="VideoType">
    <FreeText>Goliath Grouper and big snook on a near shore wreck on a recent dive off of Stuart Florida.</FreeText>
    <MediaName>Goliath Grouper Underwater Dive Video</MediaName>
    <MetaTag type="xsd:string" name="UserTag">Sports</MetaTag>
    <MetaTag type="xsd:string" name="UserTag">Big</MetaTag>
    <MetaTag type="xsd:string" name="UserTag">Snook</MetaTag>
    <MetaTag type="xsd:string" name="UserTag">Goliath</MetaTag>
    <MetaTag type="xsd:string" name="UserTag">Grouper</MetaTag>
    <MetaTag type="xsd:string" name="UserTag">Stuart</MetaTag>
    <MetaTag type="xsd:string" name="UserTag">Florida</MetaTag>
    <MediaLocator>
     <MediaUri>https://www.youtube.com/watch?v=SwD2sDnd-pI</MediaUri>
     <MediaPreview>http://i.ytimg.com/vi/SwD2sDnd-pI/default.jpg</MediaPreview>
    </MediaLocator>
    <MediaCreationInformation>
     <Author>
      <Name>MaritimeProductions</Name>
     </Author>
     <Licensing>All right reserved</Licensing>
    </MediaCreationInformation>
    <MediaTime>255</MediaTime>
   </MultimediaContent>
   <RealWorldInfo>
    <MetadataUri filetype="rwml">Grouper.rwml</MetadataUri>
   </RealWorldInfo>
  </ContentObjectTypes>
  <Tags>
   <MetaTag type="xsd:string" name="UserTag">Grouper</MetaTag>
   <MetaTag type="xsd:string" name="UserTag">Maldives</MetaTag>
   <MetaTag type="xsd:string" name="UserTag">Golden</MetaTag>
   <MetaTag type="xsd:string" name="UserTag">Trevally</MetaTag>
   <MetaTag type="xsd:string" name="UserTag">Underwater</MetaTag>
   <MetaTag type="xsd:string" name="UserTag">Sports</MetaTag>
   <MetaTag type="xsd:string" name="UserTag">Big</MetaTag>
   <MetaTag type="xsd:string" name="UserTag">Snook</MetaTag>
   <MetaTag type="xsd:string" name="UserTag">Goliath</MetaTag>
   <MetaTag type="xsd:string" name="UserTag">Stuart</MetaTag>
   <MetaTag type="xsd:string" name="UserTag">Florida</MetaTag>
   <MetaTag type="xsd:string" name="Category">02 Fish</MetaTag>
  </Tags>
 </Header>
 <Description>
  <L_Descriptor type="ImageType">
   <MediaName>Grouper in Hafsa Thila</MediaName>
   <ImageDescription matching="L2Distance" type="SIFT">
    <LowLevelDescriptor descriptorType="xsd:float" totalNumOfDescriptors="8168" descriptorSize="1021">
     <Store type="text">
      <DescriptorLocator>
       <DescriptorUri>http://vcl.iti.gr/is/UC/descr/2D/80000000-8000-0000-F000-000080000276.imgdescr</DescriptorUri>
      </DescriptorLocator>
     </Store>
    </LowLevelDescriptor>
   </ImageDescription>
  </L_Descriptor>
  <L_Descriptor type="Object3D">
   <MediaName>Photo textured cleaner wrasse</MediaName>
   <Shape3DDescription matching="MultiViewL2" type="CMVD">
    <LowLevelDescriptor descriptorType="xsd:float" totalNumOfDescriptors="212" descriptorSize="3816" totalNumOfViews="18">
     <Store type="text">
      <DescriptorLocator>
       <DescriptorUri>http://vcl.iti.gr/is/UC/descr/3D/80000000-8000-0000-F000-000080000276.zip.txt</DescriptorUri>
      </DescriptorLocator>
     </Store>
    </LowLevelDescriptor>
   </Shape3DDescription>
  </L_Descriptor>
 </Description>
</RUCoD>
