<?xml version='1.0' encoding='UTF-8'?>
<RUCoD xmlns:xsi="http://www.w3.org/2001/XMLSchema-instance" xmlns="http://www.isearch-project.eu/isearch/RUCoD" xmlns:gml="http://www.opengis.net/gml" xmlns:xsd="http://www.w3.org/2001/XMLSchema">
 <Header>
  <ContentObjectType>Multimedia Collection</ContentObjectType>
  <ContentObjectName xml:lang="en-US">Grouper</ContentObjectName>
  <ContentObjectID>80000000-8000-0000-F000-000080000261</ContentObjectID>
  <ContentObjectVersion>1</ContentObjectVersion>
  <ContentObjectCreationInformation>
   <Creator>
    <Name>CoFetch Script</Name>
   </Creator>
   <Contributor>
    <Name>HS Fulda</Name>
   </Contributor>
   <Contributor>
    <Name>Google</Name>
   </Contributor>
   <Contributor>
    <Name>flickr.com</Name>
   </Contributor>
   <Contributor>
    <Name>wikipedia.org</Name>
   </Contributor>
   <Contributor>
    <Name>freesound.org</Name>
   </Contributor>
   <Contributor>
    <Name>wunderground.com</Name>
   </Contributor>
   <Contributor>
    <Name>youtube.com</Name>
   </Contributor>
  </ContentObjectCreationInformation>
  <ContentObjectTypes>
   <MultimediaContent type="ImageType">
    <FreeText>There are all kind of groupers at the liberty wreck off Bali´s Tulamben. Sometimes they are quite interested what the strange clumsy creature with the lamp and camera is up to. Photo taken: June 16, 2010.&lt;a href="http://www.divingbalivideo.com" rel="nofollow">www.divingbalivideo.com&lt;/a> </FreeText>
    <MediaName>grouper - tulamben bali</MediaName>
    <FileFormat>image/jpeg</FileFormat>
    <MetaTag type="xsd:string" name="UserTag">Barsch</MetaTag>
    <MetaTag type="xsd:string" name="UserTag">Grouper</MetaTag>
    <MetaTag type="xsd:string" name="UserTag">Wracktauchen</MetaTag>
    <MetaTag type="xsd:string" name="UserTag">Wreckdiving</MetaTag>
    <MetaTag type="xsd:string" name="UserTag">Tauchenbali</MetaTag>
    <MetaTag type="xsd:string" name="UserTag">Plongéebali</MetaTag>
    <MetaTag type="xsd:string" name="UserTag">Buceobali</MetaTag>
    <MetaTag type="xsd:string" name="UserTag">Slendergrouper</MetaTag>
    <MediaLocator>
     <MediaUri>http://farm5.staticflickr.com/4041/4705448361_33cf597e75_b.jpg</MediaUri>
     <MediaPreview>http://farm5.staticflickr.com/4041/4705448361_33cf597e75_s.jpg</MediaPreview>
    </MediaLocator>
    <MediaCreationInformation>
     <Author>
      <Name>Michael Haas</Name>
     </Author>
     <Licensing>All Rights Reserved</Licensing>
    </MediaCreationInformation>
    <Size>214110</Size>
   </MultimediaContent>
   <RealWorldInfo>
    <MetadataUri filetype="rwml">Grouper_17.rwml</MetadataUri>
   </RealWorldInfo>
  </ContentObjectTypes>
  <Tags>
   <MetaTag type="xsd:string" name="UserTag">Barsch</MetaTag>
   <MetaTag type="xsd:string" name="UserTag">Grouper</MetaTag>
   <MetaTag type="xsd:string" name="UserTag">Wracktauchen</MetaTag>
   <MetaTag type="xsd:string" name="UserTag">Wreckdiving</MetaTag>
   <MetaTag type="xsd:string" name="UserTag">Tauchenbali</MetaTag>
   <MetaTag type="xsd:string" name="UserTag">Plongéebali</MetaTag>
   <MetaTag type="xsd:string" name="UserTag">Buceobali</MetaTag>
   <MetaTag type="xsd:string" name="UserTag">Slendergrouper</MetaTag>
   <MetaTag type="xsd:string" name="Category">02 Fish</MetaTag>
  </Tags>
 </Header>
 <Description>
  <L_Descriptor type="ImageType">
   <MediaName>grouper - tulamben bali</MediaName>
   <ImageDescription matching="L2Distance" type="SIFT">
    <LowLevelDescriptor descriptorType="xsd:float" totalNumOfDescriptors="8168" descriptorSize="1021">
     <Store type="text">
      <DescriptorLocator>
       <DescriptorUri>http://vcl.iti.gr/is/UC/descr/2D/80000000-8000-0000-F000-000080000261.imgdescr</DescriptorUri>
      </DescriptorLocator>
     </Store>
    </LowLevelDescriptor>
   </ImageDescription>
  </L_Descriptor>
 </Description>
</RUCoD>
