<?xml version='1.0' encoding='UTF-8'?>
<RUCoD xmlns:xsi="http://www.w3.org/2001/XMLSchema-instance" xmlns="http://www.isearch-project.eu/isearch/RUCoD" xmlns:gml="http://www.opengis.net/gml" xmlns:xsd="http://www.w3.org/2001/XMLSchema">
 <Header>
  <ContentObjectType>Multimedia Collection</ContentObjectType>
  <ContentObjectName xml:lang="en-US">Mullet (Fish)</ContentObjectName>
  <ContentObjectID>80000000-8000-0000-F000-000080000278</ContentObjectID>
  <ContentObjectVersion>1</ContentObjectVersion>
  <ContentObjectCreationInformation>
   <Creator>
    <Name>CoFetch Script</Name>
   </Creator>
   <Contributor>
    <Name>HS Fulda</Name>
   </Contributor>
   <Contributor>
    <Name>Google</Name>
   </Contributor>
   <Contributor>
    <Name>flickr.com</Name>
   </Contributor>
   <Contributor>
    <Name>wikipedia.org</Name>
   </Contributor>
   <Contributor>
    <Name>freesound.org</Name>
   </Contributor>
   <Contributor>
    <Name>wunderground.com</Name>
   </Contributor>
   <Contributor>
    <Name>youtube.com</Name>
   </Contributor>
  </ContentObjectCreationInformation>
  <ContentObjectTypes>
   <MultimediaContent type="ImageType">
    <MediaName>IMG_2508</MediaName>
    <FileFormat>image/jpeg</FileFormat>
    <MetaTag type="xsd:string" name="UserTag">Gozo</MetaTag>
    <MetaTag type="xsd:string" name="UserTag">Mulletfish</MetaTag>
    <MediaLocator>
     <MediaUri>http://farm4.staticflickr.com/3267/2865923114_f7c524cf97_b.jpg</MediaUri>
     <MediaPreview>http://farm4.staticflickr.com/3267/2865923114_f7c524cf97_s.jpg</MediaPreview>
    </MediaLocator>
    <MediaCreationInformation>
     <Author>
      <Name>sammysnoodlepoodle</Name>
     </Author>
     <Licensing>All Rights Reserved</Licensing>
    </MediaCreationInformation>
    <Size>326861</Size>
   </MultimediaContent>
   <MultimediaContent type="VideoType">
    <FreeText>Criacao de bijupira em cativeiro. Pousada Nautilus - Ilha Grande, Angra dos Reis, Rio de Janeiro, Brasil. Made with Amphibico Dive Buddy EVO housing for Sony A1 camcorder. Nautilus Fish Farming - Cobia Fish. By Celia Suda Kuramoto.</FreeText>
    <MediaName>Bijupira em cativeiro - Pousada Nautilus</MediaName>
    <MetaTag type="xsd:string" name="UserTag">Tech</MetaTag>
    <MetaTag type="xsd:string" name="UserTag">Imagens submarinas</MetaTag>
    <MetaTag type="xsd:string" name="UserTag">Mergulho</MetaTag>
    <MetaTag type="xsd:string" name="UserTag">Underwater</MetaTag>
    <MetaTag type="xsd:string" name="UserTag">Parati</MetaTag>
    <MetaTag type="xsd:string" name="UserTag">Mullet fish</MetaTag>
    <MetaTag type="xsd:string" name="UserTag">Cobia fish</MetaTag>
    <MediaLocator>
     <MediaUri>https://www.youtube.com/watch?v=tSpWQZZL5jA</MediaUri>
     <MediaPreview>http://i.ytimg.com/vi/tSpWQZZL5jA/default.jpg</MediaPreview>
    </MediaLocator>
    <MediaCreationInformation>
     <Author>
      <Name>csuda9</Name>
     </Author>
     <Licensing>All right reserved</Licensing>
    </MediaCreationInformation>
    <MediaTime>102</MediaTime>
   </MultimediaContent>
   <RealWorldInfo>
    <MetadataUri filetype="rwml">Mullet_Fish_2.rwml</MetadataUri>
   </RealWorldInfo>
  </ContentObjectTypes>
  <Tags>
   <MetaTag type="xsd:string" name="UserTag">Gozo</MetaTag>
   <MetaTag type="xsd:string" name="UserTag">Mulletfish</MetaTag>
   <MetaTag type="xsd:string" name="UserTag">Tech</MetaTag>
   <MetaTag type="xsd:string" name="UserTag">Imagens submarinas</MetaTag>
   <MetaTag type="xsd:string" name="UserTag">Mergulho</MetaTag>
   <MetaTag type="xsd:string" name="UserTag">Underwater</MetaTag>
   <MetaTag type="xsd:string" name="UserTag">Parati</MetaTag>
   <MetaTag type="xsd:string" name="UserTag">Mullet fish</MetaTag>
   <MetaTag type="xsd:string" name="UserTag">Cobia fish</MetaTag>
   <MetaTag type="xsd:string" name="Category">02 Fish</MetaTag>
  </Tags>
 </Header>
 <Description>
  <L_Descriptor type="ImageType">
   <MediaName>IMG_2508</MediaName>
   <ImageDescription matching="L2Distance" type="SIFT">
    <LowLevelDescriptor descriptorType="xsd:float" totalNumOfDescriptors="8168" descriptorSize="1021">
     <Store type="text">
      <DescriptorLocator>
       <DescriptorUri>http://vcl.iti.gr/is/UC/descr/2D/80000000-8000-0000-F000-000080000278.imgdescr</DescriptorUri>
      </DescriptorLocator>
     </Store>
    </LowLevelDescriptor>
   </ImageDescription>
  </L_Descriptor>
 </Description>
</RUCoD>
