<?xml version='1.0' encoding='UTF-8'?>
<RUCoD xmlns:xsi="http://www.w3.org/2001/XMLSchema-instance" xmlns="http://www.isearch-project.eu/isearch/RUCoD" xmlns:gml="http://www.opengis.net/gml" xmlns:xsd="http://www.w3.org/2001/XMLSchema">
 <Header>
  <ContentObjectType>Multimedia Collection</ContentObjectType>
  <ContentObjectName xml:lang="en-US">Mullet (Fish)</ContentObjectName>
  <ContentObjectID>80000000-8000-0000-F000-000080000277</ContentObjectID>
  <ContentObjectVersion>1</ContentObjectVersion>
  <ContentObjectCreationInformation>
   <Creator>
    <Name>CoFetch Script</Name>
   </Creator>
   <Contributor>
    <Name>HS Fulda</Name>
   </Contributor>
   <Contributor>
    <Name>Google</Name>
   </Contributor>
   <Contributor>
    <Name>flickr.com</Name>
   </Contributor>
   <Contributor>
    <Name>wikipedia.org</Name>
   </Contributor>
   <Contributor>
    <Name>freesound.org</Name>
   </Contributor>
   <Contributor>
    <Name>wunderground.com</Name>
   </Contributor>
   <Contributor>
    <Name>youtube.com</Name>
   </Contributor>
  </ContentObjectCreationInformation>
  <ContentObjectTypes>
   <MultimediaContent type="ImageType">
    <MediaName>Mullet Fish (before frying)</MediaName>
    <FileFormat>image/jpeg</FileFormat>
    <MetaTag type="xsd:string" name="UserTag">Cooking</MetaTag>
    <MetaTag type="xsd:string" name="UserTag">Fish</MetaTag>
    <MetaTag type="xsd:string" name="UserTag">Food</MetaTag>
    <MediaLocator>
     <MediaUri>http://farm6.staticflickr.com/5470/7420886714_0d1d0fee58_k.jpg</MediaUri>
     <MediaPreview>http://farm6.staticflickr.com/5470/7420886714_48fb1df535_s.jpg</MediaPreview>
    </MediaLocator>
    <MediaCreationInformation>
     <Author>
      <Name>Stinkee Beek</Name>
     </Author>
     <Licensing>All Rights Reserved</Licensing>
    </MediaCreationInformation>
    <Size>1887437</Size>
   </MultimediaContent>
   <MultimediaContent type="VideoType">
    <MediaName>Naive mullet. Наивная кефаль.</MediaName>
    <MetaTag type="xsd:string" name="UserTag">People</MetaTag>
    <MetaTag type="xsd:string" name="UserTag">Naive</MetaTag>
    <MetaTag type="xsd:string" name="UserTag">Mullet</MetaTag>
    <MetaTag type="xsd:string" name="UserTag">Fishing</MetaTag>
    <MetaTag type="xsd:string" name="UserTag">Outdoor sports</MetaTag>
    <MetaTag type="xsd:string" name="UserTag">Galway</MetaTag>
    <MetaTag type="xsd:string" name="UserTag">Ireland</MetaTag>
    <MediaLocator>
     <MediaUri>https://www.youtube.com/watch?v=hkY5HaetQ28</MediaUri>
     <MediaPreview>http://i.ytimg.com/vi/hkY5HaetQ28/default.jpg</MediaPreview>
    </MediaLocator>
    <MediaCreationInformation>
     <Author>
      <Name>ireserg</Name>
     </Author>
     <Licensing>All right reserved</Licensing>
    </MediaCreationInformation>
    <MediaTime>72</MediaTime>
   </MultimediaContent>
   <RealWorldInfo>
    <MetadataUri filetype="rwml">Mullet_Fish_1.rwml</MetadataUri>
   </RealWorldInfo>
  </ContentObjectTypes>
  <Tags>
   <MetaTag type="xsd:string" name="UserTag">Cooking</MetaTag>
   <MetaTag type="xsd:string" name="UserTag">Fish</MetaTag>
   <MetaTag type="xsd:string" name="UserTag">Food</MetaTag>
   <MetaTag type="xsd:string" name="UserTag">People</MetaTag>
   <MetaTag type="xsd:string" name="UserTag">Naive</MetaTag>
   <MetaTag type="xsd:string" name="UserTag">Mullet</MetaTag>
   <MetaTag type="xsd:string" name="UserTag">Fishing</MetaTag>
   <MetaTag type="xsd:string" name="UserTag">Outdoor sports</MetaTag>
   <MetaTag type="xsd:string" name="UserTag">Galway</MetaTag>
   <MetaTag type="xsd:string" name="UserTag">Ireland</MetaTag>
   <MetaTag type="xsd:string" name="Category">02 Fish</MetaTag>
  </Tags>
 </Header>
 <Description>
  <L_Descriptor type="ImageType">
   <MediaName>Mullet Fish (before frying)</MediaName>
   <ImageDescription matching="L2Distance" type="SIFT">
    <LowLevelDescriptor descriptorType="xsd:float" totalNumOfDescriptors="8168" descriptorSize="1021">
     <Store type="text">
      <DescriptorLocator>
       <DescriptorUri>http://vcl.iti.gr/is/UC/descr/2D/80000000-8000-0000-F000-000080000277.imgdescr</DescriptorUri>
      </DescriptorLocator>
     </Store>
    </LowLevelDescriptor>
   </ImageDescription>
  </L_Descriptor>
 </Description>
</RUCoD>
