<?xml version='1.0' encoding='UTF-8'?>
<RUCoD xmlns:xsi="http://www.w3.org/2001/XMLSchema-instance" xmlns="http://www.isearch-project.eu/isearch/RUCoD" xmlns:gml="http://www.opengis.net/gml" xmlns:xsd="http://www.w3.org/2001/XMLSchema">
 <Header>
  <ContentObjectType>Multimedia Collection</ContentObjectType>
  <ContentObjectName xml:lang="en-US">Perch</ContentObjectName>
  <ContentObjectID>80000000-8000-0000-F000-00008000027F</ContentObjectID>
  <ContentObjectVersion>1</ContentObjectVersion>
  <ContentObjectCreationInformation>
   <Creator>
    <Name>CoFetch Script</Name>
   </Creator>
   <Contributor>
    <Name>HS Fulda</Name>
   </Contributor>
   <Contributor>
    <Name>Google</Name>
   </Contributor>
   <Contributor>
    <Name>flickr.com</Name>
   </Contributor>
   <Contributor>
    <Name>wikipedia.org</Name>
   </Contributor>
   <Contributor>
    <Name>freesound.org</Name>
   </Contributor>
   <Contributor>
    <Name>wunderground.com</Name>
   </Contributor>
   <Contributor>
    <Name>youtube.com</Name>
   </Contributor>
  </ContentObjectCreationInformation>
  <ContentObjectTypes>
   <MultimediaContent type="ImageType">
    <FreeText>Perca is the genus of fish referred to as perch or, sometimes, yellow perch, a group of freshwater fish belonging to the family Percidae. Perch, of which there are three species in different geographical areas, lend their name to a large order of vertebrates: the Perciformes, from the Greek perke meaning perch, and the Latin forma meaning shape.Perch have &amp;quot;rough&amp;quot; or ctenoid scales. On the anterior side of the head are the maxilla and lower mandible for the mouth, a pair of nostrils, and two lidless eyes. On the posterior sides are the opercula, which are used to protect the gills. Also there is the lateral line system which is sensitive to vibrations in the water. They have a pair of pectoral and pelvic fins. On the anterior end of the fish, there are two dorsal fins. The first one is spiny and the second is soft. There is also an anal fin, which is also considered spiny, and a caudal fin. Also there is a cloacal opening right behind the anal fin. All perciform fish share the perch's general morphology.The type species for this genus is the European perch.Perch as a food fishPerch are a popular panfish and are considered to be very good eating; the commercial catch for them has always been in high demand. This has also led to considerable misuse of the term &amp;quot;perch&amp;quot; in the restaurant business in the United States, such as &amp;quot;ocean perch&amp;quot; (Rosefish) and &amp;quot;rock perch&amp;quot; (a small bass). Many restaurants will strive to correctly advertise the offering as &amp;quot;yellow lake perch&amp;quot;, or the slightly more ambiguous &amp;quot;lake perch&amp;quot;. &amp;quot;White perch&amp;quot;, though good eating, is a completely different species of panfish common in New England, and not a member of the order Perciformes.AnglingThey can be caught with a variety of methods, but the two best methods are perhaps float fishing and lure fishing. Spinners work exceptionally well. When Float Fishing, the angler will want to have a disgorger at all times; Perch are notorious for swallowing the hook, and will need aid of a disgorger or forceps for unhooking. In many parts of the world they are also a favorite species among ice fishermen. They will take a variety of baits, including minnows, worms, maggots, bread and softshell crayfish.Perch grow to around 5 lb (2.3 kg) or more, but the most common fish to be caught are around 1 lb (0.45 kg) or less, and anything over 2 lb (0.91 kg) is considered a prize catch.en.wikipedia.org/wiki/Perch</FreeText>
    <MediaName>Perch</MediaName>
    <FileFormat>image/jpeg</FileFormat>
    <MetaTag type="xsd:string" name="UserTag">Freshwater</MetaTag>
    <MetaTag type="xsd:string" name="UserTag">Water</MetaTag>
    <MetaTag type="xsd:string" name="UserTag">Fresh</MetaTag>
    <MetaTag type="xsd:string" name="UserTag">Fish</MetaTag>
    <MetaTag type="xsd:string" name="UserTag">Wildlife</MetaTag>
    <MetaTag type="xsd:string" name="UserTag">Perch</MetaTag>
    <MetaTag type="xsd:string" name="UserTag">White</MetaTag>
    <MetaTag type="xsd:string" name="UserTag">Yellow</MetaTag>
    <MediaLocator>
     <MediaUri>http://farm4.staticflickr.com/3005/3055986750_cb89afd14e_b.jpg</MediaUri>
     <MediaPreview>http://farm4.staticflickr.com/3005/3055986750_cb89afd14e_s.jpg</MediaPreview>
    </MediaLocator>
    <MediaCreationInformation>
     <Author>
      <Name>William Wilson</Name>
     </Author>
     <Licensing>All Rights Reserved</Licensing>
    </MediaCreationInformation>
    <Size>471860</Size>
   </MultimediaContent>
   <RealWorldInfo>
    <MetadataUri filetype="rwml">Perch_3.rwml</MetadataUri>
   </RealWorldInfo>
  </ContentObjectTypes>
  <Tags>
   <MetaTag type="xsd:string" name="UserTag">Freshwater</MetaTag>
   <MetaTag type="xsd:string" name="UserTag">Water</MetaTag>
   <MetaTag type="xsd:string" name="UserTag">Fresh</MetaTag>
   <MetaTag type="xsd:string" name="UserTag">Fish</MetaTag>
   <MetaTag type="xsd:string" name="UserTag">Wildlife</MetaTag>
   <MetaTag type="xsd:string" name="UserTag">Perch</MetaTag>
   <MetaTag type="xsd:string" name="UserTag">White</MetaTag>
   <MetaTag type="xsd:string" name="UserTag">Yellow</MetaTag>
   <MetaTag type="xsd:string" name="Category">02 Fish</MetaTag>
  </Tags>
 </Header>
 <Description>
  <L_Descriptor type="ImageType">
   <MediaName>Perch</MediaName>
   <ImageDescription matching="L2Distance" type="SIFT">
    <LowLevelDescriptor descriptorType="xsd:float" totalNumOfDescriptors="8168" descriptorSize="1021">
     <Store type="text">
      <DescriptorLocator>
       <DescriptorUri>http://vcl.iti.gr/is/UC/descr/2D/80000000-8000-0000-F000-00008000027F.imgdescr</DescriptorUri>
      </DescriptorLocator>
     </Store>
    </LowLevelDescriptor>
   </ImageDescription>
  </L_Descriptor>
 </Description>
</RUCoD>
