<?xml version='1.0' encoding='UTF-8'?>
<RUCoD xmlns:xsi="http://www.w3.org/2001/XMLSchema-instance" xmlns="http://www.isearch-project.eu/isearch/RUCoD" xmlns:gml="http://www.opengis.net/gml" xmlns:xsd="http://www.w3.org/2001/XMLSchema">
 <Header>
  <ContentObjectType>Multimedia Collection</ContentObjectType>
  <ContentObjectName xml:lang="en-US">Piranha</ContentObjectName>
  <ContentObjectID>80000000-8000-0000-F000-000080000294</ContentObjectID>
  <ContentObjectVersion>1</ContentObjectVersion>
  <ContentObjectCreationInformation>
   <Creator>
    <Name>CoFetch Script</Name>
   </Creator>
   <Contributor>
    <Name>HS Fulda</Name>
   </Contributor>
   <Contributor>
    <Name>Google</Name>
   </Contributor>
   <Contributor>
    <Name>flickr.com</Name>
   </Contributor>
   <Contributor>
    <Name>wikipedia.org</Name>
   </Contributor>
   <Contributor>
    <Name>freesound.org</Name>
   </Contributor>
   <Contributor>
    <Name>wunderground.com</Name>
   </Contributor>
   <Contributor>
    <Name>youtube.com</Name>
   </Contributor>
  </ContentObjectCreationInformation>
  <ContentObjectTypes>
   <MultimediaContent type="ImageType">
    <FreeText>As piranhas são um grupo de peixes carnívoros de água doce. Habitam alguns rios da América do Sul. Eles pertencem a cinco gêneros da subfamília Serrasalminae (que também inclui peixes como pacus e dourados).Trata-se de um peixe muito voraz, predador e com mandíbulas fortíssimas. A maioria das piranhas são rápidas, mas geralmente atacam quando estão estimuladas para isso. Dentro das inúmeras espécies de piranhas, algumas são canibais e outras não, mas todas possuem comportamentos agressivos.  A expressão &amp;quot;boi de piranha&amp;quot; surgiu da necessidade de atravessar o gado em rio com piranhas. O boiadeiro deveria escolher um animal velho ou doente e colocá-lo na água em local acima ou abaixo do ponto de travessia.Enquanto as piranhas devoram o boi escolhido, os demais passam pelo rio e seguem a caminhada sem dificuldade. Termo para designar popularmente a mulher que leva a vida licenciosamente.</FreeText>
    <MediaName>Piranha</MediaName>
    <FileFormat>image/jpeg</FileFormat>
    <MetaTag type="xsd:string" name="UserTag">Piranha</MetaTag>
    <MetaTag type="xsd:string" name="UserTag">Peixe</MetaTag>
    <MetaTag type="xsd:string" name="UserTag">Mundoanimal</MetaTag>
    <MetaTag type="xsd:string" name="UserTag">Boidepiranha</MetaTag>
    <MediaLocator>
     <MediaUri>http://farm7.staticflickr.com/6168/6141581791_59348bec3e_b.jpg</MediaUri>
     <MediaPreview>http://farm7.staticflickr.com/6168/6141581791_59348bec3e_s.jpg</MediaPreview>
    </MediaLocator>
    <MediaCreationInformation>
     <Author>
      <Name>José Aloisio Soares</Name>
     </Author>
     <Licensing>All Rights Reserved</Licensing>
    </MediaCreationInformation>
    <Size>431924</Size>
   </MultimediaContent>
   <RealWorldInfo>
    <MetadataUri filetype="rwml">Piranha_9.rwml</MetadataUri>
   </RealWorldInfo>
  </ContentObjectTypes>
  <Tags>
   <MetaTag type="xsd:string" name="UserTag">Piranha</MetaTag>
   <MetaTag type="xsd:string" name="UserTag">Peixe</MetaTag>
   <MetaTag type="xsd:string" name="UserTag">Mundoanimal</MetaTag>
   <MetaTag type="xsd:string" name="UserTag">Boidepiranha</MetaTag>
   <MetaTag type="xsd:string" name="Category">02 Fish</MetaTag>
  </Tags>
 </Header>
 <Description>
  <L_Descriptor type="ImageType">
   <MediaName>Piranha</MediaName>
   <ImageDescription matching="L2Distance" type="SIFT">
    <LowLevelDescriptor descriptorType="xsd:float" totalNumOfDescriptors="8168" descriptorSize="1021">
     <Store type="text">
      <DescriptorLocator>
       <DescriptorUri>http://vcl.iti.gr/is/UC/descr/2D/80000000-8000-0000-F000-000080000294.imgdescr</DescriptorUri>
      </DescriptorLocator>
     </Store>
    </LowLevelDescriptor>
   </ImageDescription>
  </L_Descriptor>
 </Description>
</RUCoD>
