<?xml version='1.0' encoding='UTF-8'?>
<RUCoD xmlns:xsi="http://www.w3.org/2001/XMLSchema-instance" xmlns="http://www.isearch-project.eu/isearch/RUCoD" xmlns:gml="http://www.opengis.net/gml" xmlns:xsd="http://www.w3.org/2001/XMLSchema">
 <Header>
  <ContentObjectType>Multimedia Collection</ContentObjectType>
  <ContentObjectName xml:lang="en-US">Piranha</ContentObjectName>
  <ContentObjectID>80000000-8000-0000-F000-000080000289</ContentObjectID>
  <ContentObjectVersion>1</ContentObjectVersion>
  <ContentObjectCreationInformation>
   <Creator>
    <Name>CoFetch Script</Name>
   </Creator>
   <Contributor>
    <Name>HS Fulda</Name>
   </Contributor>
   <Contributor>
    <Name>Google</Name>
   </Contributor>
   <Contributor>
    <Name>flickr.com</Name>
   </Contributor>
   <Contributor>
    <Name>wikipedia.org</Name>
   </Contributor>
   <Contributor>
    <Name>freesound.org</Name>
   </Contributor>
   <Contributor>
    <Name>wunderground.com</Name>
   </Contributor>
   <Contributor>
    <Name>youtube.com</Name>
   </Contributor>
  </ContentObjectCreationInformation>
  <ContentObjectTypes>
   <MultimediaContent type="ImageType">
    <FreeText>Piranha at the Pittsburgh Zoo's PPG Aquarium.</FreeText>
    <MediaName>Piranha 001</MediaName>
    <FileFormat>image/jpeg</FileFormat>
    <MetaTag type="xsd:string" name="UserTag">Pittsburgh</MetaTag>
    <MetaTag type="xsd:string" name="UserTag">Pennsylvania</MetaTag>
    <MetaTag type="xsd:string" name="UserTag">Zoo</MetaTag>
    <MetaTag type="xsd:string" name="UserTag">Pittsburghzoo</MetaTag>
    <MetaTag type="xsd:string" name="UserTag">Ppgaquarium</MetaTag>
    <MetaTag type="xsd:string" name="UserTag">Piranha</MetaTag>
    <MediaLocator>
     <MediaUri>http://farm1.staticflickr.com/77/202135325_5a0fb5ecd7_z.jpg?zz=1</MediaUri>
     <MediaPreview>http://farm1.staticflickr.com/77/202135325_5a0fb5ecd7_s.jpg</MediaPreview>
    </MediaLocator>
    <MediaCreationInformation>
     <Author>
      <Name>RJ</Name>
     </Author>
     <Licensing>All Rights Reserved</Licensing>
    </MediaCreationInformation>
    <Size>241920</Size>
   </MultimediaContent>
   <MultimediaContent type="VideoType">
    <MediaName>Red Piranha in simulated Amazon habitat</MediaName>
    <MetaTag type="xsd:string" name="UserTag">Animals</MetaTag>
    <MetaTag type="xsd:string" name="UserTag">Red</MetaTag>
    <MetaTag type="xsd:string" name="UserTag">Piranha</MetaTag>
    <MetaTag type="xsd:string" name="UserTag">Killer</MetaTag>
    <MetaTag type="xsd:string" name="UserTag">Killer (Adamski Song)</MetaTag>
    <MetaTag type="xsd:string" name="UserTag">Fish</MetaTag>
    <MetaTag type="xsd:string" name="UserTag">Aquarium</MetaTag>
    <MediaLocator>
     <MediaUri>https://www.youtube.com/watch?v=MVaY_nBW1tM</MediaUri>
     <MediaPreview>http://i.ytimg.com/vi/MVaY_nBW1tM/default.jpg</MediaPreview>
    </MediaLocator>
    <MediaCreationInformation>
     <Author>
      <Name>Piranhaboy01</Name>
     </Author>
     <Licensing>All right reserved</Licensing>
    </MediaCreationInformation>
    <MediaTime>66</MediaTime>
   </MultimediaContent>
   <RealWorldInfo>
    <MetadataUri filetype="rwml">Piranha_18.rwml</MetadataUri>
   </RealWorldInfo>
  </ContentObjectTypes>
  <Tags>
   <MetaTag type="xsd:string" name="UserTag">Pittsburgh</MetaTag>
   <MetaTag type="xsd:string" name="UserTag">Pennsylvania</MetaTag>
   <MetaTag type="xsd:string" name="UserTag">Zoo</MetaTag>
   <MetaTag type="xsd:string" name="UserTag">Pittsburghzoo</MetaTag>
   <MetaTag type="xsd:string" name="UserTag">Ppgaquarium</MetaTag>
   <MetaTag type="xsd:string" name="UserTag">Piranha</MetaTag>
   <MetaTag type="xsd:string" name="UserTag">Animals</MetaTag>
   <MetaTag type="xsd:string" name="UserTag">Red</MetaTag>
   <MetaTag type="xsd:string" name="UserTag">Killer</MetaTag>
   <MetaTag type="xsd:string" name="UserTag">Killer (Adamski Song)</MetaTag>
   <MetaTag type="xsd:string" name="UserTag">Fish</MetaTag>
   <MetaTag type="xsd:string" name="UserTag">Aquarium</MetaTag>
   <MetaTag type="xsd:string" name="Category">02 Fish</MetaTag>
  </Tags>
 </Header>
 <Description>
  <L_Descriptor type="ImageType">
   <MediaName>Piranha 001</MediaName>
   <ImageDescription matching="L2Distance" type="SIFT">
    <LowLevelDescriptor descriptorType="xsd:float" totalNumOfDescriptors="8168" descriptorSize="1021">
     <Store type="text">
      <DescriptorLocator>
       <DescriptorUri>http://vcl.iti.gr/is/UC/descr/2D/80000000-8000-0000-F000-000080000289.imgdescr</DescriptorUri>
      </DescriptorLocator>
     </Store>
    </LowLevelDescriptor>
   </ImageDescription>
  </L_Descriptor>
 </Description>
</RUCoD>
