<?xml version='1.0' encoding='UTF-8'?>
<RUCoD xmlns:xsi="http://www.w3.org/2001/XMLSchema-instance" xmlns="http://www.isearch-project.eu/isearch/RUCoD" xmlns:gml="http://www.opengis.net/gml" xmlns:xsd="http://www.w3.org/2001/XMLSchema">
 <Header>
  <ContentObjectType>Multimedia Collection</ContentObjectType>
  <ContentObjectName xml:lang="en-US">Piranha</ContentObjectName>
  <ContentObjectID>80000000-8000-0000-F000-000080000283</ContentObjectID>
  <ContentObjectVersion>1</ContentObjectVersion>
  <ContentObjectCreationInformation>
   <Creator>
    <Name>CoFetch Script</Name>
   </Creator>
   <Contributor>
    <Name>HS Fulda</Name>
   </Contributor>
   <Contributor>
    <Name>Google</Name>
   </Contributor>
   <Contributor>
    <Name>flickr.com</Name>
   </Contributor>
   <Contributor>
    <Name>wikipedia.org</Name>
   </Contributor>
   <Contributor>
    <Name>freesound.org</Name>
   </Contributor>
   <Contributor>
    <Name>wunderground.com</Name>
   </Contributor>
   <Contributor>
    <Name>youtube.com</Name>
   </Contributor>
  </ContentObjectCreationInformation>
  <ContentObjectTypes>
   <MultimediaContent type="ImageType">
    <FreeText>piranhaNational Aquarium of New ZealandNapier</FreeText>
    <MediaName>piranha</MediaName>
    <FileFormat>image/jpeg</FileFormat>
    <MetaTag type="xsd:string" name="UserTag">Newzealand</MetaTag>
    <MetaTag type="xsd:string" name="UserTag">Animals</MetaTag>
    <MetaTag type="xsd:string" name="UserTag">Aotearoa</MetaTag>
    <MetaTag type="xsd:string" name="UserTag">Napier</MetaTag>
    <MetaTag type="xsd:string" name="UserTag">Piranha</MetaTag>
    <MediaLocator>
     <MediaUri>http://farm1.staticflickr.com/22/29627161_8da76b11bb.jpg</MediaUri>
     <MediaPreview>http://farm1.staticflickr.com/22/29627161_8da76b11bb_s.jpg</MediaPreview>
    </MediaLocator>
    <MediaCreationInformation>
     <Author>
      <Name>kalavinka</Name>
     </Author>
     <Licensing>Attribution-NonCommercial-ShareAlike License</Licensing>
    </MediaCreationInformation>
    <Size>112500</Size>
   </MultimediaContent>
   <MultimediaContent type="VideoType">
    <FreeText>Audio swapped, sorry the music and the video don't fit.</FreeText>
    <MediaName>Piranhas VS crawdads</MediaName>
    <MetaTag type="xsd:string" name="UserTag">Animals</MetaTag>
    <MetaTag type="xsd:string" name="UserTag">Red</MetaTag>
    <MetaTag type="xsd:string" name="UserTag">Belly</MetaTag>
    <MetaTag type="xsd:string" name="UserTag">Piranhas</MetaTag>
    <MetaTag type="xsd:string" name="UserTag">Vs</MetaTag>
    <MetaTag type="xsd:string" name="UserTag">Crawdads</MetaTag>
    <MetaTag type="xsd:string" name="UserTag">Creyfish</MetaTag>
    <MediaLocator>
     <MediaUri>https://www.youtube.com/watch?v=cBEh_gbvvFY</MediaUri>
     <MediaPreview>http://i.ytimg.com/vi/cBEh_gbvvFY/default.jpg</MediaPreview>
    </MediaLocator>
    <MediaCreationInformation>
     <Author>
      <Name>bangtizzy</Name>
     </Author>
     <Licensing>All right reserved</Licensing>
    </MediaCreationInformation>
    <MediaTime>317</MediaTime>
   </MultimediaContent>
   <RealWorldInfo>
    <MetadataUri filetype="rwml">Piranha_12.rwml</MetadataUri>
   </RealWorldInfo>
  </ContentObjectTypes>
  <Tags>
   <MetaTag type="xsd:string" name="UserTag">Newzealand</MetaTag>
   <MetaTag type="xsd:string" name="UserTag">Animals</MetaTag>
   <MetaTag type="xsd:string" name="UserTag">Aotearoa</MetaTag>
   <MetaTag type="xsd:string" name="UserTag">Napier</MetaTag>
   <MetaTag type="xsd:string" name="UserTag">Piranha</MetaTag>
   <MetaTag type="xsd:string" name="UserTag">Red</MetaTag>
   <MetaTag type="xsd:string" name="UserTag">Belly</MetaTag>
   <MetaTag type="xsd:string" name="UserTag">Piranhas</MetaTag>
   <MetaTag type="xsd:string" name="UserTag">Vs</MetaTag>
   <MetaTag type="xsd:string" name="UserTag">Crawdads</MetaTag>
   <MetaTag type="xsd:string" name="UserTag">Creyfish</MetaTag>
   <MetaTag type="xsd:string" name="Category">02 Fish</MetaTag>
  </Tags>
 </Header>
 <Description>
  <L_Descriptor type="ImageType">
   <MediaName>piranha</MediaName>
   <ImageDescription matching="L2Distance" type="SIFT">
    <LowLevelDescriptor descriptorType="xsd:float" totalNumOfDescriptors="8168" descriptorSize="1021">
     <Store type="text">
      <DescriptorLocator>
       <DescriptorUri>http://vcl.iti.gr/is/UC/descr/2D/80000000-8000-0000-F000-000080000283.imgdescr</DescriptorUri>
      </DescriptorLocator>
     </Store>
    </LowLevelDescriptor>
   </ImageDescription>
  </L_Descriptor>
 </Description>
</RUCoD>
