<?xml version='1.0' encoding='UTF-8'?>
<RUCoD xmlns:xsi="http://www.w3.org/2001/XMLSchema-instance" xmlns="http://www.isearch-project.eu/isearch/RUCoD" xmlns:gml="http://www.opengis.net/gml" xmlns:xsd="http://www.w3.org/2001/XMLSchema">
 <Header>
  <ContentObjectType>Multimedia Collection</ContentObjectType>
  <ContentObjectName xml:lang="en-US">Piranha</ContentObjectName>
  <ContentObjectID>80000000-8000-0000-F000-000080000284</ContentObjectID>
  <ContentObjectVersion>1</ContentObjectVersion>
  <ContentObjectCreationInformation>
   <Creator>
    <Name>CoFetch Script</Name>
   </Creator>
   <Contributor>
    <Name>HS Fulda</Name>
   </Contributor>
   <Contributor>
    <Name>Google</Name>
   </Contributor>
   <Contributor>
    <Name>flickr.com</Name>
   </Contributor>
   <Contributor>
    <Name>wikipedia.org</Name>
   </Contributor>
   <Contributor>
    <Name>freesound.org</Name>
   </Contributor>
   <Contributor>
    <Name>wunderground.com</Name>
   </Contributor>
   <Contributor>
    <Name>youtube.com</Name>
   </Contributor>
  </ContentObjectCreationInformation>
  <ContentObjectTypes>
   <MultimediaContent type="ImageType">
    <FreeText>Piranha fishing outside Manaus, Brazil</FreeText>
    <MediaName>Piranha</MediaName>
    <FileFormat>image/jpeg</FileFormat>
    <MetaTag type="xsd:string" name="UserTag">Fishing</MetaTag>
    <MetaTag type="xsd:string" name="UserTag">Piranha</MetaTag>
    <MetaTag type="xsd:string" name="UserTag">Amazonas</MetaTag>
    <MetaTag type="xsd:string" name="UserTag">Meat</MetaTag>
    <MetaTag type="xsd:string" name="UserTag">Meateaterbrazil</MetaTag>
    <MetaTag type="xsd:string" name="UserTag">Brasil</MetaTag>
    <MetaTag type="xsd:string" name="UserTag">Rio</MetaTag>
    <MetaTag type="xsd:string" name="UserTag">Riodejaneiro</MetaTag>
    <MediaLocator>
     <MediaUri>http://farm6.staticflickr.com/5244/5332717195_d53d5acd0d_b.jpg</MediaUri>
     <MediaPreview>http://farm6.staticflickr.com/5244/5332717195_d53d5acd0d_s.jpg</MediaPreview>
    </MediaLocator>
    <MediaCreationInformation>
     <Author>
      <Name>Håkan Gustafsson</Name>
     </Author>
     <Licensing>All Rights Reserved</Licensing>
    </MediaCreationInformation>
    <Size>536986</Size>
   </MultimediaContent>
   <MultimediaContent type="VideoType">
    <FreeText>About Brazil-Amazon catching Piranhas,looking like Aliens...</FreeText>
    <MediaName>Brazil-Amazon catching Piranhas</MediaName>
    <MetaTag type="xsd:string" name="UserTag">Travel</MetaTag>
    <MetaTag type="xsd:string" name="UserTag">Indigene</MetaTag>
    <MetaTag type="xsd:string" name="UserTag">Indios</MetaTag>
    <MetaTag type="xsd:string" name="UserTag">Brazil</MetaTag>
    <MetaTag type="xsd:string" name="UserTag">Traps</MetaTag>
    <MetaTag type="xsd:string" name="UserTag">Hunting</MetaTag>
    <MetaTag type="xsd:string" name="UserTag">Jungle</MetaTag>
    <MediaLocator>
     <MediaUri>https://www.youtube.com/watch?v=a-h_T2YN0kY</MediaUri>
     <MediaPreview>http://i.ytimg.com/vi/a-h_T2YN0kY/default.jpg</MediaPreview>
    </MediaLocator>
    <MediaCreationInformation>
     <Author>
      <Name>faroutraveller</Name>
     </Author>
     <Licensing>All right reserved</Licensing>
    </MediaCreationInformation>
    <MediaTime>231</MediaTime>
   </MultimediaContent>
   <RealWorldInfo>
    <MetadataUri filetype="rwml">Piranha_13.rwml</MetadataUri>
   </RealWorldInfo>
  </ContentObjectTypes>
  <Tags>
   <MetaTag type="xsd:string" name="UserTag">Fishing</MetaTag>
   <MetaTag type="xsd:string" name="UserTag">Piranha</MetaTag>
   <MetaTag type="xsd:string" name="UserTag">Amazonas</MetaTag>
   <MetaTag type="xsd:string" name="UserTag">Meat</MetaTag>
   <MetaTag type="xsd:string" name="UserTag">Meateaterbrazil</MetaTag>
   <MetaTag type="xsd:string" name="UserTag">Brasil</MetaTag>
   <MetaTag type="xsd:string" name="UserTag">Rio</MetaTag>
   <MetaTag type="xsd:string" name="UserTag">Riodejaneiro</MetaTag>
   <MetaTag type="xsd:string" name="UserTag">Travel</MetaTag>
   <MetaTag type="xsd:string" name="UserTag">Indigene</MetaTag>
   <MetaTag type="xsd:string" name="UserTag">Indios</MetaTag>
   <MetaTag type="xsd:string" name="UserTag">Brazil</MetaTag>
   <MetaTag type="xsd:string" name="UserTag">Traps</MetaTag>
   <MetaTag type="xsd:string" name="UserTag">Hunting</MetaTag>
   <MetaTag type="xsd:string" name="UserTag">Jungle</MetaTag>
   <MetaTag type="xsd:string" name="Category">02 Fish</MetaTag>
  </Tags>
 </Header>
 <Description>
  <L_Descriptor type="ImageType">
   <MediaName>Piranha</MediaName>
   <ImageDescription matching="L2Distance" type="SIFT">
    <LowLevelDescriptor descriptorType="xsd:float" totalNumOfDescriptors="8168" descriptorSize="1021">
     <Store type="text">
      <DescriptorLocator>
       <DescriptorUri>http://vcl.iti.gr/is/UC/descr/2D/80000000-8000-0000-F000-000080000284.imgdescr</DescriptorUri>
      </DescriptorLocator>
     </Store>
    </LowLevelDescriptor>
   </ImageDescription>
  </L_Descriptor>
 </Description>
</RUCoD>
