<?xml version='1.0' encoding='UTF-8'?>
<RUCoD xmlns:xsi="http://www.w3.org/2001/XMLSchema-instance" xmlns="http://www.isearch-project.eu/isearch/RUCoD" xmlns:gml="http://www.opengis.net/gml" xmlns:xsd="http://www.w3.org/2001/XMLSchema">
 <Header>
  <ContentObjectType>Multimedia Collection</ContentObjectType>
  <ContentObjectName xml:lang="en-US">Piranha</ContentObjectName>
  <ContentObjectID>80000000-8000-0000-F000-000080000286</ContentObjectID>
  <ContentObjectVersion>1</ContentObjectVersion>
  <ContentObjectCreationInformation>
   <Creator>
    <Name>CoFetch Script</Name>
   </Creator>
   <Contributor>
    <Name>HS Fulda</Name>
   </Contributor>
   <Contributor>
    <Name>Google</Name>
   </Contributor>
   <Contributor>
    <Name>flickr.com</Name>
   </Contributor>
   <Contributor>
    <Name>wikipedia.org</Name>
   </Contributor>
   <Contributor>
    <Name>freesound.org</Name>
   </Contributor>
   <Contributor>
    <Name>wunderground.com</Name>
   </Contributor>
   <Contributor>
    <Name>youtube.com</Name>
   </Contributor>
  </ContentObjectCreationInformation>
  <ContentObjectTypes>
   <MultimediaContent type="ImageType">
    <FreeText>Piranha fished from the Rio Beni, Bolivia</FreeText>
    <MediaName>Piranha</MediaName>
    <FileFormat>image/jpeg</FileFormat>
    <MetaTag type="xsd:string" name="UserTag">Bolivia</MetaTag>
    <MetaTag type="xsd:string" name="UserTag">Roundtheworldtrip</MetaTag>
    <MetaTag type="xsd:string" name="UserTag">Travelling</MetaTag>
    <MetaTag type="xsd:string" name="UserTag">Traveling</MetaTag>
    <MetaTag type="xsd:string" name="UserTag">Backpacking</MetaTag>
    <MetaTag type="xsd:string" name="UserTag">Southamerica</MetaTag>
    <MetaTag type="xsd:string" name="UserTag">Adventure</MetaTag>
    <MetaTag type="xsd:string" name="UserTag">Fishing</MetaTag>
    <MediaLocator>
     <MediaUri>http://farm3.staticflickr.com/2300/2051885167_f506b3be63_b.jpg</MediaUri>
     <MediaPreview>http://farm3.staticflickr.com/2300/2051885167_f506b3be63_s.jpg</MediaPreview>
    </MediaLocator>
    <MediaCreationInformation>
     <Author>
      <Name>Phil Whitehouse</Name>
     </Author>
     <Licensing>Attribution License</Licensing>
    </MediaCreationInformation>
    <Size>471860</Size>
   </MultimediaContent>
   <MultimediaContent type="VideoType">
    <FreeText>Mostly fed frozen smelts and beef heart. These two fish have been living together for more than a year now (March 2011). Not recommended together by everyone. Enjoy my first attempt at this youtube stuff. If you don't care for the music stop watching at 4:20. The black piranha just wants another taste, but it doesn't happen.</FreeText>
    <MediaName>RARE video - black and red piranha in 55 gallon tank. Feeding time.</MediaName>
    <MetaTag type="xsd:string" name="UserTag">Animals</MetaTag>
    <MetaTag type="xsd:string" name="UserTag">Black</MetaTag>
    <MetaTag type="xsd:string" name="UserTag">Piranha</MetaTag>
    <MetaTag type="xsd:string" name="UserTag">Serrasalmus</MetaTag>
    <MetaTag type="xsd:string" name="UserTag">Rhombeus</MetaTag>
    <MetaTag type="xsd:string" name="UserTag">Fish</MetaTag>
    <MetaTag type="xsd:string" name="UserTag">Aquarium</MetaTag>
    <MediaLocator>
     <MediaUri>https://www.youtube.com/watch?v=dis2SeJh_m8</MediaUri>
     <MediaPreview>http://i.ytimg.com/vi/dis2SeJh_m8/default.jpg</MediaPreview>
    </MediaLocator>
    <MediaCreationInformation>
     <Author>
      <Name>Yipikiay100</Name>
     </Author>
     <Licensing>All right reserved</Licensing>
    </MediaCreationInformation>
    <MediaTime>455</MediaTime>
   </MultimediaContent>
   <RealWorldInfo>
    <MetadataUri filetype="rwml">Piranha_15.rwml</MetadataUri>
   </RealWorldInfo>
  </ContentObjectTypes>
  <Tags>
   <MetaTag type="xsd:string" name="UserTag">Bolivia</MetaTag>
   <MetaTag type="xsd:string" name="UserTag">Roundtheworldtrip</MetaTag>
   <MetaTag type="xsd:string" name="UserTag">Travelling</MetaTag>
   <MetaTag type="xsd:string" name="UserTag">Traveling</MetaTag>
   <MetaTag type="xsd:string" name="UserTag">Backpacking</MetaTag>
   <MetaTag type="xsd:string" name="UserTag">Southamerica</MetaTag>
   <MetaTag type="xsd:string" name="UserTag">Adventure</MetaTag>
   <MetaTag type="xsd:string" name="UserTag">Fishing</MetaTag>
   <MetaTag type="xsd:string" name="UserTag">Animals</MetaTag>
   <MetaTag type="xsd:string" name="UserTag">Black</MetaTag>
   <MetaTag type="xsd:string" name="UserTag">Piranha</MetaTag>
   <MetaTag type="xsd:string" name="UserTag">Serrasalmus</MetaTag>
   <MetaTag type="xsd:string" name="UserTag">Rhombeus</MetaTag>
   <MetaTag type="xsd:string" name="UserTag">Fish</MetaTag>
   <MetaTag type="xsd:string" name="UserTag">Aquarium</MetaTag>
   <MetaTag type="xsd:string" name="Category">02 Fish</MetaTag>
  </Tags>
 </Header>
 <Description>
  <L_Descriptor type="ImageType">
   <MediaName>Piranha</MediaName>
   <ImageDescription matching="L2Distance" type="SIFT">
    <LowLevelDescriptor descriptorType="xsd:float" totalNumOfDescriptors="8168" descriptorSize="1021">
     <Store type="text">
      <DescriptorLocator>
       <DescriptorUri>http://vcl.iti.gr/is/UC/descr/2D/80000000-8000-0000-F000-000080000286.imgdescr</DescriptorUri>
      </DescriptorLocator>
     </Store>
    </LowLevelDescriptor>
   </ImageDescription>
  </L_Descriptor>
 </Description>
</RUCoD>
