<?xml version='1.0' encoding='UTF-8'?>
<RUCoD xmlns:xsi="http://www.w3.org/2001/XMLSchema-instance" xmlns="http://www.isearch-project.eu/isearch/RUCoD" xmlns:gml="http://www.opengis.net/gml" xmlns:xsd="http://www.w3.org/2001/XMLSchema">
 <Header>
  <ContentObjectType>Multimedia Collection</ContentObjectType>
  <ContentObjectName xml:lang="en-US">Piranha</ContentObjectName>
  <ContentObjectID>80000000-8000-0000-F000-000080000293</ContentObjectID>
  <ContentObjectVersion>1</ContentObjectVersion>
  <ContentObjectCreationInformation>
   <Creator>
    <Name>CoFetch Script</Name>
   </Creator>
   <Contributor>
    <Name>HS Fulda</Name>
   </Contributor>
   <Contributor>
    <Name>Google</Name>
   </Contributor>
   <Contributor>
    <Name>flickr.com</Name>
   </Contributor>
   <Contributor>
    <Name>wikipedia.org</Name>
   </Contributor>
   <Contributor>
    <Name>freesound.org</Name>
   </Contributor>
   <Contributor>
    <Name>wunderground.com</Name>
   </Contributor>
   <Contributor>
    <Name>youtube.com</Name>
   </Contributor>
  </ContentObjectCreationInformation>
  <ContentObjectTypes>
   <MultimediaContent type="ImageType">
    <FreeText>A piranha or piraña (pronounced /pɨˈrɑːnjə/, /pɨˈrænjə/, /pɨˈrɑːnə/, or /pɨˈrænə/) is a member of a family of omnivorous freshwater fish which live in South American rivers. In Venezuelan rivers they are called caribes. They are known for their sharp teeth and an aggressive appetite for meat. However, despite the negative media publicity, piranhas are not generally violent and have been known to be domesticated in home and office fish tanks.- Wikipedia</FreeText>
    <MediaName>Piranha</MediaName>
    <FileFormat>image/jpeg</FileFormat>
    <MetaTag type="xsd:string" name="UserTag">Fish</MetaTag>
    <MetaTag type="xsd:string" name="UserTag">Piranha</MetaTag>
    <MetaTag type="xsd:string" name="UserTag">Pirana</MetaTag>
    <MediaLocator>
     <MediaUri>http://farm4.staticflickr.com/3144/2814188837_b4e1ea3e8b_z.jpg?zz=1</MediaUri>
     <MediaPreview>http://farm4.staticflickr.com/3144/2814188837_b4e1ea3e8b_s.jpg</MediaPreview>
    </MediaLocator>
    <MediaCreationInformation>
     <Author>
      <Name>Chris Campbell</Name>
     </Author>
     <Licensing>All Rights Reserved</Licensing>
    </MediaCreationInformation>
    <Size>175488</Size>
   </MultimediaContent>
   <RealWorldInfo>
    <MetadataUri filetype="rwml">Piranha_8.rwml</MetadataUri>
   </RealWorldInfo>
  </ContentObjectTypes>
  <Tags>
   <MetaTag type="xsd:string" name="UserTag">Fish</MetaTag>
   <MetaTag type="xsd:string" name="UserTag">Piranha</MetaTag>
   <MetaTag type="xsd:string" name="UserTag">Pirana</MetaTag>
   <MetaTag type="xsd:string" name="Category">02 Fish</MetaTag>
  </Tags>
 </Header>
 <Description>
  <L_Descriptor type="ImageType">
   <MediaName>Piranha</MediaName>
   <ImageDescription matching="L2Distance" type="SIFT">
    <LowLevelDescriptor descriptorType="xsd:float" totalNumOfDescriptors="8168" descriptorSize="1021">
     <Store type="text">
      <DescriptorLocator>
       <DescriptorUri>http://vcl.iti.gr/is/UC/descr/2D/80000000-8000-0000-F000-000080000293.imgdescr</DescriptorUri>
      </DescriptorLocator>
     </Store>
    </LowLevelDescriptor>
   </ImageDescription>
  </L_Descriptor>
 </Description>
</RUCoD>
