<?xml version='1.0' encoding='UTF-8'?>
<RUCoD xmlns:xsi="http://www.w3.org/2001/XMLSchema-instance" xmlns="http://www.isearch-project.eu/isearch/RUCoD" xmlns:gml="http://www.opengis.net/gml" xmlns:xsd="http://www.w3.org/2001/XMLSchema">
 <Header>
  <ContentObjectType>Multimedia Collection</ContentObjectType>
  <ContentObjectName xml:lang="en-US">Piranha</ContentObjectName>
  <ContentObjectID>80000000-8000-0000-F000-000080000285</ContentObjectID>
  <ContentObjectVersion>1</ContentObjectVersion>
  <ContentObjectCreationInformation>
   <Creator>
    <Name>CoFetch Script</Name>
   </Creator>
   <Contributor>
    <Name>HS Fulda</Name>
   </Contributor>
   <Contributor>
    <Name>Google</Name>
   </Contributor>
   <Contributor>
    <Name>flickr.com</Name>
   </Contributor>
   <Contributor>
    <Name>wikipedia.org</Name>
   </Contributor>
   <Contributor>
    <Name>freesound.org</Name>
   </Contributor>
   <Contributor>
    <Name>wunderground.com</Name>
   </Contributor>
   <Contributor>
    <Name>youtube.com</Name>
   </Contributor>
  </ContentObjectCreationInformation>
  <ContentObjectTypes>
   <MultimediaContent type="ImageType">
    <FreeText>Piranha on display at the Georgia Aquarium.</FreeText>
    <MediaName>Piranha</MediaName>
    <FileFormat>image/jpeg</FileFormat>
    <MetaTag type="xsd:string" name="UserTag">Canon</MetaTag>
    <MetaTag type="xsd:string" name="UserTag">Rebel</MetaTag>
    <MetaTag type="xsd:string" name="UserTag">Xti</MetaTag>
    <MetaTag type="xsd:string" name="UserTag">Atlanta</MetaTag>
    <MetaTag type="xsd:string" name="UserTag">Georgia</MetaTag>
    <MetaTag type="xsd:string" name="UserTag">Georgiaaquarium</MetaTag>
    <MetaTag type="xsd:string" name="UserTag">Aquarium</MetaTag>
    <MetaTag type="xsd:string" name="UserTag">Piranha</MetaTag>
    <MediaLocator>
     <MediaUri>http://farm6.staticflickr.com/5087/5322381542_1e15d1ede1_b.jpg</MediaUri>
     <MediaPreview>http://farm6.staticflickr.com/5087/5322381542_1e15d1ede1_s.jpg</MediaPreview>
    </MediaLocator>
    <MediaCreationInformation>
     <Author>
      <Name>Fred</Name>
     </Author>
     <Licensing>All Rights Reserved</Licensing>
    </MediaCreationInformation>
    <Size>419636</Size>
   </MultimediaContent>
   <MultimediaContent type="VideoType">
    <FreeText>Thane Maynard Talks about the Red Piranha.</FreeText>
    <MediaName>Zoo View Red Piranha-Cincinnati Zoo</MediaName>
    <MetaTag type="xsd:string" name="UserTag">Animals</MetaTag>
    <MetaTag type="xsd:string" name="UserTag">Cincinnati</MetaTag>
    <MetaTag type="xsd:string" name="UserTag">Zoo</MetaTag>
    <MetaTag type="xsd:string" name="UserTag">Red</MetaTag>
    <MetaTag type="xsd:string" name="UserTag">Piranha</MetaTag>
    <MetaTag type="xsd:string" name="UserTag">Fish</MetaTag>
    <MetaTag type="xsd:string" name="UserTag">Thane</MetaTag>
    <MediaLocator>
     <MediaUri>https://www.youtube.com/watch?v=eJwEF05SuWI</MediaUri>
     <MediaPreview>http://i.ytimg.com/vi/eJwEF05SuWI/default.jpg</MediaPreview>
    </MediaLocator>
    <MediaCreationInformation>
     <Author>
      <Name>CincinnatiZooTube</Name>
     </Author>
     <Licensing>All right reserved</Licensing>
    </MediaCreationInformation>
    <MediaTime>77</MediaTime>
   </MultimediaContent>
   <RealWorldInfo>
    <MetadataUri filetype="rwml">Piranha_14.rwml</MetadataUri>
   </RealWorldInfo>
  </ContentObjectTypes>
  <Tags>
   <MetaTag type="xsd:string" name="UserTag">Canon</MetaTag>
   <MetaTag type="xsd:string" name="UserTag">Rebel</MetaTag>
   <MetaTag type="xsd:string" name="UserTag">Xti</MetaTag>
   <MetaTag type="xsd:string" name="UserTag">Atlanta</MetaTag>
   <MetaTag type="xsd:string" name="UserTag">Georgia</MetaTag>
   <MetaTag type="xsd:string" name="UserTag">Georgiaaquarium</MetaTag>
   <MetaTag type="xsd:string" name="UserTag">Aquarium</MetaTag>
   <MetaTag type="xsd:string" name="UserTag">Piranha</MetaTag>
   <MetaTag type="xsd:string" name="UserTag">Animals</MetaTag>
   <MetaTag type="xsd:string" name="UserTag">Cincinnati</MetaTag>
   <MetaTag type="xsd:string" name="UserTag">Zoo</MetaTag>
   <MetaTag type="xsd:string" name="UserTag">Red</MetaTag>
   <MetaTag type="xsd:string" name="UserTag">Fish</MetaTag>
   <MetaTag type="xsd:string" name="UserTag">Thane</MetaTag>
   <MetaTag type="xsd:string" name="Category">02 Fish</MetaTag>
  </Tags>
 </Header>
 <Description>
  <L_Descriptor type="ImageType">
   <MediaName>Piranha</MediaName>
   <ImageDescription matching="L2Distance" type="SIFT">
    <LowLevelDescriptor descriptorType="xsd:float" totalNumOfDescriptors="8168" descriptorSize="1021">
     <Store type="text">
      <DescriptorLocator>
       <DescriptorUri>http://vcl.iti.gr/is/UC/descr/2D/80000000-8000-0000-F000-000080000285.imgdescr</DescriptorUri>
      </DescriptorLocator>
     </Store>
    </LowLevelDescriptor>
   </ImageDescription>
  </L_Descriptor>
 </Description>
</RUCoD>
