<?xml version='1.0' encoding='UTF-8'?>
<RUCoD xmlns:xsi="http://www.w3.org/2001/XMLSchema-instance" xmlns="http://www.isearch-project.eu/isearch/RUCoD" xmlns:gml="http://www.opengis.net/gml" xmlns:xsd="http://www.w3.org/2001/XMLSchema">
 <Header>
  <ContentObjectType>Multimedia Collection</ContentObjectType>
  <ContentObjectName xml:lang="en-US">Red Mullet</ContentObjectName>
  <ContentObjectID>80000000-8000-0000-F000-000080000297</ContentObjectID>
  <ContentObjectVersion>1</ContentObjectVersion>
  <ContentObjectCreationInformation>
   <Creator>
    <Name>CoFetch Script</Name>
   </Creator>
   <Contributor>
    <Name>HS Fulda</Name>
   </Contributor>
   <Contributor>
    <Name>Google</Name>
   </Contributor>
   <Contributor>
    <Name>flickr.com</Name>
   </Contributor>
   <Contributor>
    <Name>wikipedia.org</Name>
   </Contributor>
   <Contributor>
    <Name>freesound.org</Name>
   </Contributor>
   <Contributor>
    <Name>wunderground.com</Name>
   </Contributor>
   <Contributor>
    <Name>youtube.com</Name>
   </Contributor>
  </ContentObjectCreationInformation>
  <ContentObjectTypes>
   <MultimediaContent type="ImageType">
    <MediaName>Red Mullet</MediaName>
    <FileFormat>image/jpeg</FileFormat>
    <MetaTag type="xsd:string" name="UserTag">Rodemul</MetaTag>
    <MetaTag type="xsd:string" name="UserTag">Redmullet</MetaTag>
    <MetaTag type="xsd:string" name="UserTag">Rotemeerbarbe</MetaTag>
    <MetaTag type="xsd:string" name="UserTag">Rougetdevase</MetaTag>
    <MetaTag type="xsd:string" name="UserTag">Rougetbarbet</MetaTag>
    <MetaTag type="xsd:string" name="UserTag">Trigliadifango</MetaTag>
    <MetaTag type="xsd:string" name="UserTag">Salmonetedefango</MetaTag>
    <MetaTag type="xsd:string" name="UserTag">Mullusbarbatus</MetaTag>
    <MediaLocator>
     <MediaUri>http://farm4.staticflickr.com/3475/3347278477_aa5f00ec8a_z.jpg?zz=1</MediaUri>
     <MediaPreview>http://farm4.staticflickr.com/3475/3347278477_aa5f00ec8a_s.jpg</MediaPreview>
    </MediaLocator>
    <MediaCreationInformation>
     <Author>
      <Name>Robin</Name>
     </Author>
     <Licensing>All Rights Reserved</Licensing>
    </MediaCreationInformation>
    <Size>152448</Size>
   </MultimediaContent>
   <RealWorldInfo>
    <MetadataUri filetype="rwml">Red_Mullet_2.rwml</MetadataUri>
   </RealWorldInfo>
  </ContentObjectTypes>
  <Tags>
   <MetaTag type="xsd:string" name="UserTag">Rodemul</MetaTag>
   <MetaTag type="xsd:string" name="UserTag">Redmullet</MetaTag>
   <MetaTag type="xsd:string" name="UserTag">Rotemeerbarbe</MetaTag>
   <MetaTag type="xsd:string" name="UserTag">Rougetdevase</MetaTag>
   <MetaTag type="xsd:string" name="UserTag">Rougetbarbet</MetaTag>
   <MetaTag type="xsd:string" name="UserTag">Trigliadifango</MetaTag>
   <MetaTag type="xsd:string" name="UserTag">Salmonetedefango</MetaTag>
   <MetaTag type="xsd:string" name="UserTag">Mullusbarbatus</MetaTag>
   <MetaTag type="xsd:string" name="Category">02 Fish</MetaTag>
  </Tags>
 </Header>
 <Description>
  <L_Descriptor type="ImageType">
   <MediaName>Red Mullet</MediaName>
   <ImageDescription matching="L2Distance" type="SIFT">
    <LowLevelDescriptor descriptorType="xsd:float" totalNumOfDescriptors="8168" descriptorSize="1021">
     <Store type="text">
      <DescriptorLocator>
       <DescriptorUri>http://vcl.iti.gr/is/UC/descr/2D/80000000-8000-0000-F000-000080000297.imgdescr</DescriptorUri>
      </DescriptorLocator>
     </Store>
    </LowLevelDescriptor>
   </ImageDescription>
  </L_Descriptor>
 </Description>
</RUCoD>
