<?xml version='1.0' encoding='UTF-8'?>
<RUCoD xmlns:xsi="http://www.w3.org/2001/XMLSchema-instance" xmlns="http://www.isearch-project.eu/isearch/RUCoD" xmlns:gml="http://www.opengis.net/gml" xmlns:xsd="http://www.w3.org/2001/XMLSchema">
 <Header>
  <ContentObjectType>Multimedia Collection</ContentObjectType>
  <ContentObjectName xml:lang="en-US">Red Snapper (Fish)</ContentObjectName>
  <ContentObjectID>80000000-8000-0000-F000-0000800002A1</ContentObjectID>
  <ContentObjectVersion>1</ContentObjectVersion>
  <ContentObjectCreationInformation>
   <Creator>
    <Name>CoFetch Script</Name>
   </Creator>
   <Contributor>
    <Name>HS Fulda</Name>
   </Contributor>
   <Contributor>
    <Name>Google</Name>
   </Contributor>
   <Contributor>
    <Name>flickr.com</Name>
   </Contributor>
   <Contributor>
    <Name>wikipedia.org</Name>
   </Contributor>
   <Contributor>
    <Name>freesound.org</Name>
   </Contributor>
   <Contributor>
    <Name>wunderground.com</Name>
   </Contributor>
   <Contributor>
    <Name>youtube.com</Name>
   </Contributor>
  </ContentObjectCreationInformation>
  <ContentObjectTypes>
   <MultimediaContent type="ImageType">
    <FreeText>A red snapper caught on a tagging trip, April 3, 2012, off the waters of Panama City. Taken by Amanda Nalley</FreeText>
    <MediaName>Red Snapper Tagging Trip 1</MediaName>
    <FileFormat>image/jpeg</FileFormat>
    <MetaTag type="xsd:string" name="UserTag">River</MetaTag>
    <MetaTag type="xsd:string" name="UserTag">Fwc</MetaTag>
    <MetaTag type="xsd:string" name="UserTag">Myfwc</MetaTag>
    <MetaTag type="xsd:string" name="UserTag">Myfwccom</MetaTag>
    <MetaTag type="xsd:string" name="UserTag">Redsnapper</MetaTag>
    <MetaTag type="xsd:string" name="UserTag">Tagging</MetaTag>
    <MetaTag type="xsd:string" name="UserTag">Saltwater</MetaTag>
    <MetaTag type="xsd:string" name="UserTag">Floridafishandwildlife</MetaTag>
    <MediaLocator>
     <MediaUri>http://farm8.staticflickr.com/7202/7070815179_cafe5dcacb_k.jpg</MediaUri>
     <MediaPreview>http://farm8.staticflickr.com/7202/7070815179_c867164c5b_s.jpg</MediaPreview>
    </MediaLocator>
    <MediaCreationInformation>
     <Author>
      <Name>Florida Fish and Wildlife</Name>
     </Author>
     <Licensing>Attribution-NoDerivs License</Licensing>
    </MediaCreationInformation>
    <Size>1671168</Size>
   </MultimediaContent>
   <RealWorldInfo>
    <MetadataUri filetype="rwml">Red_Snapper_Fish_3.rwml</MetadataUri>
   </RealWorldInfo>
  </ContentObjectTypes>
  <Tags>
   <MetaTag type="xsd:string" name="UserTag">River</MetaTag>
   <MetaTag type="xsd:string" name="UserTag">Fwc</MetaTag>
   <MetaTag type="xsd:string" name="UserTag">Myfwc</MetaTag>
   <MetaTag type="xsd:string" name="UserTag">Myfwccom</MetaTag>
   <MetaTag type="xsd:string" name="UserTag">Redsnapper</MetaTag>
   <MetaTag type="xsd:string" name="UserTag">Tagging</MetaTag>
   <MetaTag type="xsd:string" name="UserTag">Saltwater</MetaTag>
   <MetaTag type="xsd:string" name="UserTag">Floridafishandwildlife</MetaTag>
   <MetaTag type="xsd:string" name="Category">02 Fish</MetaTag>
  </Tags>
 </Header>
 <Description>
  <L_Descriptor type="ImageType">
   <MediaName>Red Snapper Tagging Trip 1</MediaName>
   <ImageDescription matching="L2Distance" type="SIFT">
    <LowLevelDescriptor descriptorType="xsd:float" totalNumOfDescriptors="8168" descriptorSize="1021">
     <Store type="text">
      <DescriptorLocator>
       <DescriptorUri>http://vcl.iti.gr/is/UC/descr/2D/80000000-8000-0000-F000-0000800002A1.imgdescr</DescriptorUri>
      </DescriptorLocator>
     </Store>
    </LowLevelDescriptor>
   </ImageDescription>
  </L_Descriptor>
 </Description>
</RUCoD>
