<?xml version='1.0' encoding='UTF-8'?>
<RUCoD xmlns:xsi="http://www.w3.org/2001/XMLSchema-instance" xmlns="http://www.isearch-project.eu/isearch/RUCoD" xmlns:gml="http://www.opengis.net/gml" xmlns:xsd="http://www.w3.org/2001/XMLSchema">
 <Header>
  <ContentObjectType>Multimedia Collection</ContentObjectType>
  <ContentObjectName xml:lang="en-US">Red Snapper (Fish)</ContentObjectName>
  <ContentObjectID>80000000-8000-0000-F000-00008000029D</ContentObjectID>
  <ContentObjectVersion>1</ContentObjectVersion>
  <ContentObjectCreationInformation>
   <Creator>
    <Name>CoFetch Script</Name>
   </Creator>
   <Contributor>
    <Name>HS Fulda</Name>
   </Contributor>
   <Contributor>
    <Name>Google</Name>
   </Contributor>
   <Contributor>
    <Name>flickr.com</Name>
   </Contributor>
   <Contributor>
    <Name>wikipedia.org</Name>
   </Contributor>
   <Contributor>
    <Name>freesound.org</Name>
   </Contributor>
   <Contributor>
    <Name>wunderground.com</Name>
   </Contributor>
   <Contributor>
    <Name>youtube.com</Name>
   </Contributor>
  </ContentObjectCreationInformation>
  <ContentObjectTypes>
   <MultimediaContent type="ImageType">
    <FreeText>08/09/07 Fishing trip. He lost some of his color by the time he got home. </FreeText>
    <MediaName>Red Snapper</MediaName>
    <FileFormat>image/jpeg</FileFormat>
    <MetaTag type="xsd:string" name="UserTag">Red</MetaTag>
    <MetaTag type="xsd:string" name="UserTag">Snapper</MetaTag>
    <MediaLocator>
     <MediaUri>http://farm2.staticflickr.com/1087/1085757393_0779e8010e_z.jpg?zz=1</MediaUri>
     <MediaPreview>http://farm2.staticflickr.com/1087/1085757393_0779e8010e_s.jpg</MediaPreview>
    </MediaLocator>
    <MediaCreationInformation>
     <Author>
      <Name>Melody Migas</Name>
     </Author>
     <Licensing>All Rights Reserved</Licensing>
    </MediaCreationInformation>
    <Size>184320</Size>
   </MultimediaContent>
   <MultimediaContent type="VideoType">
    <FreeText>Fishing client on board Team Buck Rogers Fishing Charters catching a nice red snapper. Contact the Captain at www.teambuckrogers.com to schedule a fishing trip.</FreeText>
    <MediaName>Jacksonville Fishing - Red Snapper</MediaName>
    <MetaTag type="xsd:string" name="UserTag">Entertainment</MetaTag>
    <MetaTag type="xsd:string" name="UserTag">Deep sea fishing</MetaTag>
    <MetaTag type="xsd:string" name="UserTag">Jacksonville fishing charter</MetaTag>
    <MetaTag type="xsd:string" name="UserTag">Charter fishing florida</MetaTag>
    <MetaTag type="xsd:string" name="UserTag">Jacksonville charter captains</MetaTag>
    <MetaTag type="xsd:string" name="UserTag">Jacksonville deep sea fishing</MetaTag>
    <MetaTag type="xsd:string" name="UserTag">St augustine fishing charter</MetaTag>
    <MediaLocator>
     <MediaUri>https://www.youtube.com/watch?v=f3GiWOATTjI</MediaUri>
     <MediaPreview>http://i.ytimg.com/vi/f3GiWOATTjI/default.jpg</MediaPreview>
    </MediaLocator>
    <MediaCreationInformation>
     <Author>
      <Name>teambuckrogers</Name>
     </Author>
     <Licensing>All right reserved</Licensing>
    </MediaCreationInformation>
    <MediaTime>32</MediaTime>
   </MultimediaContent>
   <RealWorldInfo>
    <MetadataUri filetype="rwml">Red_Snapper_Fish_12.rwml</MetadataUri>
   </RealWorldInfo>
  </ContentObjectTypes>
  <Tags>
   <MetaTag type="xsd:string" name="UserTag">Red</MetaTag>
   <MetaTag type="xsd:string" name="UserTag">Snapper</MetaTag>
   <MetaTag type="xsd:string" name="UserTag">Entertainment</MetaTag>
   <MetaTag type="xsd:string" name="UserTag">Deep sea fishing</MetaTag>
   <MetaTag type="xsd:string" name="UserTag">Jacksonville fishing charter</MetaTag>
   <MetaTag type="xsd:string" name="UserTag">Charter fishing florida</MetaTag>
   <MetaTag type="xsd:string" name="UserTag">Jacksonville charter captains</MetaTag>
   <MetaTag type="xsd:string" name="UserTag">Jacksonville deep sea fishing</MetaTag>
   <MetaTag type="xsd:string" name="UserTag">St augustine fishing charter</MetaTag>
   <MetaTag type="xsd:string" name="Category">02 Fish</MetaTag>
  </Tags>
 </Header>
 <Description>
  <L_Descriptor type="ImageType">
   <MediaName>Red Snapper</MediaName>
   <ImageDescription matching="L2Distance" type="SIFT">
    <LowLevelDescriptor descriptorType="xsd:float" totalNumOfDescriptors="8168" descriptorSize="1021">
     <Store type="text">
      <DescriptorLocator>
       <DescriptorUri>http://vcl.iti.gr/is/UC/descr/2D/80000000-8000-0000-F000-00008000029D.imgdescr</DescriptorUri>
      </DescriptorLocator>
     </Store>
    </LowLevelDescriptor>
   </ImageDescription>
  </L_Descriptor>
 </Description>
</RUCoD>
