<?xml version='1.0' encoding='UTF-8'?>
<RUCoD xmlns:xsi="http://www.w3.org/2001/XMLSchema-instance" xmlns="http://www.isearch-project.eu/isearch/RUCoD" xmlns:gml="http://www.opengis.net/gml" xmlns:xsd="http://www.w3.org/2001/XMLSchema">
 <Header>
  <ContentObjectType>Multimedia Collection</ContentObjectType>
  <ContentObjectName xml:lang="en-US">Red Snapper (Fish)</ContentObjectName>
  <ContentObjectID>80000000-8000-0000-F000-0000800002A0</ContentObjectID>
  <ContentObjectVersion>1</ContentObjectVersion>
  <ContentObjectCreationInformation>
   <Creator>
    <Name>CoFetch Script</Name>
   </Creator>
   <Contributor>
    <Name>HS Fulda</Name>
   </Contributor>
   <Contributor>
    <Name>Google</Name>
   </Contributor>
   <Contributor>
    <Name>flickr.com</Name>
   </Contributor>
   <Contributor>
    <Name>wikipedia.org</Name>
   </Contributor>
   <Contributor>
    <Name>freesound.org</Name>
   </Contributor>
   <Contributor>
    <Name>wunderground.com</Name>
   </Contributor>
   <Contributor>
    <Name>youtube.com</Name>
   </Contributor>
  </ContentObjectCreationInformation>
  <ContentObjectTypes>
   <MultimediaContent type="ImageType">
    <FreeText>Found hanging out under a large ledge at Little Bluff.</FreeText>
    <MediaName>Glass-eye snapper</MediaName>
    <FileFormat>image/jpeg</FileFormat>
    <MetaTag type="xsd:string" name="UserTag">Glass</MetaTag>
    <MetaTag type="xsd:string" name="UserTag">Eye</MetaTag>
    <MetaTag type="xsd:string" name="UserTag">Snapper</MetaTag>
    <MetaTag type="xsd:string" name="UserTag">Red</MetaTag>
    <MetaTag type="xsd:string" name="UserTag">Fish</MetaTag>
    <MetaTag type="xsd:string" name="UserTag">Ledge</MetaTag>
    <MetaTag type="xsd:string" name="UserTag">Little</MetaTag>
    <MetaTag type="xsd:string" name="UserTag">Bluff</MetaTag>
    <MediaLocator>
     <MediaUri>http://farm4.staticflickr.com/3630/3593999253_7e6cc0ac75_b.jpg</MediaUri>
     <MediaPreview>http://farm4.staticflickr.com/3630/3593999253_7e6cc0ac75_s.jpg</MediaPreview>
    </MediaLocator>
    <MediaCreationInformation>
     <Author>
      <Name>Vivek</Name>
     </Author>
     <Licensing>All Rights Reserved</Licensing>
    </MediaCreationInformation>
    <Size>471860</Size>
   </MultimediaContent>
   <MultimediaContent type="VideoType">
    <FreeText>www.Gulfstarfishing.com Amazing underwater video of Red Snapper in the Florida Middle Grounds while in deep sea fishing trip out of Tarpon Springs</FreeText>
    <MediaName>Underwater Red Snapper Video</MediaName>
    <MetaTag type="xsd:string" name="UserTag">Sports</MetaTag>
    <MetaTag type="xsd:string" name="UserTag">Tarpon springs fishing trips</MetaTag>
    <MetaTag type="xsd:string" name="UserTag">Tarpon springs grouper fishing</MetaTag>
    <MetaTag type="xsd:string" name="UserTag">Tarpon springs snapper fishing</MetaTag>
    <MetaTag type="xsd:string" name="UserTag">Florida sport fishing</MetaTag>
    <MetaTag type="xsd:string" name="UserTag">Deep sea fishing charter</MetaTag>
    <MediaLocator>
     <MediaUri>https://www.youtube.com/watch?v=5X5PNwiBjxE</MediaUri>
     <MediaPreview>http://i.ytimg.com/vi/5X5PNwiBjxE/default.jpg</MediaPreview>
    </MediaLocator>
    <MediaCreationInformation>
     <Author>
      <Name>gulfstarfishin</Name>
     </Author>
     <Licensing>All right reserved</Licensing>
    </MediaCreationInformation>
    <MediaTime>584</MediaTime>
   </MultimediaContent>
   <RealWorldInfo>
    <MetadataUri filetype="rwml">Red_Snapper_Fish_2.rwml</MetadataUri>
   </RealWorldInfo>
  </ContentObjectTypes>
  <Tags>
   <MetaTag type="xsd:string" name="UserTag">Glass</MetaTag>
   <MetaTag type="xsd:string" name="UserTag">Eye</MetaTag>
   <MetaTag type="xsd:string" name="UserTag">Snapper</MetaTag>
   <MetaTag type="xsd:string" name="UserTag">Red</MetaTag>
   <MetaTag type="xsd:string" name="UserTag">Fish</MetaTag>
   <MetaTag type="xsd:string" name="UserTag">Ledge</MetaTag>
   <MetaTag type="xsd:string" name="UserTag">Little</MetaTag>
   <MetaTag type="xsd:string" name="UserTag">Bluff</MetaTag>
   <MetaTag type="xsd:string" name="UserTag">Sports</MetaTag>
   <MetaTag type="xsd:string" name="UserTag">Tarpon springs fishing trips</MetaTag>
   <MetaTag type="xsd:string" name="UserTag">Tarpon springs grouper fishing</MetaTag>
   <MetaTag type="xsd:string" name="UserTag">Tarpon springs snapper fishing</MetaTag>
   <MetaTag type="xsd:string" name="UserTag">Florida sport fishing</MetaTag>
   <MetaTag type="xsd:string" name="UserTag">Deep sea fishing charter</MetaTag>
   <MetaTag type="xsd:string" name="Category">02 Fish</MetaTag>
  </Tags>
 </Header>
 <Description>
  <L_Descriptor type="ImageType">
   <MediaName>Glass-eye snapper</MediaName>
   <ImageDescription matching="L2Distance" type="SIFT">
    <LowLevelDescriptor descriptorType="xsd:float" totalNumOfDescriptors="8168" descriptorSize="1021">
     <Store type="text">
      <DescriptorLocator>
       <DescriptorUri>http://vcl.iti.gr/is/UC/descr/2D/80000000-8000-0000-F000-0000800002A0.imgdescr</DescriptorUri>
      </DescriptorLocator>
     </Store>
    </LowLevelDescriptor>
   </ImageDescription>
  </L_Descriptor>
 </Description>
</RUCoD>
