<?xml version='1.0' encoding='UTF-8'?>
<RUCoD xmlns:xsi="http://www.w3.org/2001/XMLSchema-instance" xmlns="http://www.isearch-project.eu/isearch/RUCoD" xmlns:gml="http://www.opengis.net/gml" xmlns:xsd="http://www.w3.org/2001/XMLSchema">
 <Header>
  <ContentObjectType>Multimedia Collection</ContentObjectType>
  <ContentObjectName xml:lang="en-US">Red Snapper (Fish)</ContentObjectName>
  <ContentObjectID>80000000-8000-0000-F000-00008000029C</ContentObjectID>
  <ContentObjectVersion>1</ContentObjectVersion>
  <ContentObjectCreationInformation>
   <Creator>
    <Name>CoFetch Script</Name>
   </Creator>
   <Contributor>
    <Name>HS Fulda</Name>
   </Contributor>
   <Contributor>
    <Name>Google</Name>
   </Contributor>
   <Contributor>
    <Name>flickr.com</Name>
   </Contributor>
   <Contributor>
    <Name>wikipedia.org</Name>
   </Contributor>
   <Contributor>
    <Name>freesound.org</Name>
   </Contributor>
   <Contributor>
    <Name>wunderground.com</Name>
   </Contributor>
   <Contributor>
    <Name>youtube.com</Name>
   </Contributor>
  </ContentObjectCreationInformation>
  <ContentObjectTypes>
   <MultimediaContent type="ImageType">
    <FreeText>At Katie's fish market in the wharf area of Galveston. </FreeText>
    <MediaName>Red Snapper for Sale</MediaName>
    <FileFormat>image/jpeg</FileFormat>
    <MetaTag type="xsd:string" name="UserTag">Redsnapper</MetaTag>
    <MetaTag type="xsd:string" name="UserTag">Fish</MetaTag>
    <MetaTag type="xsd:string" name="UserTag">Fishmarket</MetaTag>
    <MetaTag type="xsd:string" name="UserTag">Galveston</MetaTag>
    <MetaTag type="xsd:string" name="UserTag">Katies</MetaTag>
    <MediaLocator>
     <MediaUri>http://farm8.staticflickr.com/7152/6531173831_c2d87192d0_b.jpg</MediaUri>
     <MediaPreview>http://farm8.staticflickr.com/7152/6531173831_c2d87192d0_s.jpg</MediaPreview>
    </MediaLocator>
    <MediaCreationInformation>
     <Author>
      <Name>Cynthia</Name>
     </Author>
     <Licensing>All Rights Reserved</Licensing>
    </MediaCreationInformation>
    <Size>471860</Size>
   </MultimediaContent>
   <MultimediaContent type="VideoType">
    <FreeText>This was the last weekend of Red Snapper Season after it was extended for 8 weekends due to it being closed all Summer by the BP Oil Spill. The weather was looking good so we made a late run out to FH-1 where we saw some decent fish on the previous weekend. The Anglers consisted of 2 of my boys Ben (16) and Paul (15) came along with their 2 friends Alec Newton (16) and Tyler Peterson (16). Getting some good early action, we set our size limit up around 20 inches and went home with 9 nice Red Snapper and a Warsaw Grouper. It was a fun afternoon that encompassed 52.7 Miles, 28.6 Gallons of Fuel, and 5.4 hours. PRIMOFISH Rocks!</FreeText>
    <MediaName>2010Nov20 FH-1 Red Snapper in Mississippi on PRIMOFISH</MediaName>
    <MetaTag type="xsd:string" name="UserTag">News</MetaTag>
    <MetaTag type="xsd:string" name="UserTag">Red snapper</MetaTag>
    <MetaTag type="xsd:string" name="UserTag">Fishing</MetaTag>
    <MetaTag type="xsd:string" name="UserTag">Primofish</MetaTag>
    <MetaTag type="xsd:string" name="UserTag">Mgfb</MetaTag>
    <MetaTag type="xsd:string" name="UserTag">Grouper</MetaTag>
    <MetaTag type="xsd:string" name="UserTag">Mississippi</MetaTag>
    <MediaLocator>
     <MediaUri>https://www.youtube.com/watch?v=hUXIYUIRROc</MediaUri>
     <MediaPreview>http://i.ytimg.com/vi/hUXIYUIRROc/default.jpg</MediaPreview>
    </MediaLocator>
    <MediaCreationInformation>
     <Author>
      <Name>MarkPrimo</Name>
     </Author>
     <Licensing>All right reserved</Licensing>
    </MediaCreationInformation>
    <MediaTime>86</MediaTime>
   </MultimediaContent>
   <RealWorldInfo>
    <MetadataUri filetype="rwml">Red_Snapper_Fish_11.rwml</MetadataUri>
   </RealWorldInfo>
  </ContentObjectTypes>
  <Tags>
   <MetaTag type="xsd:string" name="UserTag">Redsnapper</MetaTag>
   <MetaTag type="xsd:string" name="UserTag">Fish</MetaTag>
   <MetaTag type="xsd:string" name="UserTag">Fishmarket</MetaTag>
   <MetaTag type="xsd:string" name="UserTag">Galveston</MetaTag>
   <MetaTag type="xsd:string" name="UserTag">Katies</MetaTag>
   <MetaTag type="xsd:string" name="UserTag">News</MetaTag>
   <MetaTag type="xsd:string" name="UserTag">Red snapper</MetaTag>
   <MetaTag type="xsd:string" name="UserTag">Fishing</MetaTag>
   <MetaTag type="xsd:string" name="UserTag">Primofish</MetaTag>
   <MetaTag type="xsd:string" name="UserTag">Mgfb</MetaTag>
   <MetaTag type="xsd:string" name="UserTag">Grouper</MetaTag>
   <MetaTag type="xsd:string" name="UserTag">Mississippi</MetaTag>
   <MetaTag type="xsd:string" name="Category">02 Fish</MetaTag>
  </Tags>
 </Header>
 <Description>
  <L_Descriptor type="ImageType">
   <MediaName>Red Snapper for Sale</MediaName>
   <ImageDescription matching="L2Distance" type="SIFT">
    <LowLevelDescriptor descriptorType="xsd:float" totalNumOfDescriptors="8168" descriptorSize="1021">
     <Store type="text">
      <DescriptorLocator>
       <DescriptorUri>http://vcl.iti.gr/is/UC/descr/2D/80000000-8000-0000-F000-00008000029C.imgdescr</DescriptorUri>
      </DescriptorLocator>
     </Store>
    </LowLevelDescriptor>
   </ImageDescription>
  </L_Descriptor>
 </Description>
</RUCoD>
