<?xml version='1.0' encoding='UTF-8'?>
<RUCoD xmlns:xsi="http://www.w3.org/2001/XMLSchema-instance" xmlns="http://www.isearch-project.eu/isearch/RUCoD" xmlns:gml="http://www.opengis.net/gml" xmlns:xsd="http://www.w3.org/2001/XMLSchema">
 <Header>
  <ContentObjectType>Multimedia Collection</ContentObjectType>
  <ContentObjectName xml:lang="en-US">Red Snapper (Fish)</ContentObjectName>
  <ContentObjectID>80000000-8000-0000-F000-0000800002A8</ContentObjectID>
  <ContentObjectVersion>1</ContentObjectVersion>
  <ContentObjectCreationInformation>
   <Creator>
    <Name>CoFetch Script</Name>
   </Creator>
   <Contributor>
    <Name>HS Fulda</Name>
   </Contributor>
   <Contributor>
    <Name>Google</Name>
   </Contributor>
   <Contributor>
    <Name>flickr.com</Name>
   </Contributor>
   <Contributor>
    <Name>wikipedia.org</Name>
   </Contributor>
   <Contributor>
    <Name>freesound.org</Name>
   </Contributor>
   <Contributor>
    <Name>wunderground.com</Name>
   </Contributor>
   <Contributor>
    <Name>youtube.com</Name>
   </Contributor>
  </ContentObjectCreationInformation>
  <ContentObjectTypes>
   <MultimediaContent type="ImageType">
    <FreeText>black snapper, macolor niger</FreeText>
    <MediaName>snorkeling 120060902-7</MediaName>
    <FileFormat>image/jpeg</FileFormat>
    <MetaTag type="xsd:string" name="UserTag">Egypt</MetaTag>
    <MetaTag type="xsd:string" name="UserTag">Fish</MetaTag>
    <MetaTag type="xsd:string" name="UserTag">Underwater</MetaTag>
    <MetaTag type="xsd:string" name="UserTag">Diving</MetaTag>
    <MetaTag type="xsd:string" name="UserTag">Redsea</MetaTag>
    <MetaTag type="xsd:string" name="UserTag">Blacksnapper</MetaTag>
    <MetaTag type="xsd:string" name="UserTag">Macolorniger</MetaTag>
    <MetaTag type="xsd:string" name="UserTag">Marsashagra</MetaTag>
    <MediaLocator>
     <MediaUri>http://farm1.staticflickr.com/79/244139106_b8edfe553d_b.jpg</MediaUri>
     <MediaPreview>http://farm1.staticflickr.com/79/244139106_b8edfe553d_s.jpg</MediaPreview>
    </MediaLocator>
    <MediaCreationInformation>
     <Author>
      <Name>Mona Dienhart &amp;Chris Lebas</Name>
     </Author>
     <Licensing>All Rights Reserved</Licensing>
    </MediaCreationInformation>
    <Size>427623</Size>
   </MultimediaContent>
   <MultimediaContent type="VideoType">
    <FreeText>This was part of continuing survey monitoring of MGFB's fishing reefs off Mississippi in FH-13. A dive was made on the Great Wicomico Pogey Boat. We also did some fishing there as well as at some nearby reefs. The visibility was not great, but we were able to feed the Red Snapper a nice little frozen bait ball and get some Video of them. There were several really nice Game Sized Red Snapper feeding on it. Unfortunately they are not allowed to be taken until June 1. The season will only be about 40 days this year because they are endangered. One can watch this Video and understand that there are so few of them - LOL. Of course the Commercial Boats can come catch up to 2000 pounds per trip on these same reefs year round. Oh how the Government likes to meddle with our lives. Anyway, I am happy they close the season because it gives us plenty of Fish to feed and enjoy underwater. That I am serious about. The BP Oil Spill has actually helped by paying these Commercial Boats so they don't have to hit our reefs so hard. The water temperature was 69° on the surface and 66° on the reef, so it was a little chilly.</FreeText>
    <MediaName>2012March17 Scuba Diving and Fishing on the Great Wicomico Pogey Boat in Mississippi FH-13</MediaName>
    <MetaTag type="xsd:string" name="UserTag">Travel</MetaTag>
    <MetaTag type="xsd:string" name="UserTag">Boat</MetaTag>
    <MetaTag type="xsd:string" name="UserTag">Fishing</MetaTag>
    <MetaTag type="xsd:string" name="UserTag">Scuba Diving</MetaTag>
    <MetaTag type="xsd:string" name="UserTag">Swimming</MetaTag>
    <MetaTag type="xsd:string" name="UserTag">Water</MetaTag>
    <MetaTag type="xsd:string" name="UserTag">Great</MetaTag>
    <MediaLocator>
     <MediaUri>https://www.youtube.com/watch?v=HAWWahjSgz0</MediaUri>
     <MediaPreview>http://i.ytimg.com/vi/HAWWahjSgz0/default.jpg</MediaPreview>
    </MediaLocator>
    <MediaCreationInformation>
     <Author>
      <Name>MarkPrimo</Name>
     </Author>
     <Licensing>All right reserved</Licensing>
    </MediaCreationInformation>
    <MediaTime>564</MediaTime>
   </MultimediaContent>
   <RealWorldInfo>
    <MetadataUri filetype="rwml">Red_Snapper_Fish.rwml</MetadataUri>
   </RealWorldInfo>
  </ContentObjectTypes>
  <Tags>
   <MetaTag type="xsd:string" name="UserTag">Egypt</MetaTag>
   <MetaTag type="xsd:string" name="UserTag">Fish</MetaTag>
   <MetaTag type="xsd:string" name="UserTag">Underwater</MetaTag>
   <MetaTag type="xsd:string" name="UserTag">Diving</MetaTag>
   <MetaTag type="xsd:string" name="UserTag">Redsea</MetaTag>
   <MetaTag type="xsd:string" name="UserTag">Blacksnapper</MetaTag>
   <MetaTag type="xsd:string" name="UserTag">Macolorniger</MetaTag>
   <MetaTag type="xsd:string" name="UserTag">Marsashagra</MetaTag>
   <MetaTag type="xsd:string" name="UserTag">Travel</MetaTag>
   <MetaTag type="xsd:string" name="UserTag">Boat</MetaTag>
   <MetaTag type="xsd:string" name="UserTag">Fishing</MetaTag>
   <MetaTag type="xsd:string" name="UserTag">Scuba Diving</MetaTag>
   <MetaTag type="xsd:string" name="UserTag">Swimming</MetaTag>
   <MetaTag type="xsd:string" name="UserTag">Water</MetaTag>
   <MetaTag type="xsd:string" name="UserTag">Great</MetaTag>
   <MetaTag type="xsd:string" name="Category">02 Fish</MetaTag>
  </Tags>
 </Header>
 <Description>
  <L_Descriptor type="ImageType">
   <MediaName>snorkeling 120060902-7</MediaName>
   <ImageDescription matching="L2Distance" type="SIFT">
    <LowLevelDescriptor descriptorType="xsd:float" totalNumOfDescriptors="8168" descriptorSize="1021">
     <Store type="text">
      <DescriptorLocator>
       <DescriptorUri>http://vcl.iti.gr/is/UC/descr/2D/80000000-8000-0000-F000-0000800002A8.imgdescr</DescriptorUri>
      </DescriptorLocator>
     </Store>
    </LowLevelDescriptor>
   </ImageDescription>
  </L_Descriptor>
 </Description>
</RUCoD>
