<?xml version='1.0' encoding='UTF-8'?>
<RUCoD xmlns:xsi="http://www.w3.org/2001/XMLSchema-instance" xmlns="http://www.isearch-project.eu/isearch/RUCoD" xmlns:gml="http://www.opengis.net/gml" xmlns:xsd="http://www.w3.org/2001/XMLSchema">
 <Header>
  <ContentObjectType>Multimedia Collection</ContentObjectType>
  <ContentObjectName xml:lang="en-US">Red Snapper (Fish)</ContentObjectName>
  <ContentObjectID>80000000-8000-0000-F000-00008000029F</ContentObjectID>
  <ContentObjectVersion>1</ContentObjectVersion>
  <ContentObjectCreationInformation>
   <Creator>
    <Name>CoFetch Script</Name>
   </Creator>
   <Contributor>
    <Name>HS Fulda</Name>
   </Contributor>
   <Contributor>
    <Name>Google</Name>
   </Contributor>
   <Contributor>
    <Name>flickr.com</Name>
   </Contributor>
   <Contributor>
    <Name>wikipedia.org</Name>
   </Contributor>
   <Contributor>
    <Name>freesound.org</Name>
   </Contributor>
   <Contributor>
    <Name>wunderground.com</Name>
   </Contributor>
   <Contributor>
    <Name>youtube.com</Name>
   </Contributor>
  </ContentObjectCreationInformation>
  <ContentObjectTypes>
   <MultimediaContent type="ImageType">
    <MediaName>Humpback red snapper</MediaName>
    <FileFormat>image/jpeg</FileFormat>
    <MetaTag type="xsd:string" name="UserTag">Maldives</MetaTag>
    <MetaTag type="xsd:string" name="UserTag">Themaldives</MetaTag>
    <MetaTag type="xsd:string" name="UserTag">Vilamendhoo</MetaTag>
    <MetaTag type="xsd:string" name="UserTag">Reef</MetaTag>
    <MetaTag type="xsd:string" name="UserTag">Fish</MetaTag>
    <MetaTag type="xsd:string" name="UserTag">Snorkelling</MetaTag>
    <MetaTag type="xsd:string" name="UserTag">Underwater</MetaTag>
    <MediaLocator>
     <MediaUri>http://farm3.staticflickr.com/2565/3913145921_b685522c7f_b.jpg</MediaUri>
     <MediaPreview>http://farm3.staticflickr.com/2565/3913145921_b685522c7f_s.jpg</MediaPreview>
    </MediaLocator>
    <MediaCreationInformation>
     <Author>
      <Name>Jo McLure</Name>
     </Author>
     <Licensing>All Rights Reserved</Licensing>
    </MediaCreationInformation>
    <Size>419021</Size>
   </MultimediaContent>
   <MultimediaContent type="VideoType">
    <FreeText>Diving in 75+ foot of water out of Pensacola, Florida spearing one trigger fish and four sheepshead also filmed a bunch of large red snapper and grouper.</FreeText>
    <MediaName>Trigger 3/17/12</MediaName>
    <MetaTag type="xsd:string" name="UserTag">Sports</MetaTag>
    <MetaTag type="xsd:string" name="UserTag">Spearfishing</MetaTag>
    <MetaTag type="xsd:string" name="UserTag">Trigger fish</MetaTag>
    <MetaTag type="xsd:string" name="UserTag">Sheepshead</MetaTag>
    <MetaTag type="xsd:string" name="UserTag">Pensacola</MetaTag>
    <MetaTag type="xsd:string" name="UserTag">Florida</MetaTag>
    <MetaTag type="xsd:string" name="UserTag">Fishing</MetaTag>
    <MediaLocator>
     <MediaUri>https://www.youtube.com/watch?v=mYrw4JEtngA</MediaUri>
     <MediaPreview>http://i.ytimg.com/vi/mYrw4JEtngA/default.jpg</MediaPreview>
    </MediaLocator>
    <MediaCreationInformation>
     <Author>
      <Name>jdavis4925</Name>
     </Author>
     <Licensing>All right reserved</Licensing>
    </MediaCreationInformation>
    <MediaTime>180</MediaTime>
   </MultimediaContent>
   <RealWorldInfo>
    <MetadataUri filetype="rwml">Red_Snapper_Fish_1.rwml</MetadataUri>
   </RealWorldInfo>
  </ContentObjectTypes>
  <Tags>
   <MetaTag type="xsd:string" name="UserTag">Maldives</MetaTag>
   <MetaTag type="xsd:string" name="UserTag">Themaldives</MetaTag>
   <MetaTag type="xsd:string" name="UserTag">Vilamendhoo</MetaTag>
   <MetaTag type="xsd:string" name="UserTag">Reef</MetaTag>
   <MetaTag type="xsd:string" name="UserTag">Fish</MetaTag>
   <MetaTag type="xsd:string" name="UserTag">Snorkelling</MetaTag>
   <MetaTag type="xsd:string" name="UserTag">Underwater</MetaTag>
   <MetaTag type="xsd:string" name="UserTag">Sports</MetaTag>
   <MetaTag type="xsd:string" name="UserTag">Spearfishing</MetaTag>
   <MetaTag type="xsd:string" name="UserTag">Trigger fish</MetaTag>
   <MetaTag type="xsd:string" name="UserTag">Sheepshead</MetaTag>
   <MetaTag type="xsd:string" name="UserTag">Pensacola</MetaTag>
   <MetaTag type="xsd:string" name="UserTag">Florida</MetaTag>
   <MetaTag type="xsd:string" name="UserTag">Fishing</MetaTag>
   <MetaTag type="xsd:string" name="Category">02 Fish</MetaTag>
  </Tags>
 </Header>
 <Description>
  <L_Descriptor type="ImageType">
   <MediaName>Humpback red snapper</MediaName>
   <ImageDescription matching="L2Distance" type="SIFT">
    <LowLevelDescriptor descriptorType="xsd:float" totalNumOfDescriptors="8168" descriptorSize="1021">
     <Store type="text">
      <DescriptorLocator>
       <DescriptorUri>http://vcl.iti.gr/is/UC/descr/2D/80000000-8000-0000-F000-00008000029F.imgdescr</DescriptorUri>
      </DescriptorLocator>
     </Store>
    </LowLevelDescriptor>
   </ImageDescription>
  </L_Descriptor>
 </Description>
</RUCoD>
