<?xml version='1.0' encoding='UTF-8'?>
<RUCoD xmlns:xsi="http://www.w3.org/2001/XMLSchema-instance" xmlns="http://www.isearch-project.eu/isearch/RUCoD" xmlns:gml="http://www.opengis.net/gml" xmlns:xsd="http://www.w3.org/2001/XMLSchema">
 <Header>
  <ContentObjectType>Multimedia Collection</ContentObjectType>
  <ContentObjectName xml:lang="en-US">Red Snapper (Fish)</ContentObjectName>
  <ContentObjectID>80000000-8000-0000-F000-00008000029B</ContentObjectID>
  <ContentObjectVersion>1</ContentObjectVersion>
  <ContentObjectCreationInformation>
   <Creator>
    <Name>CoFetch Script</Name>
   </Creator>
   <Contributor>
    <Name>HS Fulda</Name>
   </Contributor>
   <Contributor>
    <Name>Google</Name>
   </Contributor>
   <Contributor>
    <Name>flickr.com</Name>
   </Contributor>
   <Contributor>
    <Name>wikipedia.org</Name>
   </Contributor>
   <Contributor>
    <Name>freesound.org</Name>
   </Contributor>
   <Contributor>
    <Name>wunderground.com</Name>
   </Contributor>
   <Contributor>
    <Name>youtube.com</Name>
   </Contributor>
  </ContentObjectCreationInformation>
  <ContentObjectTypes>
   <MultimediaContent type="ImageType">
    <FreeText>At Katie's Seafood Market in Galveston. We got shrimp instead, but the snapper looked awfully good.</FreeText>
    <MediaName>Red Snapper</MediaName>
    <FileFormat>image/jpeg</FileFormat>
    <MetaTag type="xsd:string" name="UserTag">Redsnapper</MetaTag>
    <MetaTag type="xsd:string" name="UserTag">Galveston</MetaTag>
    <MetaTag type="xsd:string" name="UserTag">Texas</MetaTag>
    <MetaTag type="xsd:string" name="UserTag">Seafoodmarket</MetaTag>
    <MetaTag type="xsd:string" name="UserTag">Katiesmarket</MetaTag>
    <MetaTag type="xsd:string" name="UserTag">Pelican</MetaTag>
    <MetaTag type="xsd:string" name="UserTag">Fish</MetaTag>
    <MetaTag type="xsd:string" name="UserTag">Snapper</MetaTag>
    <MediaLocator>
     <MediaUri>http://farm5.staticflickr.com/4022/4218354967_a174c4143e_z.jpg?zz=1</MediaUri>
     <MediaPreview>http://farm5.staticflickr.com/4022/4218354967_a174c4143e_s.jpg</MediaPreview>
    </MediaLocator>
    <MediaCreationInformation>
     <Author>
      <Name>Cynthia</Name>
     </Author>
     <Licensing>All Rights Reserved</Licensing>
    </MediaCreationInformation>
    <Size>184320</Size>
   </MultimediaContent>
   <MultimediaContent type="VideoType">
    <FreeText>This video was taken at an oil and gas platform off Freeport, Texas on May 18, 2012. If you know what a red snapper looks like, you know you are looking at a massive school of them. And there are various year classes, with a nice school of 10-15 pounders visible at the end of the clip. This year, the season for red snapper in federal waters is a ridiculously short 40 days, and you can only keep 2 over 16 inches. This is the shortest season ever! I hope there will be a grassroots effort soon demanding better sport fish regulations for red snapper. I don't mind having a season, but a 40 day, 2 fish minimum is totally unnecessary. The season should be extended, and I think the limit should be increased to 5 snapper of any size, with the stipulation that you have to keep the first 5 you catch and then stop snapper fishing. Everybody who has any experience snapper fishing knows that if you send a squid-baited rig to the bottom in federal waters off Texas, you are going to have a snapper biting before you can engage the gears on your level wind. It has been that way as long as I can remember, and I am sick of catching 99% red snapper when I bottom fish near an oil platform, and only being allowed to keep certain sizes over an ever-shortening season! Plus, it is just common sense that a red snapper that has been handled has a much lower chance of survival upon release than say, a largemouth bass. When people go snapper fishing, they are not normally going for a catch and release &lt;b>...&lt;/b></FreeText>
    <MediaName>Stop Red Snapper Overprotection in Federal Waters off Texas!</MediaName>
    <MetaTag type="xsd:string" name="UserTag">Education</MetaTag>
    <MetaTag type="xsd:string" name="UserTag">Red Snapper</MetaTag>
    <MetaTag type="xsd:string" name="UserTag">Gulf of Mexico</MetaTag>
    <MetaTag type="xsd:string" name="UserTag">Federal waters</MetaTag>
    <MetaTag type="xsd:string" name="UserTag">Underfishing</MetaTag>
    <MetaTag type="xsd:string" name="UserTag">Season</MetaTag>
    <MetaTag type="xsd:string" name="UserTag">Keep the first five</MetaTag>
    <MediaLocator>
     <MediaUri>https://www.youtube.com/watch?v=9e9yiopnmrQ</MediaUri>
     <MediaPreview>http://i.ytimg.com/vi/9e9yiopnmrQ/default.jpg</MediaPreview>
    </MediaLocator>
    <MediaCreationInformation>
     <Author>
      <Name>ichthmus153</Name>
     </Author>
     <Licensing>All right reserved</Licensing>
    </MediaCreationInformation>
    <MediaTime>115</MediaTime>
   </MultimediaContent>
   <RealWorldInfo>
    <MetadataUri filetype="rwml">Red_Snapper_Fish_10.rwml</MetadataUri>
   </RealWorldInfo>
  </ContentObjectTypes>
  <Tags>
   <MetaTag type="xsd:string" name="UserTag">Redsnapper</MetaTag>
   <MetaTag type="xsd:string" name="UserTag">Galveston</MetaTag>
   <MetaTag type="xsd:string" name="UserTag">Texas</MetaTag>
   <MetaTag type="xsd:string" name="UserTag">Seafoodmarket</MetaTag>
   <MetaTag type="xsd:string" name="UserTag">Katiesmarket</MetaTag>
   <MetaTag type="xsd:string" name="UserTag">Pelican</MetaTag>
   <MetaTag type="xsd:string" name="UserTag">Fish</MetaTag>
   <MetaTag type="xsd:string" name="UserTag">Snapper</MetaTag>
   <MetaTag type="xsd:string" name="UserTag">Education</MetaTag>
   <MetaTag type="xsd:string" name="UserTag">Red Snapper</MetaTag>
   <MetaTag type="xsd:string" name="UserTag">Gulf of Mexico</MetaTag>
   <MetaTag type="xsd:string" name="UserTag">Federal waters</MetaTag>
   <MetaTag type="xsd:string" name="UserTag">Underfishing</MetaTag>
   <MetaTag type="xsd:string" name="UserTag">Season</MetaTag>
   <MetaTag type="xsd:string" name="UserTag">Keep the first five</MetaTag>
   <MetaTag type="xsd:string" name="Category">02 Fish</MetaTag>
  </Tags>
 </Header>
 <Description>
  <L_Descriptor type="ImageType">
   <MediaName>Red Snapper</MediaName>
   <ImageDescription matching="L2Distance" type="SIFT">
    <LowLevelDescriptor descriptorType="xsd:float" totalNumOfDescriptors="8168" descriptorSize="1021">
     <Store type="text">
      <DescriptorLocator>
       <DescriptorUri>http://vcl.iti.gr/is/UC/descr/2D/80000000-8000-0000-F000-00008000029B.imgdescr</DescriptorUri>
      </DescriptorLocator>
     </Store>
    </LowLevelDescriptor>
   </ImageDescription>
  </L_Descriptor>
 </Description>
</RUCoD>
