<?xml version='1.0' encoding='UTF-8'?>
<RUCoD xmlns:xsi="http://www.w3.org/2001/XMLSchema-instance" xmlns="http://www.isearch-project.eu/isearch/RUCoD" xmlns:gml="http://www.opengis.net/gml" xmlns:xsd="http://www.w3.org/2001/XMLSchema">
 <Header>
  <ContentObjectType>Multimedia Collection</ContentObjectType>
  <ContentObjectName xml:lang="en-US">Red Mullet</ContentObjectName>
  <ContentObjectID>80000000-8000-0000-F000-00008000029A</ContentObjectID>
  <ContentObjectVersion>1</ContentObjectVersion>
  <ContentObjectCreationInformation>
   <Creator>
    <Name>CoFetch Script</Name>
   </Creator>
   <Contributor>
    <Name>HS Fulda</Name>
   </Contributor>
   <Contributor>
    <Name>Google</Name>
   </Contributor>
   <Contributor>
    <Name>flickr.com</Name>
   </Contributor>
   <Contributor>
    <Name>wikipedia.org</Name>
   </Contributor>
   <Contributor>
    <Name>freesound.org</Name>
   </Contributor>
   <Contributor>
    <Name>wunderground.com</Name>
   </Contributor>
   <Contributor>
    <Name>youtube.com</Name>
   </Contributor>
  </ContentObjectCreationInformation>
  <ContentObjectTypes>
   <MultimediaContent type="ImageType">
    <FreeText>&lt;b>Striped Red Mullet&lt;/b> - &lt;i>Mullus surmuletus&lt;/i> Linnaeus, 1758 &lt;a href="http://www.flickr.com/photos/puffinbytes/tags/spb:id=01Q7">[more of this species]&lt;/a>&lt;b>Date: &lt;/b>May 31, 2010&lt;b>Location: &lt;/b>London Aquarium &lt;a href="http://www.flickr.com/photos/puffinbytes/tags/spb:lid=003C">[more at this location]&lt;/a>&lt;b>Country: &lt;/b>United Kingdom&lt;a href="http://sites.google.com/site/speciesbase/" rel="nofollow">Click here to view my photographic wildlife checklists&lt;/a>&lt;b>&amp;copy;Copyright Notice&lt;/b>&lt;i>This photograph and all those within my photostream are protected by copyright. They may not be reproduced, copied, transmitted or manipulated without &lt;a href="mailto:puffinbytes@yahoo.com.au" rel="nofollow">written permission&lt;/a>.&lt;/i></FreeText>
    <MediaName>Striped Red Mullet - Mullus surmuletus</MediaName>
    <FileFormat>image/jpeg</FileFormat>
    <MetaTag type="xsd:string" name="UserTag">Spb:id=01q7</MetaTag>
    <MetaTag type="xsd:string" name="UserTag">Mullus</MetaTag>
    <MetaTag type="xsd:string" name="UserTag">Taxonomy:genus=mullus</MetaTag>
    <MetaTag type="xsd:string" name="UserTag">Mullussurmuletus</MetaTag>
    <MetaTag type="xsd:string" name="UserTag">Taxonomy:species=surmuletus</MetaTag>
    <MetaTag type="xsd:string" name="UserTag">Taxonomy:binomial=mullussurmuletus</MetaTag>
    <MetaTag type="xsd:string" name="UserTag">Spb:species=mullussurmuletus</MetaTag>
    <MetaTag type="xsd:string" name="UserTag">Stripedredmullet</MetaTag>
    <MediaLocator>
     <MediaUri>http://farm5.staticflickr.com/4128/5031059914_8769622058.jpg</MediaUri>
     <MediaPreview>http://farm5.staticflickr.com/4128/5031059914_8769622058_s.jpg</MediaPreview>
    </MediaLocator>
    <MediaCreationInformation>
     <Author>
      <Name>Vin</Name>
     </Author>
     <Licensing>All Rights Reserved</Licensing>
    </MediaCreationInformation>
    <Size>92160</Size>
   </MultimediaContent>
   <RealWorldInfo>
    <MetadataUri filetype="rwml">Red_Mullet.rwml</MetadataUri>
   </RealWorldInfo>
  </ContentObjectTypes>
  <Tags>
   <MetaTag type="xsd:string" name="UserTag">Spb:id=01q7</MetaTag>
   <MetaTag type="xsd:string" name="UserTag">Mullus</MetaTag>
   <MetaTag type="xsd:string" name="UserTag">Taxonomy:genus=mullus</MetaTag>
   <MetaTag type="xsd:string" name="UserTag">Mullussurmuletus</MetaTag>
   <MetaTag type="xsd:string" name="UserTag">Taxonomy:species=surmuletus</MetaTag>
   <MetaTag type="xsd:string" name="UserTag">Taxonomy:binomial=mullussurmuletus</MetaTag>
   <MetaTag type="xsd:string" name="UserTag">Spb:species=mullussurmuletus</MetaTag>
   <MetaTag type="xsd:string" name="UserTag">Stripedredmullet</MetaTag>
   <MetaTag type="xsd:string" name="Category">02 Fish</MetaTag>
  </Tags>
 </Header>
 <Description>
  <L_Descriptor type="ImageType">
   <MediaName>Striped Red Mullet - Mullus surmuletus</MediaName>
   <ImageDescription matching="L2Distance" type="SIFT">
    <LowLevelDescriptor descriptorType="xsd:float" totalNumOfDescriptors="8168" descriptorSize="1021">
     <Store type="text">
      <DescriptorLocator>
       <DescriptorUri>http://vcl.iti.gr/is/UC/descr/2D/80000000-8000-0000-F000-00008000029A.imgdescr</DescriptorUri>
      </DescriptorLocator>
     </Store>
    </LowLevelDescriptor>
   </ImageDescription>
  </L_Descriptor>
 </Description>
</RUCoD>
