<?xml version='1.0' encoding='UTF-8'?>
<RUCoD xmlns:xsi="http://www.w3.org/2001/XMLSchema-instance" xmlns="http://www.isearch-project.eu/isearch/RUCoD" xmlns:gml="http://www.opengis.net/gml" xmlns:xsd="http://www.w3.org/2001/XMLSchema">
 <Header>
  <ContentObjectType>Multimedia Collection</ContentObjectType>
  <ContentObjectName xml:lang="en-US">Salmon</ContentObjectName>
  <ContentObjectID>80000000-8000-0000-F000-0000800002AC</ContentObjectID>
  <ContentObjectVersion>1</ContentObjectVersion>
  <ContentObjectCreationInformation>
   <Creator>
    <Name>CoFetch Script</Name>
   </Creator>
   <Contributor>
    <Name>HS Fulda</Name>
   </Contributor>
   <Contributor>
    <Name>Google</Name>
   </Contributor>
   <Contributor>
    <Name>flickr.com</Name>
   </Contributor>
   <Contributor>
    <Name>wikipedia.org</Name>
   </Contributor>
   <Contributor>
    <Name>freesound.org</Name>
   </Contributor>
   <Contributor>
    <Name>wunderground.com</Name>
   </Contributor>
   <Contributor>
    <Name>youtube.com</Name>
   </Contributor>
  </ContentObjectCreationInformation>
  <ContentObjectTypes>
   <MultimediaContent type="Object3D">
    <FreeText>a lepord shark form the eastern pacific</FreeText>
    <MediaName>lepord shark</MediaName>
    <MetaTag type="xsd:string" name="UserTag">Salmon</MetaTag>
    <MediaLocator>
     <MediaUri>http://sketchup.google.com/3dwarehouse/download?mid=15485e49e84615e8967bf54a1f364120&amp;rtyp=zip&amp;fn=lepord+shark&amp;ctyp=other&amp;ts=1202485324000&amp;ct=gd</MediaUri>
     <MediaPreview>http://sketchup.google.com/3dwarehouse/download?mid=15485e49e84615e8967bf54a1f364120&amp;rtyp=lt&amp;ctyp=other&amp;ts=1202485324000&amp;ct=gd</MediaPreview>
    </MediaLocator>
    <MediaCreationInformation>
     <Author>
      <Name>crab nebula stop shidika x give me five stars only (http://sketchup.google.com/3dwarehouse/search?uq=1793899362778084828862891&amp;scoring=m&amp;ct=gd)</Name>
     </Author>
     <Licensing>Google 3D Warehouse License</Licensing>
    </MediaCreationInformation>
    <Size>254253</Size>
   </MultimediaContent>
   <MultimediaContent type="ImageType">
    <FreeText> Highest position in Explore #291 on September 13, 2009. Thank you! I know,I know, I know! My Friends are scratching their heads right now, thinking &amp;quot;What, no HDR lighthouse or landscape?&amp;quot;    I am working graveyards right now, so when I got home to Issaquah, I decided to walk around town a little this morning. First thing I did was to go over to the Issaquah Fish Hatchery. I knew the salmon should be running, and when I looked into Issaquah creek, I was happy to see them. Besides the trees starting to put on their show, the return of the Salmon to Issaquah is a sure sign that Fall is right around the corner. There is a sign at the hatchery which said that the first Salmon to return this season were sighted on August 25th. Can't wait for the Issaquah Salmon Days Festival at the beginning of October. Always a great time with the parade, art exhibits and tasty food!  This is  almost a SOOC (Straight Out Of Camera). I shot this with my circular polarizer to reduce the glare from the sky on the water.I used my 55-250mm telephoto lens to get a closer view from my vantage point on the side of Issaquah Creek.  I enhanced the contrast a little, decreased the brightness and slide the color saturation slider just a bit.  Thank you to all of my Flickr friends for your faves and comments.</FreeText>
    <MediaName>The Salmon have returned to Issaquah</MediaName>
    <FileFormat>image/jpeg</FileFormat>
    <MetaTag type="xsd:string" name="UserTag">Issaquah</MetaTag>
    <MetaTag type="xsd:string" name="UserTag">Salmon</MetaTag>
    <MetaTag type="xsd:string" name="UserTag">Washingtonstate</MetaTag>
    <MetaTag type="xsd:string" name="UserTag">Pacificnorthwest</MetaTag>
    <MetaTag type="xsd:string" name="UserTag">Canonrebelxsi</MetaTag>
    <MetaTag type="xsd:string" name="UserTag">Fresnatic</MetaTag>
    <MetaTag type="xsd:string" name="UserTag">Anawesomeshot</MetaTag>
    <MetaTag type="xsd:string" name="UserTag">Explore</MetaTag>
    <MediaLocator>
     <MediaUri>http://farm3.staticflickr.com/2424/3916228217_71c6a40fb7_b.jpg</MediaUri>
     <MediaPreview>http://farm3.staticflickr.com/2424/3916228217_71c6a40fb7_s.jpg</MediaPreview>
    </MediaLocator>
    <MediaCreationInformation>
     <Author>
      <Name>David Irons Jr</Name>
     </Author>
     <Licensing>All Rights Reserved</Licensing>
    </MediaCreationInformation>
    <Size>418407</Size>
   </MultimediaContent>
   <MultimediaContent type="VideoType">
    <FreeText>Coho Salmon fishing on the Alagnak River, Fly fishing Streamers and articulated leaches for Rainbow Trout and Coho Salmon. Shot on location in Katmai National Parks Wild Scenic Alagnak River with Alaska Adventures Lodge. www.alaska-fly-fishing.net http Contact us (877) 801-2289</FreeText>
    <MediaName>Coho Salmon Fly Fishing Underwater footage Alagnak River Alaska Adventures Part 4 HD</MediaName>
    <MetaTag type="xsd:string" name="UserTag">Travel</MetaTag>
    <MetaTag type="xsd:string" name="UserTag">Salmon fishing</MetaTag>
    <MetaTag type="xsd:string" name="UserTag">Alaska fly fishing</MetaTag>
    <MetaTag type="xsd:string" name="UserTag">Alaska salmon fishing</MetaTag>
    <MetaTag type="xsd:string" name="UserTag">Alaska Trout fishing</MetaTag>
    <MetaTag type="xsd:string" name="UserTag">Underwater fishing videos</MetaTag>
    <MetaTag type="xsd:string" name="UserTag">Alagnak River lodge</MetaTag>
    <MediaLocator>
     <MediaUri>https://www.youtube.com/watch?v=CL4HoHJn1I8</MediaUri>
     <MediaPreview>http://i.ytimg.com/vi/CL4HoHJn1I8/default.jpg</MediaPreview>
    </MediaLocator>
    <MediaCreationInformation>
     <Author>
      <Name>alaskacharlie</Name>
     </Author>
     <Licensing>All right reserved</Licensing>
    </MediaCreationInformation>
    <MediaTime>390</MediaTime>
   </MultimediaContent>
   <RealWorldInfo>
    <MetadataUri filetype="rwml">Salmon.rwml</MetadataUri>
   </RealWorldInfo>
  </ContentObjectTypes>
  <Tags>
   <MetaTag type="xsd:string" name="UserTag">Salmon</MetaTag>
   <MetaTag type="xsd:string" name="UserTag">Issaquah</MetaTag>
   <MetaTag type="xsd:string" name="UserTag">Washingtonstate</MetaTag>
   <MetaTag type="xsd:string" name="UserTag">Pacificnorthwest</MetaTag>
   <MetaTag type="xsd:string" name="UserTag">Canonrebelxsi</MetaTag>
   <MetaTag type="xsd:string" name="UserTag">Fresnatic</MetaTag>
   <MetaTag type="xsd:string" name="UserTag">Anawesomeshot</MetaTag>
   <MetaTag type="xsd:string" name="UserTag">Explore</MetaTag>
   <MetaTag type="xsd:string" name="UserTag">Travel</MetaTag>
   <MetaTag type="xsd:string" name="UserTag">Salmon fishing</MetaTag>
   <MetaTag type="xsd:string" name="UserTag">Alaska fly fishing</MetaTag>
   <MetaTag type="xsd:string" name="UserTag">Alaska salmon fishing</MetaTag>
   <MetaTag type="xsd:string" name="UserTag">Alaska Trout fishing</MetaTag>
   <MetaTag type="xsd:string" name="UserTag">Underwater fishing videos</MetaTag>
   <MetaTag type="xsd:string" name="UserTag">Alagnak River lodge</MetaTag>
   <MetaTag type="xsd:string" name="Category">02 Fish</MetaTag>
  </Tags>
 </Header>
 <Description>
  <L_Descriptor type="ImageType">
   <MediaName>The Salmon have returned to Issaquah</MediaName>
   <ImageDescription matching="L2Distance" type="SIFT">
    <LowLevelDescriptor descriptorType="xsd:float" totalNumOfDescriptors="8168" descriptorSize="1021">
     <Store type="text">
      <DescriptorLocator>
       <DescriptorUri>http://vcl.iti.gr/is/UC/descr/2D/80000000-8000-0000-F000-0000800002AC.imgdescr</DescriptorUri>
      </DescriptorLocator>
     </Store>
    </LowLevelDescriptor>
   </ImageDescription>
  </L_Descriptor>
  <L_Descriptor type="Object3D">
   <MediaName>lepord shark</MediaName>
   <Shape3DDescription matching="MultiViewL2" type="CMVD">
    <LowLevelDescriptor descriptorType="xsd:float" totalNumOfDescriptors="212" descriptorSize="3816" totalNumOfViews="18">
     <Store type="text">
      <DescriptorLocator>
       <DescriptorUri>http://vcl.iti.gr/is/UC/descr/3D/80000000-8000-0000-F000-0000800002AC.zip.txt</DescriptorUri>
      </DescriptorLocator>
     </Store>
    </LowLevelDescriptor>
   </Shape3DDescription>
  </L_Descriptor>
 </Description>
</RUCoD>
