<?xml version='1.0' encoding='UTF-8'?>
<RUCoD xmlns:xsi="http://www.w3.org/2001/XMLSchema-instance" xmlns="http://www.isearch-project.eu/isearch/RUCoD" xmlns:gml="http://www.opengis.net/gml" xmlns:xsd="http://www.w3.org/2001/XMLSchema">
 <Header>
  <ContentObjectType>Multimedia Collection</ContentObjectType>
  <ContentObjectName xml:lang="en-US">Salmon</ContentObjectName>
  <ContentObjectID>80000000-8000-0000-F000-0000800002A9</ContentObjectID>
  <ContentObjectVersion>1</ContentObjectVersion>
  <ContentObjectCreationInformation>
   <Creator>
    <Name>CoFetch Script</Name>
   </Creator>
   <Contributor>
    <Name>HS Fulda</Name>
   </Contributor>
   <Contributor>
    <Name>Google</Name>
   </Contributor>
   <Contributor>
    <Name>flickr.com</Name>
   </Contributor>
   <Contributor>
    <Name>wikipedia.org</Name>
   </Contributor>
   <Contributor>
    <Name>freesound.org</Name>
   </Contributor>
   <Contributor>
    <Name>wunderground.com</Name>
   </Contributor>
   <Contributor>
    <Name>youtube.com</Name>
   </Contributor>
  </ContentObjectCreationInformation>
  <ContentObjectTypes>
   <MultimediaContent type="Object3D">
    <FreeText>a fish common is europe and aisa bigger than it's tropical relitves</FreeText>
    <MediaName>spined loach</MediaName>
    <MetaTag type="xsd:string" name="UserTag">Fish</MetaTag>
    <MediaLocator>
     <MediaUri>http://sketchup.google.com/3dwarehouse/download?mid=1de7fcae22ad8271967bf54a1f364120&amp;rtyp=zip&amp;fn=Untitled&amp;ctyp=other&amp;ts=1202485513000&amp;ct=gd</MediaUri>
     <MediaPreview>http://sketchup.google.com/3dwarehouse/download?mid=1de7fcae22ad8271967bf54a1f364120&amp;rtyp=lt&amp;ctyp=other&amp;ts=1202485513000&amp;ct=gd</MediaPreview>
    </MediaLocator>
    <MediaCreationInformation>
     <Author>
      <Name>crab nebula stop shidika x give me five stars only (http://sketchup.google.com/3dwarehouse/search?uq=1793899362778084828862891&amp;scoring=m&amp;ct=gd)</Name>
     </Author>
     <Licensing>Google 3D Warehouse License</Licensing>
    </MediaCreationInformation>
    <Size>144086</Size>
   </MultimediaContent>
   <MultimediaContent type="ImageType">
    <FreeText>Salmon Fishing October 07</FreeText>
    <MediaName>Salmon Fishing</MediaName>
    <FileFormat>image/jpeg</FileFormat>
    <MetaTag type="xsd:string" name="UserTag">Fishing</MetaTag>
    <MetaTag type="xsd:string" name="UserTag">Salmon</MetaTag>
    <MetaTag type="xsd:string" name="UserTag">Olcott</MetaTag>
    <MetaTag type="xsd:string" name="UserTag">Ny</MetaTag>
    <MediaLocator>
     <MediaUri>http://farm4.staticflickr.com/3465/3296153254_29cf6fc8c7_b.jpg</MediaUri>
     <MediaPreview>http://farm4.staticflickr.com/3465/3296153254_29cf6fc8c7_s.jpg</MediaPreview>
    </MediaLocator>
    <MediaCreationInformation>
     <Author>
      <Name>charlie44107</Name>
     </Author>
     <Licensing>All Rights Reserved</Licensing>
    </MediaCreationInformation>
    <Size>419636</Size>
   </MultimediaContent>
   <MultimediaContent type="VideoType">
    <FreeText>Some underwater video of salmon biting lures...and even the camera!</FreeText>
    <MediaName>Underwater Salmon: When Humpies Attack!</MediaName>
    <MetaTag type="xsd:string" name="UserTag">Entertainment</MetaTag>
    <MetaTag type="xsd:string" name="UserTag">Underwater</MetaTag>
    <MetaTag type="xsd:string" name="UserTag">Video</MetaTag>
    <MetaTag type="xsd:string" name="UserTag">Fishing</MetaTag>
    <MetaTag type="xsd:string" name="UserTag">Salmon</MetaTag>
    <MetaTag type="xsd:string" name="UserTag">Alaska</MetaTag>
    <MetaTag type="xsd:string" name="UserTag">Pink salmon</MetaTag>
    <MediaLocator>
     <MediaUri>https://www.youtube.com/watch?v=ARUJ8yjacj8</MediaUri>
     <MediaPreview>http://i.ytimg.com/vi/ARUJ8yjacj8/default.jpg</MediaPreview>
    </MediaLocator>
    <MediaCreationInformation>
     <Author>
      <Name>fishwithjd</Name>
     </Author>
     <Licensing>All right reserved</Licensing>
    </MediaCreationInformation>
    <MediaTime>116</MediaTime>
   </MultimediaContent>
   <RealWorldInfo>
    <MetadataUri filetype="rwml">Salmon_1.rwml</MetadataUri>
   </RealWorldInfo>
  </ContentObjectTypes>
  <Tags>
   <MetaTag type="xsd:string" name="UserTag">Fish</MetaTag>
   <MetaTag type="xsd:string" name="UserTag">Fishing</MetaTag>
   <MetaTag type="xsd:string" name="UserTag">Salmon</MetaTag>
   <MetaTag type="xsd:string" name="UserTag">Olcott</MetaTag>
   <MetaTag type="xsd:string" name="UserTag">Ny</MetaTag>
   <MetaTag type="xsd:string" name="UserTag">Entertainment</MetaTag>
   <MetaTag type="xsd:string" name="UserTag">Underwater</MetaTag>
   <MetaTag type="xsd:string" name="UserTag">Video</MetaTag>
   <MetaTag type="xsd:string" name="UserTag">Alaska</MetaTag>
   <MetaTag type="xsd:string" name="UserTag">Pink salmon</MetaTag>
   <MetaTag type="xsd:string" name="Category">02 Fish</MetaTag>
  </Tags>
 </Header>
 <Description>
  <L_Descriptor type="ImageType">
   <MediaName>Salmon Fishing</MediaName>
   <ImageDescription matching="L2Distance" type="SIFT">
    <LowLevelDescriptor descriptorType="xsd:float" totalNumOfDescriptors="8168" descriptorSize="1021">
     <Store type="text">
      <DescriptorLocator>
       <DescriptorUri>http://vcl.iti.gr/is/UC/descr/2D/80000000-8000-0000-F000-0000800002A9.imgdescr</DescriptorUri>
      </DescriptorLocator>
     </Store>
    </LowLevelDescriptor>
   </ImageDescription>
  </L_Descriptor>
  <L_Descriptor type="Object3D">
   <MediaName>spined loach</MediaName>
   <Shape3DDescription matching="MultiViewL2" type="CMVD">
    <LowLevelDescriptor descriptorType="xsd:float" totalNumOfDescriptors="212" descriptorSize="3816" totalNumOfViews="18">
     <Store type="text">
      <DescriptorLocator>
       <DescriptorUri>http://vcl.iti.gr/is/UC/descr/3D/80000000-8000-0000-F000-0000800002A9.zip.txt</DescriptorUri>
      </DescriptorLocator>
     </Store>
    </LowLevelDescriptor>
   </Shape3DDescription>
  </L_Descriptor>
 </Description>
</RUCoD>
