<?xml version='1.0' encoding='UTF-8'?>
<RUCoD xmlns:xsi="http://www.w3.org/2001/XMLSchema-instance" xmlns="http://www.isearch-project.eu/isearch/RUCoD" xmlns:gml="http://www.opengis.net/gml" xmlns:xsd="http://www.w3.org/2001/XMLSchema">
 <Header>
  <ContentObjectType>Multimedia Collection</ContentObjectType>
  <ContentObjectName xml:lang="en-US">Salmon</ContentObjectName>
  <ContentObjectID>80000000-8000-0000-F000-0000800002AB</ContentObjectID>
  <ContentObjectVersion>1</ContentObjectVersion>
  <ContentObjectCreationInformation>
   <Creator>
    <Name>CoFetch Script</Name>
   </Creator>
   <Contributor>
    <Name>HS Fulda</Name>
   </Contributor>
   <Contributor>
    <Name>Google</Name>
   </Contributor>
   <Contributor>
    <Name>flickr.com</Name>
   </Contributor>
   <Contributor>
    <Name>wikipedia.org</Name>
   </Contributor>
   <Contributor>
    <Name>freesound.org</Name>
   </Contributor>
   <Contributor>
    <Name>wunderground.com</Name>
   </Contributor>
   <Contributor>
    <Name>youtube.com</Name>
   </Contributor>
  </ContentObjectCreationInformation>
  <ContentObjectTypes>
   <MultimediaContent type="ImageType">
    <FreeText>Two chinook salmon (Oncorhynchus tshawytscha) swim through the fish ladder at the Ballard Locks in Seattle, Washington. Commonly called king salmon because they are the largest of the Pacific salmon, they are found along the coast from Alaska to California.</FreeText>
    <MediaName>Chinook Salmon in Ballard Locks, Washington</MediaName>
    <FileFormat>image/jpeg</FileFormat>
    <MetaTag type="xsd:string" name="UserTag">Chinooksalmon</MetaTag>
    <MetaTag type="xsd:string" name="UserTag">Salmon</MetaTag>
    <MetaTag type="xsd:string" name="UserTag">Fish</MetaTag>
    <MetaTag type="xsd:string" name="UserTag">Fishes</MetaTag>
    <MetaTag type="xsd:string" name="UserTag">Oncorhynchustshawytscha</MetaTag>
    <MetaTag type="xsd:string" name="UserTag">Ballardlocks</MetaTag>
    <MediaLocator>
     <MediaUri>http://farm5.staticflickr.com/4077/4852914047_d623d68886_z.jpg</MediaUri>
     <MediaPreview>http://farm5.staticflickr.com/4077/4852914047_d623d68886_s.jpg</MediaPreview>
    </MediaLocator>
    <MediaCreationInformation>
     <Author>
      <Name>Kevin Ebi</Name>
     </Author>
     <Licensing>All Rights Reserved</Licensing>
    </MediaCreationInformation>
    <Size>144000</Size>
   </MultimediaContent>
   <RealWorldInfo>
    <MetadataUri filetype="rwml">Salmon_4.rwml</MetadataUri>
   </RealWorldInfo>
  </ContentObjectTypes>
  <Tags>
   <MetaTag type="xsd:string" name="UserTag">Chinooksalmon</MetaTag>
   <MetaTag type="xsd:string" name="UserTag">Salmon</MetaTag>
   <MetaTag type="xsd:string" name="UserTag">Fish</MetaTag>
   <MetaTag type="xsd:string" name="UserTag">Fishes</MetaTag>
   <MetaTag type="xsd:string" name="UserTag">Oncorhynchustshawytscha</MetaTag>
   <MetaTag type="xsd:string" name="UserTag">Ballardlocks</MetaTag>
   <MetaTag type="xsd:string" name="Category">02 Fish</MetaTag>
  </Tags>
 </Header>
 <Description>
  <L_Descriptor type="ImageType">
   <MediaName>Chinook Salmon in Ballard Locks, Washington</MediaName>
   <ImageDescription matching="L2Distance" type="SIFT">
    <LowLevelDescriptor descriptorType="xsd:float" totalNumOfDescriptors="8168" descriptorSize="1021">
     <Store type="text">
      <DescriptorLocator>
       <DescriptorUri>http://vcl.iti.gr/is/UC/descr/2D/80000000-8000-0000-F000-0000800002AB.imgdescr</DescriptorUri>
      </DescriptorLocator>
     </Store>
    </LowLevelDescriptor>
   </ImageDescription>
  </L_Descriptor>
 </Description>
</RUCoD>
