<?xml version='1.0' encoding='UTF-8'?>
<RUCoD xmlns:xsi="http://www.w3.org/2001/XMLSchema-instance" xmlns="http://www.isearch-project.eu/isearch/RUCoD" xmlns:gml="http://www.opengis.net/gml" xmlns:xsd="http://www.w3.org/2001/XMLSchema">
 <Header>
  <ContentObjectType>Multimedia Collection</ContentObjectType>
  <ContentObjectName xml:lang="en-US">Salmon</ContentObjectName>
  <ContentObjectID>80000000-8000-0000-F000-0000800002AA</ContentObjectID>
  <ContentObjectVersion>1</ContentObjectVersion>
  <ContentObjectCreationInformation>
   <Creator>
    <Name>CoFetch Script</Name>
   </Creator>
   <Contributor>
    <Name>HS Fulda</Name>
   </Contributor>
   <Contributor>
    <Name>Google</Name>
   </Contributor>
   <Contributor>
    <Name>flickr.com</Name>
   </Contributor>
   <Contributor>
    <Name>wikipedia.org</Name>
   </Contributor>
   <Contributor>
    <Name>freesound.org</Name>
   </Contributor>
   <Contributor>
    <Name>wunderground.com</Name>
   </Contributor>
   <Contributor>
    <Name>youtube.com</Name>
   </Contributor>
  </ContentObjectCreationInformation>
  <ContentObjectTypes>
   <MultimediaContent type="ImageType">
    <FreeText>Lake Michigan Salmon Fishing Charter - Lake Michigan Salmon Fishing with Lake Michigan Salmon Fishing Charter - Lake Michigan Salmon Fishing with Captain “Bubba” Bob Pawlick on his boat the “Mitzi II”Waukegan Harbor House &lt;a href="http://www.waukeganharborhouse.com">www.waukeganharborhouse.com&lt;/a> Lake Michigan Salmon Fishing Charter - Lake Michigan Salmon Fishing with Captain “Bubba” Bob Pawlick on his boat the “Mitzi II”Waukegan Harbor House &lt;a href="http://www.waukeganharborhouse.com">www.waukeganharborhouse.com&lt;/a> </FreeText>
    <MediaName>Lake Michigan Salmon Fishing Charter</MediaName>
    <FileFormat>image/jpeg</FileFormat>
    <MetaTag type="xsd:string" name="UserTag">Lake</MetaTag>
    <MetaTag type="xsd:string" name="UserTag">Michigan</MetaTag>
    <MetaTag type="xsd:string" name="UserTag">Salmon</MetaTag>
    <MetaTag type="xsd:string" name="UserTag">Fishing</MetaTag>
    <MetaTag type="xsd:string" name="UserTag">Charter</MetaTag>
    <MediaLocator>
     <MediaUri>http://farm4.staticflickr.com/3186/2683964713_78ec9fa995.jpg</MediaUri>
     <MediaPreview>http://farm4.staticflickr.com/3186/2683964713_78ec9fa995_s.jpg</MediaPreview>
    </MediaLocator>
    <MediaCreationInformation>
     <Author>
      <Name>Todor Krecu</Name>
     </Author>
     <Licensing>All Rights Reserved</Licensing>
    </MediaCreationInformation>
    <Size>112500</Size>
   </MultimediaContent>
   <MultimediaContent type="VideoType">
    <FreeText>Join WhereWiseMenFish on a fly fishing week the Royal Coachman Lodge in Alaska. Full information and fishing reports on the lodge at www.WhereWiseMenFish.com</FreeText>
    <MediaName>Huge 40Lb King Salmon on Fly-Royal Coachman Lodge in Alaska-HD Version</MediaName>
    <MetaTag type="xsd:string" name="UserTag">Sports</MetaTag>
    <MetaTag type="xsd:string" name="UserTag">Www.wherewisemen.com</MetaTag>
    <MetaTag type="xsd:string" name="UserTag">Fish</MetaTag>
    <MetaTag type="xsd:string" name="UserTag">Royal</MetaTag>
    <MetaTag type="xsd:string" name="UserTag">Coachman</MetaTag>
    <MetaTag type="xsd:string" name="UserTag">Fishing</MetaTag>
    <MetaTag type="xsd:string" name="UserTag">Lodge</MetaTag>
    <MediaLocator>
     <MediaUri>https://www.youtube.com/watch?v=CI9KIW6a4UQ</MediaUri>
     <MediaPreview>http://i.ytimg.com/vi/CI9KIW6a4UQ/default.jpg</MediaPreview>
    </MediaLocator>
    <MediaCreationInformation>
     <Author>
      <Name>WhereWiseMenFish</Name>
     </Author>
     <Licensing>All right reserved</Licensing>
    </MediaCreationInformation>
    <MediaTime>417</MediaTime>
   </MultimediaContent>
   <RealWorldInfo>
    <MetadataUri filetype="rwml">Salmon_2.rwml</MetadataUri>
   </RealWorldInfo>
  </ContentObjectTypes>
  <Tags>
   <MetaTag type="xsd:string" name="UserTag">Lake</MetaTag>
   <MetaTag type="xsd:string" name="UserTag">Michigan</MetaTag>
   <MetaTag type="xsd:string" name="UserTag">Salmon</MetaTag>
   <MetaTag type="xsd:string" name="UserTag">Fishing</MetaTag>
   <MetaTag type="xsd:string" name="UserTag">Charter</MetaTag>
   <MetaTag type="xsd:string" name="UserTag">Sports</MetaTag>
   <MetaTag type="xsd:string" name="UserTag">Www.wherewisemen.com</MetaTag>
   <MetaTag type="xsd:string" name="UserTag">Fish</MetaTag>
   <MetaTag type="xsd:string" name="UserTag">Royal</MetaTag>
   <MetaTag type="xsd:string" name="UserTag">Coachman</MetaTag>
   <MetaTag type="xsd:string" name="UserTag">Lodge</MetaTag>
   <MetaTag type="xsd:string" name="Category">02 Fish</MetaTag>
  </Tags>
 </Header>
 <Description>
  <L_Descriptor type="ImageType">
   <MediaName>Lake Michigan Salmon Fishing Charter</MediaName>
   <ImageDescription matching="L2Distance" type="SIFT">
    <LowLevelDescriptor descriptorType="xsd:float" totalNumOfDescriptors="8168" descriptorSize="1021">
     <Store type="text">
      <DescriptorLocator>
       <DescriptorUri>http://vcl.iti.gr/is/UC/descr/2D/80000000-8000-0000-F000-0000800002AA.imgdescr</DescriptorUri>
      </DescriptorLocator>
     </Store>
    </LowLevelDescriptor>
   </ImageDescription>
  </L_Descriptor>
 </Description>
</RUCoD>
