<?xml version='1.0' encoding='UTF-8'?>
<RUCoD xmlns:xsi="http://www.w3.org/2001/XMLSchema-instance" xmlns="http://www.isearch-project.eu/isearch/RUCoD" xmlns:gml="http://www.opengis.net/gml" xmlns:xsd="http://www.w3.org/2001/XMLSchema">
 <Header>
  <ContentObjectType>Multimedia Collection</ContentObjectType>
  <ContentObjectName xml:lang="en-US">Sardine</ContentObjectName>
  <ContentObjectID>80000000-8000-0000-F000-0000800002B3</ContentObjectID>
  <ContentObjectVersion>1</ContentObjectVersion>
  <ContentObjectCreationInformation>
   <Creator>
    <Name>CoFetch Script</Name>
   </Creator>
   <Contributor>
    <Name>HS Fulda</Name>
   </Contributor>
   <Contributor>
    <Name>Google</Name>
   </Contributor>
   <Contributor>
    <Name>flickr.com</Name>
   </Contributor>
   <Contributor>
    <Name>wikipedia.org</Name>
   </Contributor>
   <Contributor>
    <Name>freesound.org</Name>
   </Contributor>
   <Contributor>
    <Name>wunderground.com</Name>
   </Contributor>
   <Contributor>
    <Name>youtube.com</Name>
   </Contributor>
  </ContentObjectCreationInformation>
  <ContentObjectTypes>
   <MultimediaContent type="ImageType">
    <FreeText>Sardines play an important role in Portuguese culture. Having been a people who depended heavily on the sea for food and commerce, the Portuguese have a predilection for fish in their popular festivities. The most important is Saint Anthony's day, 13th June, when the biggest popular festival takes place in Lisbon, taking the people to the streets where grilled sardines are the snack of choice. Almost every place in Portugal, from Figueira da Foz to Portalegre, or from Póvoa de Varzim to Olhão has the summertime popular tradition of eating grilled sardines (sardinhas assadas).</FreeText>
    <MediaName>Sardine</MediaName>
    <FileFormat>image/jpeg</FileFormat>
    <MetaTag type="xsd:string" name="UserTag">Sardine</MetaTag>
    <MetaTag type="xsd:string" name="UserTag">Sardines</MetaTag>
    <MetaTag type="xsd:string" name="UserTag">Portugal</MetaTag>
    <MetaTag type="xsd:string" name="UserTag">Sardinhas</MetaTag>
    <MetaTag type="xsd:string" name="UserTag">Portuguese</MetaTag>
    <MetaTag type="xsd:string" name="UserTag">Grilledsardines</MetaTag>
    <MediaLocator>
     <MediaUri>http://farm3.staticflickr.com/2352/5762989494_80ecc2892f_b.jpg</MediaUri>
     <MediaPreview>http://farm3.staticflickr.com/2352/5762989494_80ecc2892f_s.jpg</MediaPreview>
    </MediaLocator>
    <MediaCreationInformation>
     <Author>
      <Name>John Carvalho</Name>
     </Author>
     <Licensing>All Rights Reserved</Licensing>
    </MediaCreationInformation>
    <Size>419636</Size>
   </MultimediaContent>
   <RealWorldInfo>
    <MetadataUri filetype="rwml">Sardine_2.rwml</MetadataUri>
   </RealWorldInfo>
  </ContentObjectTypes>
  <Tags>
   <MetaTag type="xsd:string" name="UserTag">Sardine</MetaTag>
   <MetaTag type="xsd:string" name="UserTag">Sardines</MetaTag>
   <MetaTag type="xsd:string" name="UserTag">Portugal</MetaTag>
   <MetaTag type="xsd:string" name="UserTag">Sardinhas</MetaTag>
   <MetaTag type="xsd:string" name="UserTag">Portuguese</MetaTag>
   <MetaTag type="xsd:string" name="UserTag">Grilledsardines</MetaTag>
   <MetaTag type="xsd:string" name="Category">02 Fish</MetaTag>
  </Tags>
 </Header>
 <Description>
  <L_Descriptor type="ImageType">
   <MediaName>Sardine</MediaName>
   <ImageDescription matching="L2Distance" type="SIFT">
    <LowLevelDescriptor descriptorType="xsd:float" totalNumOfDescriptors="8168" descriptorSize="1021">
     <Store type="text">
      <DescriptorLocator>
       <DescriptorUri>http://vcl.iti.gr/is/UC/descr/2D/80000000-8000-0000-F000-0000800002B3.imgdescr</DescriptorUri>
      </DescriptorLocator>
     </Store>
    </LowLevelDescriptor>
   </ImageDescription>
  </L_Descriptor>
 </Description>
</RUCoD>
