<?xml version='1.0' encoding='UTF-8'?>
<RUCoD xmlns:xsi="http://www.w3.org/2001/XMLSchema-instance" xmlns="http://www.isearch-project.eu/isearch/RUCoD" xmlns:gml="http://www.opengis.net/gml" xmlns:xsd="http://www.w3.org/2001/XMLSchema">
 <Header>
  <ContentObjectType>Multimedia Collection</ContentObjectType>
  <ContentObjectName xml:lang="en-US">Sardine</ContentObjectName>
  <ContentObjectID>80000000-8000-0000-F000-0000800002B0</ContentObjectID>
  <ContentObjectVersion>1</ContentObjectVersion>
  <ContentObjectCreationInformation>
   <Creator>
    <Name>CoFetch Script</Name>
   </Creator>
   <Contributor>
    <Name>HS Fulda</Name>
   </Contributor>
   <Contributor>
    <Name>Google</Name>
   </Contributor>
   <Contributor>
    <Name>flickr.com</Name>
   </Contributor>
   <Contributor>
    <Name>wikipedia.org</Name>
   </Contributor>
   <Contributor>
    <Name>freesound.org</Name>
   </Contributor>
   <Contributor>
    <Name>wunderground.com</Name>
   </Contributor>
   <Contributor>
    <Name>youtube.com</Name>
   </Contributor>
  </ContentObjectCreationInformation>
  <ContentObjectTypes>
   <MultimediaContent type="ImageType">
    <FreeText>&lt;a href="http://www.davidlebovitz.com/archives/2008/09/the_64_fish.html">sardine dinner&lt;/a></FreeText>
    <MediaName>sardines</MediaName>
    <FileFormat>image/jpeg</FileFormat>
    <MetaTag type="xsd:string" name="UserTag">Sardine</MetaTag>
    <MetaTag type="xsd:string" name="UserTag">Fish</MetaTag>
    <MetaTag type="xsd:string" name="UserTag">Paris</MetaTag>
    <MetaTag type="xsd:string" name="UserTag">Poisson</MetaTag>
    <MetaTag type="xsd:string" name="UserTag">Poissoniere</MetaTag>
    <MetaTag type="xsd:string" name="UserTag">Brittany</MetaTag>
    <MediaLocator>
     <MediaUri>http://farm4.staticflickr.com/3184/2855555687_3e761eec90.jpg</MediaUri>
     <MediaPreview>http://farm4.staticflickr.com/3184/2855555687_3e761eec90_s.jpg</MediaPreview>
    </MediaLocator>
    <MediaCreationInformation>
     <Author>
      <Name>daveleb</Name>
     </Author>
     <Licensing>All Rights Reserved</Licensing>
    </MediaCreationInformation>
    <Size>99900</Size>
   </MultimediaContent>
   <MultimediaContent type="VideoType">
    <FreeText>Underwater Stock Footage of sardines attacked by mackerel, filmed in High Definition, clip length 0:55 min.</FreeText>
    <MediaName>Sardines attacked by mackerel, Underwater Video Footage_0175</MediaName>
    <MetaTag type="xsd:string" name="UserTag">Travel</MetaTag>
    <MetaTag type="xsd:string" name="UserTag">Mackerel</MetaTag>
    <MetaTag type="xsd:string" name="UserTag">Sardines</MetaTag>
    <MetaTag type="xsd:string" name="UserTag">Swarming</MetaTag>
    <MetaTag type="xsd:string" name="UserTag">Shoal</MetaTag>
    <MetaTag type="xsd:string" name="UserTag">Schooling fish</MetaTag>
    <MetaTag type="xsd:string" name="UserTag">Sardine run</MetaTag>
    <MediaLocator>
     <MediaUri>https://www.youtube.com/watch?v=xh7tSELx0DI</MediaUri>
     <MediaPreview>http://i.ytimg.com/vi/xh7tSELx0DI/default.jpg</MediaPreview>
    </MediaLocator>
    <MediaCreationInformation>
     <Author>
      <Name>OceanWindows</Name>
     </Author>
     <Licensing>All right reserved</Licensing>
    </MediaCreationInformation>
    <MediaTime>31</MediaTime>
   </MultimediaContent>
   <RealWorldInfo>
    <MetadataUri filetype="rwml">Sardine_13.rwml</MetadataUri>
   </RealWorldInfo>
  </ContentObjectTypes>
  <Tags>
   <MetaTag type="xsd:string" name="UserTag">Sardine</MetaTag>
   <MetaTag type="xsd:string" name="UserTag">Fish</MetaTag>
   <MetaTag type="xsd:string" name="UserTag">Paris</MetaTag>
   <MetaTag type="xsd:string" name="UserTag">Poisson</MetaTag>
   <MetaTag type="xsd:string" name="UserTag">Poissoniere</MetaTag>
   <MetaTag type="xsd:string" name="UserTag">Brittany</MetaTag>
   <MetaTag type="xsd:string" name="UserTag">Travel</MetaTag>
   <MetaTag type="xsd:string" name="UserTag">Mackerel</MetaTag>
   <MetaTag type="xsd:string" name="UserTag">Sardines</MetaTag>
   <MetaTag type="xsd:string" name="UserTag">Swarming</MetaTag>
   <MetaTag type="xsd:string" name="UserTag">Shoal</MetaTag>
   <MetaTag type="xsd:string" name="UserTag">Schooling fish</MetaTag>
   <MetaTag type="xsd:string" name="UserTag">Sardine run</MetaTag>
   <MetaTag type="xsd:string" name="Category">02 Fish</MetaTag>
  </Tags>
 </Header>
 <Description>
  <L_Descriptor type="ImageType">
   <MediaName>sardines</MediaName>
   <ImageDescription matching="L2Distance" type="SIFT">
    <LowLevelDescriptor descriptorType="xsd:float" totalNumOfDescriptors="8168" descriptorSize="1021">
     <Store type="text">
      <DescriptorLocator>
       <DescriptorUri>http://vcl.iti.gr/is/UC/descr/2D/80000000-8000-0000-F000-0000800002B0.imgdescr</DescriptorUri>
      </DescriptorLocator>
     </Store>
    </LowLevelDescriptor>
   </ImageDescription>
  </L_Descriptor>
 </Description>
</RUCoD>
