<?xml version='1.0' encoding='UTF-8'?>
<RUCoD xmlns:xsi="http://www.w3.org/2001/XMLSchema-instance" xmlns="http://www.isearch-project.eu/isearch/RUCoD" xmlns:gml="http://www.opengis.net/gml" xmlns:xsd="http://www.w3.org/2001/XMLSchema">
 <Header>
  <ContentObjectType>Multimedia Collection</ContentObjectType>
  <ContentObjectName xml:lang="en-US">Sardine</ContentObjectName>
  <ContentObjectID>80000000-8000-0000-F000-0000800002AD</ContentObjectID>
  <ContentObjectVersion>1</ContentObjectVersion>
  <ContentObjectCreationInformation>
   <Creator>
    <Name>CoFetch Script</Name>
   </Creator>
   <Contributor>
    <Name>HS Fulda</Name>
   </Contributor>
   <Contributor>
    <Name>Google</Name>
   </Contributor>
   <Contributor>
    <Name>flickr.com</Name>
   </Contributor>
   <Contributor>
    <Name>wikipedia.org</Name>
   </Contributor>
   <Contributor>
    <Name>freesound.org</Name>
   </Contributor>
   <Contributor>
    <Name>wunderground.com</Name>
   </Contributor>
   <Contributor>
    <Name>youtube.com</Name>
   </Contributor>
  </ContentObjectCreationInformation>
  <ContentObjectTypes>
   <MultimediaContent type="ImageType">
    <FreeText>The South American pilchard, Sardinops sagax, is a sardine of the Family Clupeidae, the only member of the genus Sardinops, found in the indo-Pacific oceans. Their length is up to 40 cm. It has a number of other common names, some of which are for subspecies: blue pilchard, Australian pilchard, blue-bait, Californian pilchard, Chilean sardine, Japanese pilchard, Pacific sardine, and Southern African pilchard.</FreeText>
    <MediaName>Sardine!</MediaName>
    <FileFormat>image/jpeg</FileFormat>
    <MetaTag type="xsd:string" name="UserTag">Taxonomy:binomial=sardinopssagax</MetaTag>
    <MetaTag type="xsd:string" name="UserTag">Sardinops</MetaTag>
    <MetaTag type="xsd:string" name="UserTag">Sagax</MetaTag>
    <MetaTag type="xsd:string" name="UserTag">Fish</MetaTag>
    <MetaTag type="xsd:string" name="UserTag">Sardine</MetaTag>
    <MetaTag type="xsd:string" name="UserTag">California</MetaTag>
    <MetaTag type="xsd:string" name="UserTag">2011</MetaTag>
    <MediaLocator>
     <MediaUri>http://farm6.staticflickr.com/5068/5625008706_2214dfe0e5_b.jpg</MediaUri>
     <MediaPreview>http://farm6.staticflickr.com/5068/5625008706_2214dfe0e5_s.jpg</MediaPreview>
    </MediaLocator>
    <MediaCreationInformation>
     <Author>
      <Name>Brian Gratwicke</Name>
     </Author>
     <Licensing>Attribution License</Licensing>
    </MediaCreationInformation>
    <Size>404276</Size>
   </MultimediaContent>
   <RealWorldInfo>
    <MetadataUri filetype="rwml">Sardine_10.rwml</MetadataUri>
   </RealWorldInfo>
  </ContentObjectTypes>
  <Tags>
   <MetaTag type="xsd:string" name="UserTag">2011</MetaTag>
   <MetaTag type="xsd:string" name="UserTag">Taxonomy:binomial=sardinopssagax</MetaTag>
   <MetaTag type="xsd:string" name="UserTag">Sardinops</MetaTag>
   <MetaTag type="xsd:string" name="UserTag">Sagax</MetaTag>
   <MetaTag type="xsd:string" name="UserTag">Fish</MetaTag>
   <MetaTag type="xsd:string" name="UserTag">Sardine</MetaTag>
   <MetaTag type="xsd:string" name="UserTag">California</MetaTag>
   <MetaTag type="xsd:string" name="Category">02 Fish</MetaTag>
  </Tags>
 </Header>
 <Description>
  <L_Descriptor type="ImageType">
   <MediaName>Sardine!</MediaName>
   <ImageDescription matching="L2Distance" type="SIFT">
    <LowLevelDescriptor descriptorType="xsd:float" totalNumOfDescriptors="8168" descriptorSize="1021">
     <Store type="text">
      <DescriptorLocator>
       <DescriptorUri>http://vcl.iti.gr/is/UC/descr/2D/80000000-8000-0000-F000-0000800002AD.imgdescr</DescriptorUri>
      </DescriptorLocator>
     </Store>
    </LowLevelDescriptor>
   </ImageDescription>
  </L_Descriptor>
 </Description>
</RUCoD>
