<?xml version='1.0' encoding='UTF-8'?>
<RUCoD xmlns:xsi="http://www.w3.org/2001/XMLSchema-instance" xmlns="http://www.isearch-project.eu/isearch/RUCoD" xmlns:gml="http://www.opengis.net/gml" xmlns:xsd="http://www.w3.org/2001/XMLSchema">
 <Header>
  <ContentObjectType>Multimedia Collection</ContentObjectType>
  <ContentObjectName xml:lang="en-US">Sardine</ContentObjectName>
  <ContentObjectID>80000000-8000-0000-F000-0000800002B1</ContentObjectID>
  <ContentObjectVersion>1</ContentObjectVersion>
  <ContentObjectCreationInformation>
   <Creator>
    <Name>CoFetch Script</Name>
   </Creator>
   <Contributor>
    <Name>HS Fulda</Name>
   </Contributor>
   <Contributor>
    <Name>Google</Name>
   </Contributor>
   <Contributor>
    <Name>flickr.com</Name>
   </Contributor>
   <Contributor>
    <Name>wikipedia.org</Name>
   </Contributor>
   <Contributor>
    <Name>freesound.org</Name>
   </Contributor>
   <Contributor>
    <Name>wunderground.com</Name>
   </Contributor>
   <Contributor>
    <Name>youtube.com</Name>
   </Contributor>
  </ContentObjectCreationInformation>
  <ContentObjectTypes>
   <MultimediaContent type="ImageType">
    <FreeText>&lt;a href="http://www.davidlebovitz.com/archives/2009/07/sardine_pate.html" rel="nofollow">blog post&lt;/a></FreeText>
    <MediaName>sardines</MediaName>
    <FileFormat>image/jpeg</FileFormat>
    <MetaTag type="xsd:string" name="UserTag">Sardines</MetaTag>
    <MetaTag type="xsd:string" name="UserTag">Poissons</MetaTag>
    <MetaTag type="xsd:string" name="UserTag">Fish</MetaTag>
    <MetaTag type="xsd:string" name="UserTag">Market</MetaTag>
    <MetaTag type="xsd:string" name="UserTag">Paris</MetaTag>
    <MetaTag type="xsd:string" name="UserTag">Bastille</MetaTag>
    <MetaTag type="xsd:string" name="UserTag">Richardlenoir</MetaTag>
    <MediaLocator>
     <MediaUri>http://farm3.staticflickr.com/2565/3734304793_3a8e79c481.jpg</MediaUri>
     <MediaPreview>http://farm3.staticflickr.com/2565/3734304793_3a8e79c481_s.jpg</MediaPreview>
    </MediaLocator>
    <MediaCreationInformation>
     <Author>
      <Name>daveleb</Name>
     </Author>
     <Licensing>All Rights Reserved</Licensing>
    </MediaCreationInformation>
    <Size>88048</Size>
   </MultimediaContent>
   <MultimediaContent type="VideoType">
    <FreeText>Underwater Stock Footage of swarming like a carpet, filmed in High Definition, clip length1:25 min.</FreeText>
    <MediaName>Sardines swarming like a carpet, Underwater Video Footage_0170</MediaName>
    <MetaTag type="xsd:string" name="UserTag">Travel</MetaTag>
    <MetaTag type="xsd:string" name="UserTag">Sardines</MetaTag>
    <MetaTag type="xsd:string" name="UserTag">Swarming</MetaTag>
    <MetaTag type="xsd:string" name="UserTag">Shoal</MetaTag>
    <MetaTag type="xsd:string" name="UserTag">Schooling fish</MetaTag>
    <MetaTag type="xsd:string" name="UserTag">Sardine run</MetaTag>
    <MetaTag type="xsd:string" name="UserTag">Fish</MetaTag>
    <MediaLocator>
     <MediaUri>https://www.youtube.com/watch?v=WaUKJ1DMfDQ</MediaUri>
     <MediaPreview>http://i.ytimg.com/vi/WaUKJ1DMfDQ/default.jpg</MediaPreview>
    </MediaLocator>
    <MediaCreationInformation>
     <Author>
      <Name>OceanWindows</Name>
     </Author>
     <Licensing>All right reserved</Licensing>
    </MediaCreationInformation>
    <MediaTime>31</MediaTime>
   </MultimediaContent>
   <RealWorldInfo>
    <MetadataUri filetype="rwml">Sardine_14.rwml</MetadataUri>
   </RealWorldInfo>
  </ContentObjectTypes>
  <Tags>
   <MetaTag type="xsd:string" name="UserTag">Sardines</MetaTag>
   <MetaTag type="xsd:string" name="UserTag">Poissons</MetaTag>
   <MetaTag type="xsd:string" name="UserTag">Fish</MetaTag>
   <MetaTag type="xsd:string" name="UserTag">Market</MetaTag>
   <MetaTag type="xsd:string" name="UserTag">Paris</MetaTag>
   <MetaTag type="xsd:string" name="UserTag">Bastille</MetaTag>
   <MetaTag type="xsd:string" name="UserTag">Richardlenoir</MetaTag>
   <MetaTag type="xsd:string" name="UserTag">Travel</MetaTag>
   <MetaTag type="xsd:string" name="UserTag">Swarming</MetaTag>
   <MetaTag type="xsd:string" name="UserTag">Shoal</MetaTag>
   <MetaTag type="xsd:string" name="UserTag">Schooling fish</MetaTag>
   <MetaTag type="xsd:string" name="UserTag">Sardine run</MetaTag>
   <MetaTag type="xsd:string" name="Category">02 Fish</MetaTag>
  </Tags>
 </Header>
 <Description>
  <L_Descriptor type="ImageType">
   <MediaName>sardines</MediaName>
   <ImageDescription matching="L2Distance" type="SIFT">
    <LowLevelDescriptor descriptorType="xsd:float" totalNumOfDescriptors="8168" descriptorSize="1021">
     <Store type="text">
      <DescriptorLocator>
       <DescriptorUri>http://vcl.iti.gr/is/UC/descr/2D/80000000-8000-0000-F000-0000800002B1.imgdescr</DescriptorUri>
      </DescriptorLocator>
     </Store>
    </LowLevelDescriptor>
   </ImageDescription>
  </L_Descriptor>
 </Description>
</RUCoD>
