<?xml version='1.0' encoding='UTF-8'?>
<RUCoD xmlns:xsi="http://www.w3.org/2001/XMLSchema-instance" xmlns="http://www.isearch-project.eu/isearch/RUCoD" xmlns:gml="http://www.opengis.net/gml" xmlns:xsd="http://www.w3.org/2001/XMLSchema">
 <Header>
  <ContentObjectType>Multimedia Collection</ContentObjectType>
  <ContentObjectName xml:lang="en-US">Sargo</ContentObjectName>
  <ContentObjectID>80000000-8000-0000-F000-0000800002CD</ContentObjectID>
  <ContentObjectVersion>1</ContentObjectVersion>
  <ContentObjectCreationInformation>
   <Creator>
    <Name>CoFetch Script</Name>
   </Creator>
   <Contributor>
    <Name>HS Fulda</Name>
   </Contributor>
   <Contributor>
    <Name>Google</Name>
   </Contributor>
   <Contributor>
    <Name>flickr.com</Name>
   </Contributor>
   <Contributor>
    <Name>wikipedia.org</Name>
   </Contributor>
   <Contributor>
    <Name>freesound.org</Name>
   </Contributor>
   <Contributor>
    <Name>wunderground.com</Name>
   </Contributor>
   <Contributor>
    <Name>youtube.com</Name>
   </Contributor>
  </ContentObjectCreationInformation>
  <ContentObjectTypes>
   <MultimediaContent type="ImageType">
    <FreeText>Diplodus cervinus cervinus - Zebra seabream / Sargo breado (Sargoriado) / Sar tambour &amp;amp; Diplodus sargus cadenati - Moroccan white seabream / Sargo (sargo blanco) / Sar commun du Maroc, Tenerife.</FreeText>
    <MediaName>disfrazado</MediaName>
    <FileFormat>image/jpeg</FileFormat>
    <MetaTag type="xsd:string" name="UserTag">Diploduscervinuscervinus</MetaTag>
    <MetaTag type="xsd:string" name="UserTag">Diplodus</MetaTag>
    <MetaTag type="xsd:string" name="UserTag">Cervinus</MetaTag>
    <MetaTag type="xsd:string" name="UserTag">Zebraseabream</MetaTag>
    <MetaTag type="xsd:string" name="UserTag">Bream</MetaTag>
    <MetaTag type="xsd:string" name="UserTag">Sargobreado</MetaTag>
    <MetaTag type="xsd:string" name="UserTag">Sargo</MetaTag>
    <MetaTag type="xsd:string" name="UserTag">Sargoriado</MetaTag>
    <MediaLocator>
     <MediaUri>http://farm3.staticflickr.com/2604/4034719261_f04d1712c4_z.jpg?zz=1</MediaUri>
     <MediaPreview>http://farm3.staticflickr.com/2604/4034719261_f04d1712c4_s.jpg</MediaPreview>
    </MediaLocator>
    <MediaCreationInformation>
     <Author>
      <Name>Philippe Guillaume</Name>
     </Author>
     <Licensing>Attribution License</Licensing>
    </MediaCreationInformation>
    <Size>184320</Size>
   </MultimediaContent>
   <RealWorldInfo>
    <MetadataUri filetype="rwml">Sargo_29.rwml</MetadataUri>
   </RealWorldInfo>
  </ContentObjectTypes>
  <Tags>
   <MetaTag type="xsd:string" name="UserTag">Diploduscervinuscervinus</MetaTag>
   <MetaTag type="xsd:string" name="UserTag">Diplodus</MetaTag>
   <MetaTag type="xsd:string" name="UserTag">Cervinus</MetaTag>
   <MetaTag type="xsd:string" name="UserTag">Zebraseabream</MetaTag>
   <MetaTag type="xsd:string" name="UserTag">Bream</MetaTag>
   <MetaTag type="xsd:string" name="UserTag">Sargobreado</MetaTag>
   <MetaTag type="xsd:string" name="UserTag">Sargo</MetaTag>
   <MetaTag type="xsd:string" name="UserTag">Sargoriado</MetaTag>
   <MetaTag type="xsd:string" name="Category">02 Fish</MetaTag>
  </Tags>
 </Header>
 <Description>
  <L_Descriptor type="ImageType">
   <MediaName>disfrazado</MediaName>
   <ImageDescription matching="L2Distance" type="SIFT">
    <LowLevelDescriptor descriptorType="xsd:float" totalNumOfDescriptors="8168" descriptorSize="1021">
     <Store type="text">
      <DescriptorLocator>
       <DescriptorUri>http://vcl.iti.gr/is/UC/descr/2D/80000000-8000-0000-F000-0000800002CD.imgdescr</DescriptorUri>
      </DescriptorLocator>
     </Store>
    </LowLevelDescriptor>
   </ImageDescription>
  </L_Descriptor>
 </Description>
</RUCoD>
