<?xml version='1.0' encoding='UTF-8'?>
<RUCoD xmlns:xsi="http://www.w3.org/2001/XMLSchema-instance" xmlns="http://www.isearch-project.eu/isearch/RUCoD" xmlns:gml="http://www.opengis.net/gml" xmlns:xsd="http://www.w3.org/2001/XMLSchema">
 <Header>
  <ContentObjectType>Multimedia Collection</ContentObjectType>
  <ContentObjectName xml:lang="en-US">Sargo</ContentObjectName>
  <ContentObjectID>80000000-8000-0000-F000-0000800002CF</ContentObjectID>
  <ContentObjectVersion>1</ContentObjectVersion>
  <ContentObjectCreationInformation>
   <Creator>
    <Name>CoFetch Script</Name>
   </Creator>
   <Contributor>
    <Name>HS Fulda</Name>
   </Contributor>
   <Contributor>
    <Name>Google</Name>
   </Contributor>
   <Contributor>
    <Name>flickr.com</Name>
   </Contributor>
   <Contributor>
    <Name>wikipedia.org</Name>
   </Contributor>
   <Contributor>
    <Name>freesound.org</Name>
   </Contributor>
   <Contributor>
    <Name>wunderground.com</Name>
   </Contributor>
   <Contributor>
    <Name>youtube.com</Name>
   </Contributor>
  </ContentObjectCreationInformation>
  <ContentObjectTypes>
   <MultimediaContent type="ImageType">
    <FreeText>El &lt;a href="http://www.mariskito.com/10/46/Sargo.htm" target="blank" rel="nofollow">sargo&lt;/a> es un pez marino que habita en aguas costeras del Mediterráneo, donde es muy común, y también en las costas del Atlántico y Cantábrico. Habitan fondos rocosos y de cascajos poco profundos, entre dos y cincuenta metros, aunque para alimentarse se acerquen a playas y puertos.Su cuerpo de color gris plateado, ovalado y comprimido lateralmente, puede llegar a medir hasta 45 cm. de longitud y pesar 2 kg. En los costados presentan entre 8 y 12 bandas verticales negras, además de una mancha negra muy marcada en el pedúnculo caudal. Alcanza la madurez sexual a los dos años y su reproducción se realiza en los meses de enero a marzo. La alimentación de los juveniles es omnívora, siendo en los adultos exclusivamente carnívora.FORMA DE COCINAR:Es delicioso al horno sin disfrazar mucho su sabor condimentándolo, pero también se consume frito, a la plancha o a la brasa.Nombre científico: Diplodus Sargus</FreeText>
    <MediaName>Sargo</MediaName>
    <FileFormat>image/jpeg</FileFormat>
    <MetaTag type="xsd:string" name="UserTag">Mariskitocom</MetaTag>
    <MetaTag type="xsd:string" name="UserTag">Pescados</MetaTag>
    <MetaTag type="xsd:string" name="UserTag">Pesciro</MetaTag>
    <MetaTag type="xsd:string" name="UserTag">Publicidad</MetaTag>
    <MetaTag type="xsd:string" name="UserTag">Reportaje</MetaTag>
    <MetaTag type="xsd:string" name="UserTag">Marisco</MetaTag>
    <MetaTag type="xsd:string" name="UserTag">Mariscos</MetaTag>
    <MetaTag type="xsd:string" name="UserTag">Pescadosymariscos</MetaTag>
    <MediaLocator>
     <MediaUri>http://farm7.staticflickr.com/6096/6276356579_a7dfe3d160.jpg</MediaUri>
     <MediaPreview>http://farm7.staticflickr.com/6096/6276356579_a7dfe3d160_s.jpg</MediaPreview>
    </MediaLocator>
    <MediaCreationInformation>
     <Author>
      <Name>Mariskito com</Name>
     </Author>
     <Licensing>All Rights Reserved</Licensing>
    </MediaCreationInformation>
    <Size>112500</Size>
   </MultimediaContent>
   <RealWorldInfo>
    <MetadataUri filetype="rwml">Sargo_30.rwml</MetadataUri>
   </RealWorldInfo>
  </ContentObjectTypes>
  <Tags>
   <MetaTag type="xsd:string" name="UserTag">Mariskitocom</MetaTag>
   <MetaTag type="xsd:string" name="UserTag">Pescados</MetaTag>
   <MetaTag type="xsd:string" name="UserTag">Pesciro</MetaTag>
   <MetaTag type="xsd:string" name="UserTag">Publicidad</MetaTag>
   <MetaTag type="xsd:string" name="UserTag">Reportaje</MetaTag>
   <MetaTag type="xsd:string" name="UserTag">Marisco</MetaTag>
   <MetaTag type="xsd:string" name="UserTag">Mariscos</MetaTag>
   <MetaTag type="xsd:string" name="UserTag">Pescadosymariscos</MetaTag>
   <MetaTag type="xsd:string" name="Category">02 Fish</MetaTag>
  </Tags>
 </Header>
 <Description>
  <L_Descriptor type="ImageType">
   <MediaName>Sargo</MediaName>
   <ImageDescription matching="L2Distance" type="SIFT">
    <LowLevelDescriptor descriptorType="xsd:float" totalNumOfDescriptors="8168" descriptorSize="1021">
     <Store type="text">
      <DescriptorLocator>
       <DescriptorUri>http://vcl.iti.gr/is/UC/descr/2D/80000000-8000-0000-F000-0000800002CF.imgdescr</DescriptorUri>
      </DescriptorLocator>
     </Store>
    </LowLevelDescriptor>
   </ImageDescription>
  </L_Descriptor>
 </Description>
</RUCoD>
