<?xml version='1.0' encoding='UTF-8'?>
<RUCoD xmlns:xsi="http://www.w3.org/2001/XMLSchema-instance" xmlns="http://www.isearch-project.eu/isearch/RUCoD" xmlns:gml="http://www.opengis.net/gml" xmlns:xsd="http://www.w3.org/2001/XMLSchema">
 <Header>
  <ContentObjectType>Multimedia Collection</ContentObjectType>
  <ContentObjectName xml:lang="en-US">Sargo</ContentObjectName>
  <ContentObjectID>80000000-8000-0000-F000-0000800002D2</ContentObjectID>
  <ContentObjectVersion>1</ContentObjectVersion>
  <ContentObjectCreationInformation>
   <Creator>
    <Name>CoFetch Script</Name>
   </Creator>
   <Contributor>
    <Name>HS Fulda</Name>
   </Contributor>
   <Contributor>
    <Name>Google</Name>
   </Contributor>
   <Contributor>
    <Name>flickr.com</Name>
   </Contributor>
   <Contributor>
    <Name>wikipedia.org</Name>
   </Contributor>
   <Contributor>
    <Name>freesound.org</Name>
   </Contributor>
   <Contributor>
    <Name>wunderground.com</Name>
   </Contributor>
   <Contributor>
    <Name>youtube.com</Name>
   </Contributor>
  </ContentObjectCreationInformation>
  <ContentObjectTypes>
   <MultimediaContent type="ImageType">
    <MediaName>sargo imperial</MediaName>
    <FileFormat>image/jpeg</FileFormat>
    <MetaTag type="xsd:string" name="UserTag">Sargo</MetaTag>
    <MetaTag type="xsd:string" name="UserTag">Imperial</MetaTag>
    <MediaLocator>
     <MediaUri>http://farm2.staticflickr.com/1068/808922863_43fb7fbe79_z.jpg?zz=1</MediaUri>
     <MediaPreview>http://farm2.staticflickr.com/1068/808922863_43fb7fbe79_s.jpg</MediaPreview>
    </MediaLocator>
    <MediaCreationInformation>
     <Author>
      <Name>Merche Sanz</Name>
     </Author>
     <Licensing>Attribution-NonCommercial-ShareAlike License</Licensing>
    </MediaCreationInformation>
    <Size>230784</Size>
   </MultimediaContent>
   <MultimediaContent type="VideoType">
    <FreeText>surfcasting-spinning-en-cadiz.blogspot.com</FreeText>
    <MediaName>Pesca Sargo Surfcasting. Captura y Suelta (Catch&amp;Release)</MediaName>
    <MetaTag type="xsd:string" name="UserTag">Sports</MetaTag>
    <MetaTag type="xsd:string" name="UserTag">Pesca</MetaTag>
    <MetaTag type="xsd:string" name="UserTag">Peche</MetaTag>
    <MetaTag type="xsd:string" name="UserTag">Fishing</MetaTag>
    <MetaTag type="xsd:string" name="UserTag">Cadiz</MetaTag>
    <MetaTag type="xsd:string" name="UserTag">Surfcasting</MetaTag>
    <MetaTag type="xsd:string" name="UserTag">Sargo</MetaTag>
    <MediaLocator>
     <MediaUri>https://www.youtube.com/watch?v=N3NtpuDLSjA</MediaUri>
     <MediaPreview>http://i.ytimg.com/vi/N3NtpuDLSjA/default.jpg</MediaPreview>
    </MediaLocator>
    <MediaCreationInformation>
     <Author>
      <Name>MarcosValdelagrana</Name>
     </Author>
     <Licensing>All right reserved</Licensing>
    </MediaCreationInformation>
    <MediaTime>73</MediaTime>
   </MultimediaContent>
   <RealWorldInfo>
    <MetadataUri filetype="rwml">Sargo_5.rwml</MetadataUri>
   </RealWorldInfo>
  </ContentObjectTypes>
  <Tags>
   <MetaTag type="xsd:string" name="UserTag">Sargo</MetaTag>
   <MetaTag type="xsd:string" name="UserTag">Imperial</MetaTag>
   <MetaTag type="xsd:string" name="UserTag">Sports</MetaTag>
   <MetaTag type="xsd:string" name="UserTag">Pesca</MetaTag>
   <MetaTag type="xsd:string" name="UserTag">Peche</MetaTag>
   <MetaTag type="xsd:string" name="UserTag">Fishing</MetaTag>
   <MetaTag type="xsd:string" name="UserTag">Cadiz</MetaTag>
   <MetaTag type="xsd:string" name="UserTag">Surfcasting</MetaTag>
   <MetaTag type="xsd:string" name="Category">02 Fish</MetaTag>
  </Tags>
 </Header>
 <Description>
  <L_Descriptor type="ImageType">
   <MediaName>sargo imperial</MediaName>
   <ImageDescription matching="L2Distance" type="SIFT">
    <LowLevelDescriptor descriptorType="xsd:float" totalNumOfDescriptors="8168" descriptorSize="1021">
     <Store type="text">
      <DescriptorLocator>
       <DescriptorUri>http://vcl.iti.gr/is/UC/descr/2D/80000000-8000-0000-F000-0000800002D2.imgdescr</DescriptorUri>
      </DescriptorLocator>
     </Store>
    </LowLevelDescriptor>
   </ImageDescription>
  </L_Descriptor>
 </Description>
</RUCoD>
