<?xml version='1.0' encoding='UTF-8'?>
<RUCoD xmlns:xsi="http://www.w3.org/2001/XMLSchema-instance" xmlns="http://www.isearch-project.eu/isearch/RUCoD" xmlns:gml="http://www.opengis.net/gml" xmlns:xsd="http://www.w3.org/2001/XMLSchema">
 <Header>
  <ContentObjectType>Multimedia Collection</ContentObjectType>
  <ContentObjectName xml:lang="en-US">Sargo</ContentObjectName>
  <ContentObjectID>80000000-8000-0000-F000-0000800002C6</ContentObjectID>
  <ContentObjectVersion>1</ContentObjectVersion>
  <ContentObjectCreationInformation>
   <Creator>
    <Name>CoFetch Script</Name>
   </Creator>
   <Contributor>
    <Name>HS Fulda</Name>
   </Contributor>
   <Contributor>
    <Name>Google</Name>
   </Contributor>
   <Contributor>
    <Name>flickr.com</Name>
   </Contributor>
   <Contributor>
    <Name>wikipedia.org</Name>
   </Contributor>
   <Contributor>
    <Name>freesound.org</Name>
   </Contributor>
   <Contributor>
    <Name>wunderground.com</Name>
   </Contributor>
   <Contributor>
    <Name>youtube.com</Name>
   </Contributor>
  </ContentObjectCreationInformation>
  <ContentObjectTypes>
   <MultimediaContent type="ImageType">
    <FreeText>No paredão da Praia de Iracema, topei com esse Sargo. 15 de setembro de 2007</FreeText>
    <MediaName>Sargo</MediaName>
    <FileFormat>image/jpeg</FileFormat>
    <MetaTag type="xsd:string" name="UserTag">Sargo</MetaTag>
    <MetaTag type="xsd:string" name="UserTag">Caçasubmarina</MetaTag>
    <MetaTag type="xsd:string" name="UserTag">Peixe</MetaTag>
    <MetaTag type="xsd:string" name="UserTag">Pesca</MetaTag>
    <MetaTag type="xsd:string" name="UserTag">Spearfishing</MetaTag>
    <MetaTag type="xsd:string" name="UserTag">Brazil</MetaTag>
    <MetaTag type="xsd:string" name="UserTag">Paulojales</MetaTag>
    <MediaLocator>
     <MediaUri>http://farm3.staticflickr.com/2314/1523181141_d2ebb330a9_z.jpg?zz=1</MediaUri>
     <MediaPreview>http://farm3.staticflickr.com/2314/1523181141_d2ebb330a9_s.jpg</MediaPreview>
    </MediaLocator>
    <MediaCreationInformation>
     <Author>
      <Name>paulo.jales</Name>
     </Author>
     <Licensing>All Rights Reserved</Licensing>
    </MediaCreationInformation>
    <Size>184320</Size>
   </MultimediaContent>
   <RealWorldInfo>
    <MetadataUri filetype="rwml">Sargo_22.rwml</MetadataUri>
   </RealWorldInfo>
  </ContentObjectTypes>
  <Tags>
   <MetaTag type="xsd:string" name="UserTag">Sargo</MetaTag>
   <MetaTag type="xsd:string" name="UserTag">Caçasubmarina</MetaTag>
   <MetaTag type="xsd:string" name="UserTag">Peixe</MetaTag>
   <MetaTag type="xsd:string" name="UserTag">Pesca</MetaTag>
   <MetaTag type="xsd:string" name="UserTag">Spearfishing</MetaTag>
   <MetaTag type="xsd:string" name="UserTag">Brazil</MetaTag>
   <MetaTag type="xsd:string" name="UserTag">Paulojales</MetaTag>
   <MetaTag type="xsd:string" name="Category">02 Fish</MetaTag>
  </Tags>
 </Header>
 <Description>
  <L_Descriptor type="ImageType">
   <MediaName>Sargo</MediaName>
   <ImageDescription matching="L2Distance" type="SIFT">
    <LowLevelDescriptor descriptorType="xsd:float" totalNumOfDescriptors="8168" descriptorSize="1021">
     <Store type="text">
      <DescriptorLocator>
       <DescriptorUri>http://vcl.iti.gr/is/UC/descr/2D/80000000-8000-0000-F000-0000800002C6.imgdescr</DescriptorUri>
      </DescriptorLocator>
     </Store>
    </LowLevelDescriptor>
   </ImageDescription>
  </L_Descriptor>
 </Description>
</RUCoD>
