<?xml version='1.0' encoding='UTF-8'?>
<RUCoD xmlns:xsi="http://www.w3.org/2001/XMLSchema-instance" xmlns="http://www.isearch-project.eu/isearch/RUCoD" xmlns:gml="http://www.opengis.net/gml" xmlns:xsd="http://www.w3.org/2001/XMLSchema">
 <Header>
  <ContentObjectType>Multimedia Collection</ContentObjectType>
  <ContentObjectName xml:lang="en-US">Sargo</ContentObjectName>
  <ContentObjectID>80000000-8000-0000-F000-0000800002C2</ContentObjectID>
  <ContentObjectVersion>1</ContentObjectVersion>
  <ContentObjectCreationInformation>
   <Creator>
    <Name>CoFetch Script</Name>
   </Creator>
   <Contributor>
    <Name>HS Fulda</Name>
   </Contributor>
   <Contributor>
    <Name>Google</Name>
   </Contributor>
   <Contributor>
    <Name>flickr.com</Name>
   </Contributor>
   <Contributor>
    <Name>wikipedia.org</Name>
   </Contributor>
   <Contributor>
    <Name>freesound.org</Name>
   </Contributor>
   <Contributor>
    <Name>wunderground.com</Name>
   </Contributor>
   <Contributor>
    <Name>youtube.com</Name>
   </Contributor>
  </ContentObjectCreationInformation>
  <ContentObjectTypes>
   <MultimediaContent type="ImageType">
    <FreeText>&lt;b>Location&lt;/b>: Europe &amp;gt; Portugal &amp;gt; Algarve&lt;b>Date Photo Taken&lt;/b>: September 18, 2010© Copyright. You cannot use! Only &lt;b>Encyclopedia of Life&lt;/b> (EOL)</FreeText>
    <MediaName>Sargo // White Seabream (Diplodus sargus)</MediaName>
    <FileFormat>image/jpeg</FileFormat>
    <MetaTag type="xsd:string" name="UserTag">Atlanticocean</MetaTag>
    <MetaTag type="xsd:string" name="UserTag">Europe</MetaTag>
    <MetaTag type="xsd:string" name="UserTag">Portugal</MetaTag>
    <MetaTag type="xsd:string" name="UserTag">Algarve</MetaTag>
    <MetaTag type="xsd:string" name="UserTag">Faro</MetaTag>
    <MetaTag type="xsd:string" name="UserTag">Animalia</MetaTag>
    <MetaTag type="xsd:string" name="UserTag">Chordata</MetaTag>
    <MetaTag type="xsd:string" name="UserTag">Actinopterygii</MetaTag>
    <MediaLocator>
     <MediaUri>http://farm5.staticflickr.com/4126/5001422086_117c8d7d13_b.jpg</MediaUri>
     <MediaPreview>http://farm5.staticflickr.com/4126/5001422086_117c8d7d13_s.jpg</MediaPreview>
    </MediaLocator>
    <MediaCreationInformation>
     <Author>
      <Name>Valter Jacinto | Portugal</Name>
     </Author>
     <Licensing>Attribution-NonCommercial-ShareAlike License</Licensing>
    </MediaCreationInformation>
    <Size>330894</Size>
   </MultimediaContent>
   <RealWorldInfo>
    <MetadataUri filetype="rwml">Sargo_16.rwml</MetadataUri>
   </RealWorldInfo>
  </ContentObjectTypes>
  <Tags>
   <MetaTag type="xsd:string" name="UserTag">Atlanticocean</MetaTag>
   <MetaTag type="xsd:string" name="UserTag">Europe</MetaTag>
   <MetaTag type="xsd:string" name="UserTag">Portugal</MetaTag>
   <MetaTag type="xsd:string" name="UserTag">Algarve</MetaTag>
   <MetaTag type="xsd:string" name="UserTag">Faro</MetaTag>
   <MetaTag type="xsd:string" name="UserTag">Animalia</MetaTag>
   <MetaTag type="xsd:string" name="UserTag">Chordata</MetaTag>
   <MetaTag type="xsd:string" name="UserTag">Actinopterygii</MetaTag>
   <MetaTag type="xsd:string" name="Category">02 Fish</MetaTag>
  </Tags>
 </Header>
 <Description>
  <L_Descriptor type="ImageType">
   <MediaName>Sargo // White Seabream (Diplodus sargus)</MediaName>
   <ImageDescription matching="L2Distance" type="SIFT">
    <LowLevelDescriptor descriptorType="xsd:float" totalNumOfDescriptors="8168" descriptorSize="1021">
     <Store type="text">
      <DescriptorLocator>
       <DescriptorUri>http://vcl.iti.gr/is/UC/descr/2D/80000000-8000-0000-F000-0000800002C2.imgdescr</DescriptorUri>
      </DescriptorLocator>
     </Store>
    </LowLevelDescriptor>
   </ImageDescription>
  </L_Descriptor>
 </Description>
</RUCoD>
