<?xml version='1.0' encoding='UTF-8'?>
<RUCoD xmlns:xsi="http://www.w3.org/2001/XMLSchema-instance" xmlns="http://www.isearch-project.eu/isearch/RUCoD" xmlns:gml="http://www.opengis.net/gml" xmlns:xsd="http://www.w3.org/2001/XMLSchema">
 <Header>
  <ContentObjectType>Multimedia Collection</ContentObjectType>
  <ContentObjectName xml:lang="en-US">Sargo</ContentObjectName>
  <ContentObjectID>80000000-8000-0000-F000-0000800002D7</ContentObjectID>
  <ContentObjectVersion>1</ContentObjectVersion>
  <ContentObjectCreationInformation>
   <Creator>
    <Name>CoFetch Script</Name>
   </Creator>
   <Contributor>
    <Name>HS Fulda</Name>
   </Contributor>
   <Contributor>
    <Name>Google</Name>
   </Contributor>
   <Contributor>
    <Name>flickr.com</Name>
   </Contributor>
   <Contributor>
    <Name>wikipedia.org</Name>
   </Contributor>
   <Contributor>
    <Name>freesound.org</Name>
   </Contributor>
   <Contributor>
    <Name>wunderground.com</Name>
   </Contributor>
   <Contributor>
    <Name>youtube.com</Name>
   </Contributor>
  </ContentObjectCreationInformation>
  <ContentObjectTypes>
   <MultimediaContent type="ImageType">
    <FreeText>This picture is part of a 365 pictures project, you can check the rest of the collection and the stories behind on my web/blog &lt;a href="http://luisguijarro.com" rel="nofollow">luisguijarro.com&lt;/a>Esta imagen pertenece a un proyecto de 365 días de fotografía, puedes ver el resto de la colección y las histórias que hay detrás en mi web/blog &lt;a href="http://luisguijarro.com" rel="nofollow">luisguijarro.com&lt;/a></FreeText>
    <MediaName>White Sea Bream on the Blue-35/365</MediaName>
    <FileFormat>image/jpeg</FileFormat>
    <MetaTag type="xsd:string" name="UserTag">Buceo</MetaTag>
    <MetaTag type="xsd:string" name="UserTag">Calabardina</MetaTag>
    <MetaTag type="xsd:string" name="UserTag">Cuevadelavirgen</MetaTag>
    <MetaTag type="xsd:string" name="UserTag">Diplodussargus</MetaTag>
    <MetaTag type="xsd:string" name="UserTag">España</MetaTag>
    <MetaTag type="xsd:string" name="UserTag">Fotografiasubmarina</MetaTag>
    <MetaTag type="xsd:string" name="UserTag">Fotosub</MetaTag>
    <MetaTag type="xsd:string" name="UserTag">Luisguijarro</MetaTag>
    <MediaLocator>
     <MediaUri>http://farm5.staticflickr.com/4114/4765740912_c5d4ff8a03_b.jpg</MediaUri>
     <MediaPreview>http://farm5.staticflickr.com/4114/4765740912_c5d4ff8a03_s.jpg</MediaPreview>
    </MediaLocator>
    <MediaCreationInformation>
     <Author>
      <Name>Luis  Guijarro</Name>
     </Author>
     <Licensing>All Rights Reserved</Licensing>
    </MediaCreationInformation>
    <Size>520397</Size>
   </MultimediaContent>
   <MultimediaContent type="VideoType">
    <FreeText>AVLANMAK HAYATTIR....</FreeText>
    <MediaName>surf casting,,levrek,çipura,sargo,sargoz diving,spear fishing,eel</MediaName>
    <MetaTag type="xsd:string" name="UserTag">Sports</MetaTag>
    <MetaTag type="xsd:string" name="UserTag">Surf casting</MetaTag>
    <MetaTag type="xsd:string" name="UserTag">Levrek</MetaTag>
    <MetaTag type="xsd:string" name="UserTag">Çipura</MetaTag>
    <MetaTag type="xsd:string" name="UserTag">Sargo</MetaTag>
    <MetaTag type="xsd:string" name="UserTag">Sargozdiving</MetaTag>
    <MetaTag type="xsd:string" name="UserTag">Spear fishing</MetaTag>
    <MediaLocator>
     <MediaUri>https://www.youtube.com/watch?v=lHh6Nw-YJAE</MediaUri>
     <MediaPreview>http://i.ytimg.com/vi/lHh6Nw-YJAE/default.jpg</MediaPreview>
    </MediaLocator>
    <MediaCreationInformation>
     <Author>
      <Name>lordofthedeeps</Name>
     </Author>
     <Licensing>All right reserved</Licensing>
    </MediaCreationInformation>
    <MediaTime>246</MediaTime>
   </MultimediaContent>
   <RealWorldInfo>
    <MetadataUri filetype="rwml">Sargo.rwml</MetadataUri>
   </RealWorldInfo>
  </ContentObjectTypes>
  <Tags>
   <MetaTag type="xsd:string" name="UserTag">Buceo</MetaTag>
   <MetaTag type="xsd:string" name="UserTag">Calabardina</MetaTag>
   <MetaTag type="xsd:string" name="UserTag">Cuevadelavirgen</MetaTag>
   <MetaTag type="xsd:string" name="UserTag">Diplodussargus</MetaTag>
   <MetaTag type="xsd:string" name="UserTag">España</MetaTag>
   <MetaTag type="xsd:string" name="UserTag">Fotografiasubmarina</MetaTag>
   <MetaTag type="xsd:string" name="UserTag">Fotosub</MetaTag>
   <MetaTag type="xsd:string" name="UserTag">Luisguijarro</MetaTag>
   <MetaTag type="xsd:string" name="UserTag">Sports</MetaTag>
   <MetaTag type="xsd:string" name="UserTag">Surf casting</MetaTag>
   <MetaTag type="xsd:string" name="UserTag">Levrek</MetaTag>
   <MetaTag type="xsd:string" name="UserTag">Çipura</MetaTag>
   <MetaTag type="xsd:string" name="UserTag">Sargo</MetaTag>
   <MetaTag type="xsd:string" name="UserTag">Sargozdiving</MetaTag>
   <MetaTag type="xsd:string" name="UserTag">Spear fishing</MetaTag>
   <MetaTag type="xsd:string" name="Category">02 Fish</MetaTag>
  </Tags>
 </Header>
 <Description>
  <L_Descriptor type="ImageType">
   <MediaName>White Sea Bream on the Blue-35/365</MediaName>
   <ImageDescription matching="L2Distance" type="SIFT">
    <LowLevelDescriptor descriptorType="xsd:float" totalNumOfDescriptors="8168" descriptorSize="1021">
     <Store type="text">
      <DescriptorLocator>
       <DescriptorUri>http://vcl.iti.gr/is/UC/descr/2D/80000000-8000-0000-F000-0000800002D7.imgdescr</DescriptorUri>
      </DescriptorLocator>
     </Store>
    </LowLevelDescriptor>
   </ImageDescription>
  </L_Descriptor>
 </Description>
</RUCoD>
