<?xml version='1.0' encoding='UTF-8'?>
<RUCoD xmlns:xsi="http://www.w3.org/2001/XMLSchema-instance" xmlns="http://www.isearch-project.eu/isearch/RUCoD" xmlns:gml="http://www.opengis.net/gml" xmlns:xsd="http://www.w3.org/2001/XMLSchema">
 <Header>
  <ContentObjectType>Multimedia Collection</ContentObjectType>
  <ContentObjectName xml:lang="en-US">Sargo</ContentObjectName>
  <ContentObjectID>80000000-8000-0000-F000-0000800002D3</ContentObjectID>
  <ContentObjectVersion>1</ContentObjectVersion>
  <ContentObjectCreationInformation>
   <Creator>
    <Name>CoFetch Script</Name>
   </Creator>
   <Contributor>
    <Name>HS Fulda</Name>
   </Contributor>
   <Contributor>
    <Name>Google</Name>
   </Contributor>
   <Contributor>
    <Name>flickr.com</Name>
   </Contributor>
   <Contributor>
    <Name>wikipedia.org</Name>
   </Contributor>
   <Contributor>
    <Name>freesound.org</Name>
   </Contributor>
   <Contributor>
    <Name>wunderground.com</Name>
   </Contributor>
   <Contributor>
    <Name>youtube.com</Name>
   </Contributor>
  </ContentObjectCreationInformation>
  <ContentObjectTypes>
   <MultimediaContent type="ImageType">
    <FreeText>One of the fish from the Splash Zone at the Monterey Bay Aquarium.</FreeText>
    <MediaName>Sargo</MediaName>
    <FileFormat>image/jpeg</FileFormat>
    <MetaTag type="xsd:string" name="UserTag">Sargo</MetaTag>
    <MetaTag type="xsd:string" name="UserTag">Montereybayaquarium</MetaTag>
    <MetaTag type="xsd:string" name="UserTag">Aquarium</MetaTag>
    <MetaTag type="xsd:string" name="UserTag">Monterey</MetaTag>
    <MediaLocator>
     <MediaUri>http://farm4.staticflickr.com/3043/2805494748_1b68348c9e_z.jpg?zz=1</MediaUri>
     <MediaPreview>http://farm4.staticflickr.com/3043/2805494748_1b68348c9e_s.jpg</MediaPreview>
    </MediaLocator>
    <MediaCreationInformation>
     <Author>
      <Name>Charlene-SJ</Name>
     </Author>
     <Licensing>All Rights Reserved</Licensing>
    </MediaCreationInformation>
    <Size>184320</Size>
   </MultimediaContent>
   <MultimediaContent type="VideoType">
    <FreeText>Patience is Always Rewarded -- The curiosity of this white seabream (Diplodus sargus) wasn't enough. With little patience things can change. www.spearfishinglog.com</FreeText>
    <MediaName>Spearfishing - Patience is Always Rewarded - Pescasub Ψαροντουφεκο</MediaName>
    <MetaTag type="xsd:string" name="UserTag">Sports</MetaTag>
    <MetaTag type="xsd:string" name="UserTag">Sea</MetaTag>
    <MetaTag type="xsd:string" name="UserTag">Bream</MetaTag>
    <MetaTag type="xsd:string" name="UserTag">Sargus</MetaTag>
    <MetaTag type="xsd:string" name="UserTag">Spearfishing</MetaTag>
    <MetaTag type="xsd:string" name="UserTag">Ψαροντουφεκο</MetaTag>
    <MetaTag type="xsd:string" name="UserTag">Ψαροτουφεκο</MetaTag>
    <MediaLocator>
     <MediaUri>https://www.youtube.com/watch?v=Kp67dyHO9-I</MediaUri>
     <MediaPreview>http://i.ytimg.com/vi/Kp67dyHO9-I/default.jpg</MediaPreview>
    </MediaLocator>
    <MediaCreationInformation>
     <Author>
      <Name>spearfishinglog</Name>
     </Author>
     <Licensing>All right reserved</Licensing>
    </MediaCreationInformation>
    <MediaTime>191</MediaTime>
   </MultimediaContent>
   <RealWorldInfo>
    <MetadataUri filetype="rwml">Sargo_6.rwml</MetadataUri>
   </RealWorldInfo>
  </ContentObjectTypes>
  <Tags>
   <MetaTag type="xsd:string" name="UserTag">Sargo</MetaTag>
   <MetaTag type="xsd:string" name="UserTag">Montereybayaquarium</MetaTag>
   <MetaTag type="xsd:string" name="UserTag">Aquarium</MetaTag>
   <MetaTag type="xsd:string" name="UserTag">Monterey</MetaTag>
   <MetaTag type="xsd:string" name="UserTag">Sports</MetaTag>
   <MetaTag type="xsd:string" name="UserTag">Sea</MetaTag>
   <MetaTag type="xsd:string" name="UserTag">Bream</MetaTag>
   <MetaTag type="xsd:string" name="UserTag">Sargus</MetaTag>
   <MetaTag type="xsd:string" name="UserTag">Spearfishing</MetaTag>
   <MetaTag type="xsd:string" name="UserTag">Ψαροντουφεκο</MetaTag>
   <MetaTag type="xsd:string" name="UserTag">Ψαροτουφεκο</MetaTag>
   <MetaTag type="xsd:string" name="Category">02 Fish</MetaTag>
  </Tags>
 </Header>
 <Description>
  <L_Descriptor type="ImageType">
   <MediaName>Sargo</MediaName>
   <ImageDescription matching="L2Distance" type="SIFT">
    <LowLevelDescriptor descriptorType="xsd:float" totalNumOfDescriptors="8168" descriptorSize="1021">
     <Store type="text">
      <DescriptorLocator>
       <DescriptorUri>http://vcl.iti.gr/is/UC/descr/2D/80000000-8000-0000-F000-0000800002D3.imgdescr</DescriptorUri>
      </DescriptorLocator>
     </Store>
    </LowLevelDescriptor>
   </ImageDescription>
  </L_Descriptor>
 </Description>
</RUCoD>
