<?xml version='1.0' encoding='UTF-8'?>
<RUCoD xmlns:xsi="http://www.w3.org/2001/XMLSchema-instance" xmlns="http://www.isearch-project.eu/isearch/RUCoD" xmlns:gml="http://www.opengis.net/gml" xmlns:xsd="http://www.w3.org/2001/XMLSchema">
 <Header>
  <ContentObjectType>Multimedia Collection</ContentObjectType>
  <ContentObjectName xml:lang="en-US">Sargo</ContentObjectName>
  <ContentObjectID>80000000-8000-0000-F000-0000800002D4</ContentObjectID>
  <ContentObjectVersion>1</ContentObjectVersion>
  <ContentObjectCreationInformation>
   <Creator>
    <Name>CoFetch Script</Name>
   </Creator>
   <Contributor>
    <Name>HS Fulda</Name>
   </Contributor>
   <Contributor>
    <Name>Google</Name>
   </Contributor>
   <Contributor>
    <Name>flickr.com</Name>
   </Contributor>
   <Contributor>
    <Name>wikipedia.org</Name>
   </Contributor>
   <Contributor>
    <Name>freesound.org</Name>
   </Contributor>
   <Contributor>
    <Name>wunderground.com</Name>
   </Contributor>
   <Contributor>
    <Name>youtube.com</Name>
   </Contributor>
  </ContentObjectCreationInformation>
  <ContentObjectTypes>
   <MultimediaContent type="ImageType">
    <MediaName>Sargo</MediaName>
    <FileFormat>image/jpeg</FileFormat>
    <MetaTag type="xsd:string" name="UserTag">Buceo</MetaTag>
    <MetaTag type="xsd:string" name="UserTag">Scuba</MetaTag>
    <MetaTag type="xsd:string" name="UserTag">Diving</MetaTag>
    <MetaTag type="xsd:string" name="UserTag">Submarinismo</MetaTag>
    <MetaTag type="xsd:string" name="UserTag">Fotosub</MetaTag>
    <MetaTag type="xsd:string" name="UserTag">Tarifa</MetaTag>
    <MetaTag type="xsd:string" name="UserTag">Cádiz</MetaTag>
    <MetaTag type="xsd:string" name="UserTag">Isla</MetaTag>
    <MediaLocator>
     <MediaUri>http://farm5.staticflickr.com/4067/4497791084_df7ae68501_z.jpg</MediaUri>
     <MediaPreview>http://farm5.staticflickr.com/4067/4497791084_df7ae68501_s.jpg</MediaPreview>
    </MediaLocator>
    <MediaCreationInformation>
     <Author>
      <Name>Antonio Guerra</Name>
     </Author>
     <Licensing>Attribution-NonCommercial-NoDerivs License</Licensing>
    </MediaCreationInformation>
    <Size>183168</Size>
   </MultimediaContent>
   <MultimediaContent type="VideoType">
    <FreeText>pos eso un sarguito en una bajada en unas piedras milagrosas a poca profundidad jaja...</FreeText>
    <MediaName>sargo a la caida.</MediaName>
    <MetaTag type="xsd:string" name="UserTag">Sports</MetaTag>
    <MetaTag type="xsd:string" name="UserTag">Spearfishing</MetaTag>
    <MetaTag type="xsd:string" name="UserTag">Pesca submarina</MetaTag>
    <MetaTag type="xsd:string" name="UserTag">Sargo</MetaTag>
    <MetaTag type="xsd:string" name="UserTag">Gran canaria</MetaTag>
    <MediaLocator>
     <MediaUri>https://www.youtube.com/watch?v=61POHC1VM1s</MediaUri>
     <MediaPreview>http://i.ytimg.com/vi/61POHC1VM1s/default.jpg</MediaPreview>
    </MediaLocator>
    <MediaCreationInformation>
     <Author>
      <Name>Ayoyo18</Name>
     </Author>
     <Licensing>All right reserved</Licensing>
    </MediaCreationInformation>
    <MediaTime>70</MediaTime>
   </MultimediaContent>
   <RealWorldInfo>
    <MetadataUri filetype="rwml">Sargo_7.rwml</MetadataUri>
   </RealWorldInfo>
  </ContentObjectTypes>
  <Tags>
   <MetaTag type="xsd:string" name="UserTag">Buceo</MetaTag>
   <MetaTag type="xsd:string" name="UserTag">Scuba</MetaTag>
   <MetaTag type="xsd:string" name="UserTag">Diving</MetaTag>
   <MetaTag type="xsd:string" name="UserTag">Submarinismo</MetaTag>
   <MetaTag type="xsd:string" name="UserTag">Fotosub</MetaTag>
   <MetaTag type="xsd:string" name="UserTag">Tarifa</MetaTag>
   <MetaTag type="xsd:string" name="UserTag">Cádiz</MetaTag>
   <MetaTag type="xsd:string" name="UserTag">Isla</MetaTag>
   <MetaTag type="xsd:string" name="UserTag">Sports</MetaTag>
   <MetaTag type="xsd:string" name="UserTag">Spearfishing</MetaTag>
   <MetaTag type="xsd:string" name="UserTag">Pesca submarina</MetaTag>
   <MetaTag type="xsd:string" name="UserTag">Sargo</MetaTag>
   <MetaTag type="xsd:string" name="UserTag">Gran canaria</MetaTag>
   <MetaTag type="xsd:string" name="Category">02 Fish</MetaTag>
  </Tags>
 </Header>
 <Description>
  <L_Descriptor type="ImageType">
   <MediaName>Sargo</MediaName>
   <ImageDescription matching="L2Distance" type="SIFT">
    <LowLevelDescriptor descriptorType="xsd:float" totalNumOfDescriptors="8168" descriptorSize="1021">
     <Store type="text">
      <DescriptorLocator>
       <DescriptorUri>http://vcl.iti.gr/is/UC/descr/2D/80000000-8000-0000-F000-0000800002D4.imgdescr</DescriptorUri>
      </DescriptorLocator>
     </Store>
    </LowLevelDescriptor>
   </ImageDescription>
  </L_Descriptor>
 </Description>
</RUCoD>
