<?xml version='1.0' encoding='UTF-8'?>
<RUCoD xmlns:xsi="http://www.w3.org/2001/XMLSchema-instance" xmlns="http://www.isearch-project.eu/isearch/RUCoD" xmlns:gml="http://www.opengis.net/gml" xmlns:xsd="http://www.w3.org/2001/XMLSchema">
 <Header>
  <ContentObjectType>Multimedia Collection</ContentObjectType>
  <ContentObjectName xml:lang="en-US">Sargo</ContentObjectName>
  <ContentObjectID>80000000-8000-0000-F000-0000800002C5</ContentObjectID>
  <ContentObjectVersion>1</ContentObjectVersion>
  <ContentObjectCreationInformation>
   <Creator>
    <Name>CoFetch Script</Name>
   </Creator>
   <Contributor>
    <Name>HS Fulda</Name>
   </Contributor>
   <Contributor>
    <Name>Google</Name>
   </Contributor>
   <Contributor>
    <Name>flickr.com</Name>
   </Contributor>
   <Contributor>
    <Name>wikipedia.org</Name>
   </Contributor>
   <Contributor>
    <Name>freesound.org</Name>
   </Contributor>
   <Contributor>
    <Name>wunderground.com</Name>
   </Contributor>
   <Contributor>
    <Name>youtube.com</Name>
   </Contributor>
  </ContentObjectCreationInformation>
  <ContentObjectTypes>
   <MultimediaContent type="ImageType">
    <FreeText>Lo cierto es que no era un buen día para fotos ya que el mar estaba muy revuelto, pero a este no lo tenía en la colección así que aunque la calidad no es buena aquí va..</FreeText>
    <MediaName>Sargo breado (Diplodus cervinus cervinus)</MediaName>
    <FileFormat>image/jpeg</FileFormat>
    <MetaTag type="xsd:string" name="UserTag">Acamacho</MetaTag>
    <MetaTag type="xsd:string" name="UserTag">Lapalma</MetaTag>
    <MetaTag type="xsd:string" name="UserTag">Canarias</MetaTag>
    <MetaTag type="xsd:string" name="UserTag">Fauna</MetaTag>
    <MetaTag type="xsd:string" name="UserTag">Animales</MetaTag>
    <MetaTag type="xsd:string" name="UserTag">Canon</MetaTag>
    <MetaTag type="xsd:string" name="UserTag">Peces</MetaTag>
    <MetaTag type="xsd:string" name="UserTag">Fish</MetaTag>
    <MediaLocator>
     <MediaUri>http://farm5.staticflickr.com/4125/5035907782_49c7a8e416_b.jpg</MediaUri>
     <MediaPreview>http://farm5.staticflickr.com/4125/5035907782_49c7a8e416_s.jpg</MediaPreview>
    </MediaLocator>
    <MediaCreationInformation>
     <Author>
      <Name>Antonio Camacho</Name>
     </Author>
     <Licensing>All Rights Reserved</Licensing>
    </MediaCreationInformation>
    <Size>351437</Size>
   </MultimediaContent>
   <RealWorldInfo>
    <MetadataUri filetype="rwml">Sargo_1.rwml</MetadataUri>
   </RealWorldInfo>
  </ContentObjectTypes>
  <Tags>
   <MetaTag type="xsd:string" name="UserTag">Acamacho</MetaTag>
   <MetaTag type="xsd:string" name="UserTag">Lapalma</MetaTag>
   <MetaTag type="xsd:string" name="UserTag">Canarias</MetaTag>
   <MetaTag type="xsd:string" name="UserTag">Fauna</MetaTag>
   <MetaTag type="xsd:string" name="UserTag">Animales</MetaTag>
   <MetaTag type="xsd:string" name="UserTag">Canon</MetaTag>
   <MetaTag type="xsd:string" name="UserTag">Peces</MetaTag>
   <MetaTag type="xsd:string" name="UserTag">Fish</MetaTag>
   <MetaTag type="xsd:string" name="Category">02 Fish</MetaTag>
  </Tags>
 </Header>
 <Description>
  <L_Descriptor type="ImageType">
   <MediaName>Sargo breado (Diplodus cervinus cervinus)</MediaName>
   <ImageDescription matching="L2Distance" type="SIFT">
    <LowLevelDescriptor descriptorType="xsd:float" totalNumOfDescriptors="8168" descriptorSize="1021">
     <Store type="text">
      <DescriptorLocator>
       <DescriptorUri>http://vcl.iti.gr/is/UC/descr/2D/80000000-8000-0000-F000-0000800002C5.imgdescr</DescriptorUri>
      </DescriptorLocator>
     </Store>
    </LowLevelDescriptor>
   </ImageDescription>
  </L_Descriptor>
 </Description>
</RUCoD>
