<?xml version='1.0' encoding='UTF-8'?>
<RUCoD xmlns:xsi="http://www.w3.org/2001/XMLSchema-instance" xmlns="http://www.isearch-project.eu/isearch/RUCoD" xmlns:gml="http://www.opengis.net/gml" xmlns:xsd="http://www.w3.org/2001/XMLSchema">
 <Header>
  <ContentObjectType>Multimedia Collection</ContentObjectType>
  <ContentObjectName xml:lang="en-US">Seabass</ContentObjectName>
  <ContentObjectID>80000000-8000-0000-F000-0000800002D8</ContentObjectID>
  <ContentObjectVersion>1</ContentObjectVersion>
  <ContentObjectCreationInformation>
   <Creator>
    <Name>CoFetch Script</Name>
   </Creator>
   <Contributor>
    <Name>HS Fulda</Name>
   </Contributor>
   <Contributor>
    <Name>Google</Name>
   </Contributor>
   <Contributor>
    <Name>flickr.com</Name>
   </Contributor>
   <Contributor>
    <Name>wikipedia.org</Name>
   </Contributor>
   <Contributor>
    <Name>freesound.org</Name>
   </Contributor>
   <Contributor>
    <Name>wunderground.com</Name>
   </Contributor>
   <Contributor>
    <Name>youtube.com</Name>
   </Contributor>
  </ContentObjectCreationInformation>
  <ContentObjectTypes>
   <MultimediaContent type="ImageType">
    <FreeText>&lt;b>Black-finned Seabass&lt;/b> - &lt;i>Lateolabrax latus&lt;/i> Katayama, 1957 &lt;a href="http://www.flickr.com/photos/puffinbytes/tags/spb:id=026M">[more of this species]&lt;/a>&lt;b>Date: &lt;/b>May 19, 2009&lt;b>Location: &lt;/b>Tsukiji Fish Market, Tokyo &lt;a href="http://www.flickr.com/photos/puffinbytes/tags/spb:lid=00AS">[more at this location]&lt;/a>&lt;b>Country: &lt;/b>Japan&lt;a href="http://sites.google.com/site/speciesbase/" rel="nofollow">Click here to view my photographic wildlife checklists&lt;/a>&lt;b>&amp;copy;Copyright Notice&lt;/b>&lt;i>This photograph and all those within my photostream are protected by copyright. They may not be reproduced, copied, transmitted or manipulated without &lt;a href="mailto:puffinbytes@yahoo.com.au" rel="nofollow">written permission&lt;/a>.&lt;/i></FreeText>
    <MediaName>Black-finned Seabass - Lateolabrax latus</MediaName>
    <FileFormat>image/jpeg</FileFormat>
    <MetaTag type="xsd:string" name="UserTag">Spb:id=026m</MetaTag>
    <MetaTag type="xsd:string" name="UserTag">Lateolabrax</MetaTag>
    <MetaTag type="xsd:string" name="UserTag">Taxonomy:genus=lateolabrax</MetaTag>
    <MetaTag type="xsd:string" name="UserTag">Lateolabraxlatus</MetaTag>
    <MetaTag type="xsd:string" name="UserTag">Taxonomy:species=latus</MetaTag>
    <MetaTag type="xsd:string" name="UserTag">Taxonomy:binomial=lateolabraxlatus</MetaTag>
    <MetaTag type="xsd:string" name="UserTag">Spb:species=lateolabraxlatus</MetaTag>
    <MetaTag type="xsd:string" name="UserTag">Blackfinnedseabass</MetaTag>
    <MediaLocator>
     <MediaUri>http://farm5.staticflickr.com/4080/4928275017_535ae67f7f.jpg</MediaUri>
     <MediaPreview>http://farm5.staticflickr.com/4080/4928275017_535ae67f7f_s.jpg</MediaPreview>
    </MediaLocator>
    <MediaCreationInformation>
     <Author>
      <Name>Vin</Name>
     </Author>
     <Licensing>All Rights Reserved</Licensing>
    </MediaCreationInformation>
    <Size>92160</Size>
   </MultimediaContent>
   <RealWorldInfo>
    <MetadataUri filetype="rwml">Seabass_10.rwml</MetadataUri>
   </RealWorldInfo>
  </ContentObjectTypes>
  <Tags>
   <MetaTag type="xsd:string" name="UserTag">Spb:id=026m</MetaTag>
   <MetaTag type="xsd:string" name="UserTag">Lateolabrax</MetaTag>
   <MetaTag type="xsd:string" name="UserTag">Taxonomy:genus=lateolabrax</MetaTag>
   <MetaTag type="xsd:string" name="UserTag">Lateolabraxlatus</MetaTag>
   <MetaTag type="xsd:string" name="UserTag">Taxonomy:species=latus</MetaTag>
   <MetaTag type="xsd:string" name="UserTag">Taxonomy:binomial=lateolabraxlatus</MetaTag>
   <MetaTag type="xsd:string" name="UserTag">Spb:species=lateolabraxlatus</MetaTag>
   <MetaTag type="xsd:string" name="UserTag">Blackfinnedseabass</MetaTag>
   <MetaTag type="xsd:string" name="Category">02 Fish</MetaTag>
  </Tags>
 </Header>
 <Description>
  <L_Descriptor type="ImageType">
   <MediaName>Black-finned Seabass - Lateolabrax latus</MediaName>
   <ImageDescription matching="L2Distance" type="SIFT">
    <LowLevelDescriptor descriptorType="xsd:float" totalNumOfDescriptors="8168" descriptorSize="1021">
     <Store type="text">
      <DescriptorLocator>
       <DescriptorUri>http://vcl.iti.gr/is/UC/descr/2D/80000000-8000-0000-F000-0000800002D8.imgdescr</DescriptorUri>
      </DescriptorLocator>
     </Store>
    </LowLevelDescriptor>
   </ImageDescription>
  </L_Descriptor>
 </Description>
</RUCoD>
