<?xml version='1.0' encoding='UTF-8'?>
<RUCoD xmlns:xsi="http://www.w3.org/2001/XMLSchema-instance" xmlns="http://www.isearch-project.eu/isearch/RUCoD" xmlns:gml="http://www.opengis.net/gml" xmlns:xsd="http://www.w3.org/2001/XMLSchema">
 <Header>
  <ContentObjectType>Multimedia Collection</ContentObjectType>
  <ContentObjectName xml:lang="en-US">Seabass</ContentObjectName>
  <ContentObjectID>80000000-8000-0000-F000-0000800002E5</ContentObjectID>
  <ContentObjectVersion>1</ContentObjectVersion>
  <ContentObjectCreationInformation>
   <Creator>
    <Name>CoFetch Script</Name>
   </Creator>
   <Contributor>
    <Name>HS Fulda</Name>
   </Contributor>
   <Contributor>
    <Name>Google</Name>
   </Contributor>
   <Contributor>
    <Name>flickr.com</Name>
   </Contributor>
   <Contributor>
    <Name>wikipedia.org</Name>
   </Contributor>
   <Contributor>
    <Name>freesound.org</Name>
   </Contributor>
   <Contributor>
    <Name>wunderground.com</Name>
   </Contributor>
   <Contributor>
    <Name>youtube.com</Name>
   </Contributor>
  </ContentObjectCreationInformation>
  <ContentObjectTypes>
   <MultimediaContent type="ImageType">
    <FreeText>Male &lt;i>Hypsypops rubicundus&lt;/i> (Garabaldi)Oil Rig EurekaLos Angeles County, CaliforniaThis photo was taken at about 55 feet of depth on the South side of Oil Rig Eureka.The Garabaldi is the Official State Fish of California and is a protected species.&lt;a href="http://diver.net/c/SeaBass/2012.06.23/" rel="nofollow">Click here to see all of my photos from the Sea Divers dive trip to the oil rigs&lt;/a>.camera: Olympus E-520lens: Zuiko 14-42mm f/3.5-5.6housing: Olympus PT-E05port: Athena OPD-SZ14-42 domestrobes: dual Olympus UWL UFL-2s</FreeText>
    <MediaName>Male Hypsypops rubicundus (Garabaldi) - Olympus E-520 - Zuiko 14-42mm f/3.5-5.6</MediaName>
    <FileFormat>image/jpeg</FileFormat>
    <MetaTag type="xsd:string" name="UserTag">Olympus</MetaTag>
    <MetaTag type="xsd:string" name="UserTag">E520</MetaTag>
    <MetaTag type="xsd:string" name="UserTag">1442mm</MetaTag>
    <MetaTag type="xsd:string" name="UserTag">F3556</MetaTag>
    <MetaTag type="xsd:string" name="UserTag">Pte05</MetaTag>
    <MetaTag type="xsd:string" name="UserTag">Athena</MetaTag>
    <MetaTag type="xsd:string" name="UserTag">Opdsz1442</MetaTag>
    <MetaTag type="xsd:string" name="UserTag">Dome</MetaTag>
    <MediaLocator>
     <MediaUri>http://farm8.staticflickr.com/7255/7440821662_e2d08d2345_k.jpg</MediaUri>
     <MediaPreview>http://farm8.staticflickr.com/7255/7440821662_d283d86ebf_s.jpg</MediaPreview>
    </MediaLocator>
    <MediaCreationInformation>
     <Author>
      <Name>divewizard</Name>
     </Author>
     <Licensing>All Rights Reserved</Licensing>
    </MediaCreationInformation>
    <Size>1887437</Size>
   </MultimediaContent>
   <MultimediaContent type="VideoType">
    <FreeText>Japanese sea bass Location: Osezaki, Izu penin, Japan Depth: 3m</FreeText>
    <MediaName>スズキ ( Lateolabrax japonicus )</MediaName>
    <MetaTag type="xsd:string" name="UserTag">Animals</MetaTag>
    <MetaTag type="xsd:string" name="UserTag">魚類</MetaTag>
    <MetaTag type="xsd:string" name="UserTag">さかな</MetaTag>
    <MetaTag type="xsd:string" name="UserTag">スキューバ</MetaTag>
    <MetaTag type="xsd:string" name="UserTag">ダイビング</MetaTag>
    <MetaTag type="xsd:string" name="UserTag">フィッシュウォッチング</MetaTag>
    <MetaTag type="xsd:string" name="UserTag">スズキ</MetaTag>
    <MediaLocator>
     <MediaUri>https://www.youtube.com/watch?v=Tej4JUXDfJM</MediaUri>
     <MediaPreview>http://i.ytimg.com/vi/Tej4JUXDfJM/default.jpg</MediaPreview>
    </MediaLocator>
    <MediaCreationInformation>
     <Author>
      <Name>umiponpon</Name>
     </Author>
     <Licensing>All right reserved</Licensing>
    </MediaCreationInformation>
    <MediaTime>30</MediaTime>
   </MultimediaContent>
   <RealWorldInfo>
    <MetadataUri filetype="rwml">Seabass.rwml</MetadataUri>
   </RealWorldInfo>
  </ContentObjectTypes>
  <Tags>
   <MetaTag type="xsd:string" name="UserTag">Olympus</MetaTag>
   <MetaTag type="xsd:string" name="UserTag">E520</MetaTag>
   <MetaTag type="xsd:string" name="UserTag">1442mm</MetaTag>
   <MetaTag type="xsd:string" name="UserTag">F3556</MetaTag>
   <MetaTag type="xsd:string" name="UserTag">Pte05</MetaTag>
   <MetaTag type="xsd:string" name="UserTag">Athena</MetaTag>
   <MetaTag type="xsd:string" name="UserTag">Opdsz1442</MetaTag>
   <MetaTag type="xsd:string" name="UserTag">Dome</MetaTag>
   <MetaTag type="xsd:string" name="UserTag">Animals</MetaTag>
   <MetaTag type="xsd:string" name="UserTag">魚類</MetaTag>
   <MetaTag type="xsd:string" name="UserTag">さかな</MetaTag>
   <MetaTag type="xsd:string" name="UserTag">スキューバ</MetaTag>
   <MetaTag type="xsd:string" name="UserTag">ダイビング</MetaTag>
   <MetaTag type="xsd:string" name="UserTag">フィッシュウォッチング</MetaTag>
   <MetaTag type="xsd:string" name="UserTag">スズキ</MetaTag>
   <MetaTag type="xsd:string" name="Category">02 Fish</MetaTag>
  </Tags>
 </Header>
 <Description>
  <L_Descriptor type="ImageType">
   <MediaName>Male Hypsypops rubicundus (Garabaldi) - Olympus E-520 - Zuiko 14-42mm f/3.5-5.6</MediaName>
   <ImageDescription matching="L2Distance" type="SIFT">
    <LowLevelDescriptor descriptorType="xsd:float" totalNumOfDescriptors="8168" descriptorSize="1021">
     <Store type="text">
      <DescriptorLocator>
       <DescriptorUri>http://vcl.iti.gr/is/UC/descr/2D/80000000-8000-0000-F000-0000800002E5.imgdescr</DescriptorUri>
      </DescriptorLocator>
     </Store>
    </LowLevelDescriptor>
   </ImageDescription>
  </L_Descriptor>
 </Description>
</RUCoD>
