<?xml version='1.0' encoding='UTF-8'?>
<RUCoD xmlns:xsi="http://www.w3.org/2001/XMLSchema-instance" xmlns="http://www.isearch-project.eu/isearch/RUCoD" xmlns:gml="http://www.opengis.net/gml" xmlns:xsd="http://www.w3.org/2001/XMLSchema">
 <Header>
  <ContentObjectType>Multimedia Collection</ContentObjectType>
  <ContentObjectName xml:lang="en-US">Seabass</ContentObjectName>
  <ContentObjectID>80000000-8000-0000-F000-0000800002DE</ContentObjectID>
  <ContentObjectVersion>1</ContentObjectVersion>
  <ContentObjectCreationInformation>
   <Creator>
    <Name>CoFetch Script</Name>
   </Creator>
   <Contributor>
    <Name>HS Fulda</Name>
   </Contributor>
   <Contributor>
    <Name>Google</Name>
   </Contributor>
   <Contributor>
    <Name>flickr.com</Name>
   </Contributor>
   <Contributor>
    <Name>wikipedia.org</Name>
   </Contributor>
   <Contributor>
    <Name>freesound.org</Name>
   </Contributor>
   <Contributor>
    <Name>wunderground.com</Name>
   </Contributor>
   <Contributor>
    <Name>youtube.com</Name>
   </Contributor>
  </ContentObjectCreationInformation>
  <ContentObjectTypes>
   <MultimediaContent type="ImageType">
    <FreeText>&lt;b>European Seabass&lt;/b> - &lt;i>Dicentrarchus labrax&lt;/i> (Linnaeus, 1758) &lt;a href="http://www.flickr.com/photos/puffinbytes/tags/spb:id=01H7">[more of this species]&lt;/a>Unmistakable. Its the typical bass. Silvery fish with a slightly darker upperside. Two dorsal fins. The only marking it has is a large prominent spot on its operculum.&lt;b>Date: &lt;/b>October 22, 2009&lt;a href="http://sites.google.com/site/speciesbase/" rel="nofollow">Click here to view my photographic wildlife checklists&lt;/a>&lt;a href="http://speciesfishing.blogspot.com/" rel="nofollow">Click here to view my fishing blog&lt;/a>&lt;b>&amp;copy;Copyright Notice&lt;/b>&lt;i>This photograph and all those within my photostream are protected by copyright. They may not be reproduced, copied, transmitted or manipulated without &lt;a href="mailto:puffinbytes@yahoo.com.au" rel="nofollow">written permission&lt;/a>.&lt;/i></FreeText>
    <MediaName>European Seabass - Dicentrarchus labrax</MediaName>
    <FileFormat>image/jpeg</FileFormat>
    <MetaTag type="xsd:string" name="UserTag">Spb:id=01h7</MetaTag>
    <MetaTag type="xsd:string" name="UserTag">Dicentrarchus</MetaTag>
    <MetaTag type="xsd:string" name="UserTag">Taxonomy:genus=dicentrarchus</MetaTag>
    <MetaTag type="xsd:string" name="UserTag">Dicentrarchuslabrax</MetaTag>
    <MetaTag type="xsd:string" name="UserTag">Taxonomy:species=labrax</MetaTag>
    <MetaTag type="xsd:string" name="UserTag">Taxonomy:binomial=dicentrarchuslabrax</MetaTag>
    <MetaTag type="xsd:string" name="UserTag">Spb:species=dicentrarchuslabrax</MetaTag>
    <MetaTag type="xsd:string" name="UserTag">Europeanseabass</MetaTag>
    <MediaLocator>
     <MediaUri>http://farm8.staticflickr.com/7009/6709843059_25f551811f.jpg</MediaUri>
     <MediaPreview>http://farm8.staticflickr.com/7009/6709843059_25f551811f_s.jpg</MediaPreview>
    </MediaLocator>
    <MediaCreationInformation>
     <Author>
      <Name>Vin</Name>
     </Author>
     <Licensing>All Rights Reserved</Licensing>
    </MediaCreationInformation>
    <Size>92160</Size>
   </MultimediaContent>
   <RealWorldInfo>
    <MetadataUri filetype="rwml">Seabass_3.rwml</MetadataUri>
   </RealWorldInfo>
  </ContentObjectTypes>
  <Tags>
   <MetaTag type="xsd:string" name="UserTag">Spb:id=01h7</MetaTag>
   <MetaTag type="xsd:string" name="UserTag">Dicentrarchus</MetaTag>
   <MetaTag type="xsd:string" name="UserTag">Taxonomy:genus=dicentrarchus</MetaTag>
   <MetaTag type="xsd:string" name="UserTag">Dicentrarchuslabrax</MetaTag>
   <MetaTag type="xsd:string" name="UserTag">Taxonomy:species=labrax</MetaTag>
   <MetaTag type="xsd:string" name="UserTag">Taxonomy:binomial=dicentrarchuslabrax</MetaTag>
   <MetaTag type="xsd:string" name="UserTag">Spb:species=dicentrarchuslabrax</MetaTag>
   <MetaTag type="xsd:string" name="UserTag">Europeanseabass</MetaTag>
   <MetaTag type="xsd:string" name="Category">02 Fish</MetaTag>
  </Tags>
 </Header>
 <Description>
  <L_Descriptor type="ImageType">
   <MediaName>European Seabass - Dicentrarchus labrax</MediaName>
   <ImageDescription matching="L2Distance" type="SIFT">
    <LowLevelDescriptor descriptorType="xsd:float" totalNumOfDescriptors="8168" descriptorSize="1021">
     <Store type="text">
      <DescriptorLocator>
       <DescriptorUri>http://vcl.iti.gr/is/UC/descr/2D/80000000-8000-0000-F000-0000800002DE.imgdescr</DescriptorUri>
      </DescriptorLocator>
     </Store>
    </LowLevelDescriptor>
   </ImageDescription>
  </L_Descriptor>
 </Description>
</RUCoD>
