<?xml version='1.0' encoding='UTF-8'?>
<RUCoD xmlns:xsi="http://www.w3.org/2001/XMLSchema-instance" xmlns="http://www.isearch-project.eu/isearch/RUCoD" xmlns:gml="http://www.opengis.net/gml" xmlns:xsd="http://www.w3.org/2001/XMLSchema">
 <Header>
  <ContentObjectType>Multimedia Collection</ContentObjectType>
  <ContentObjectName xml:lang="en-US">Seabass</ContentObjectName>
  <ContentObjectID>80000000-8000-0000-F000-0000800002E4</ContentObjectID>
  <ContentObjectVersion>1</ContentObjectVersion>
  <ContentObjectCreationInformation>
   <Creator>
    <Name>CoFetch Script</Name>
   </Creator>
   <Contributor>
    <Name>HS Fulda</Name>
   </Contributor>
   <Contributor>
    <Name>Google</Name>
   </Contributor>
   <Contributor>
    <Name>flickr.com</Name>
   </Contributor>
   <Contributor>
    <Name>wikipedia.org</Name>
   </Contributor>
   <Contributor>
    <Name>freesound.org</Name>
   </Contributor>
   <Contributor>
    <Name>wunderground.com</Name>
   </Contributor>
   <Contributor>
    <Name>youtube.com</Name>
   </Contributor>
  </ContentObjectCreationInformation>
  <ContentObjectTypes>
   <MultimediaContent type="ImageType">
    <FreeText>my second seabass, was a real joy releasing it to the sea :-D(support catch &amp;amp; release)</FreeText>
    <MediaName>baby seabass</MediaName>
    <FileFormat>image/jpeg</FileFormat>
    <MetaTag type="xsd:string" name="UserTag">Seabass</MetaTag>
    <MetaTag type="xsd:string" name="UserTag">Branzino</MetaTag>
    <MetaTag type="xsd:string" name="UserTag">Nokianavigator</MetaTag>
    <MetaTag type="xsd:string" name="UserTag">6210</MetaTag>
    <MetaTag type="xsd:string" name="UserTag">Menton</MetaTag>
    <MetaTag type="xsd:string" name="UserTag">France</MetaTag>
    <MetaTag type="xsd:string" name="UserTag">Rapala</MetaTag>
    <MetaTag type="xsd:string" name="UserTag">Stradic</MetaTag>
    <MediaLocator>
     <MediaUri>http://farm4.staticflickr.com/3614/3364174144_41797296db_b.jpg</MediaUri>
     <MediaPreview>http://farm4.staticflickr.com/3614/3364174144_41797296db_s.jpg</MediaPreview>
    </MediaLocator>
    <MediaCreationInformation>
     <Author>
      <Name>mat man</Name>
     </Author>
     <Licensing>All Rights Reserved</Licensing>
    </MediaCreationInformation>
    <Size>471860</Size>
   </MultimediaContent>
   <RealWorldInfo>
    <MetadataUri filetype="rwml">Seabass_9.rwml</MetadataUri>
   </RealWorldInfo>
  </ContentObjectTypes>
  <Tags>
   <MetaTag type="xsd:string" name="UserTag">6210</MetaTag>
   <MetaTag type="xsd:string" name="UserTag">Seabass</MetaTag>
   <MetaTag type="xsd:string" name="UserTag">Branzino</MetaTag>
   <MetaTag type="xsd:string" name="UserTag">Nokianavigator</MetaTag>
   <MetaTag type="xsd:string" name="UserTag">Menton</MetaTag>
   <MetaTag type="xsd:string" name="UserTag">France</MetaTag>
   <MetaTag type="xsd:string" name="UserTag">Rapala</MetaTag>
   <MetaTag type="xsd:string" name="UserTag">Stradic</MetaTag>
   <MetaTag type="xsd:string" name="Category">02 Fish</MetaTag>
  </Tags>
 </Header>
 <Description>
  <L_Descriptor type="ImageType">
   <MediaName>baby seabass</MediaName>
   <ImageDescription matching="L2Distance" type="SIFT">
    <LowLevelDescriptor descriptorType="xsd:float" totalNumOfDescriptors="8168" descriptorSize="1021">
     <Store type="text">
      <DescriptorLocator>
       <DescriptorUri>http://vcl.iti.gr/is/UC/descr/2D/80000000-8000-0000-F000-0000800002E4.imgdescr</DescriptorUri>
      </DescriptorLocator>
     </Store>
    </LowLevelDescriptor>
   </ImageDescription>
  </L_Descriptor>
 </Description>
</RUCoD>
