<?xml version='1.0' encoding='UTF-8'?>
<RUCoD xmlns:xsi="http://www.w3.org/2001/XMLSchema-instance" xmlns="http://www.isearch-project.eu/isearch/RUCoD" xmlns:gml="http://www.opengis.net/gml" xmlns:xsd="http://www.w3.org/2001/XMLSchema">
 <Header>
  <ContentObjectType>Multimedia Collection</ContentObjectType>
  <ContentObjectName xml:lang="en-US">Seabass</ContentObjectName>
  <ContentObjectID>80000000-8000-0000-F000-0000800002DD</ContentObjectID>
  <ContentObjectVersion>1</ContentObjectVersion>
  <ContentObjectCreationInformation>
   <Creator>
    <Name>CoFetch Script</Name>
   </Creator>
   <Contributor>
    <Name>HS Fulda</Name>
   </Contributor>
   <Contributor>
    <Name>Google</Name>
   </Contributor>
   <Contributor>
    <Name>flickr.com</Name>
   </Contributor>
   <Contributor>
    <Name>wikipedia.org</Name>
   </Contributor>
   <Contributor>
    <Name>freesound.org</Name>
   </Contributor>
   <Contributor>
    <Name>wunderground.com</Name>
   </Contributor>
   <Contributor>
    <Name>youtube.com</Name>
   </Contributor>
  </ContentObjectCreationInformation>
  <ContentObjectTypes>
   <MultimediaContent type="ImageType">
    <FreeText>The European seabass, Dicentrarchus labrax, also known as Morone labrax, is a primarily ocean-going fish that sometimes enters brackish and fresh waters. It is also known as the sea dace. Highly regarded as a food fish, it is often marketed as Mediterranean seabass, bronzini or branzini (branzino is the name of the fish in Northern Italy; in other parts of Italy, it is called spigola or ragno). In Spain, where, due to its popularity, it is farmed, it is called lubina or róbalo, and in France bar commun (&lt;a href="http://en.wikipedia.org/wiki/European_seabass" rel="nofollow">en.wikipedia.org/wiki/European_seabass&lt;/a>).</FreeText>
    <MediaName>European Seabass (Lubina)</MediaName>
    <FileFormat>image/jpeg</FileFormat>
    <MetaTag type="xsd:string" name="UserTag">Seabass</MetaTag>
    <MetaTag type="xsd:string" name="UserTag">Lubina</MetaTag>
    <MetaTag type="xsd:string" name="UserTag">Pez</MetaTag>
    <MetaTag type="xsd:string" name="UserTag">Fish</MetaTag>
    <MetaTag type="xsd:string" name="UserTag">Food</MetaTag>
    <MetaTag type="xsd:string" name="UserTag">Spain</MetaTag>
    <MediaLocator>
     <MediaUri>http://farm7.staticflickr.com/6225/6352898714_362c1b1ba9_b.jpg</MediaUri>
     <MediaPreview>http://farm7.staticflickr.com/6225/6352898714_362c1b1ba9_s.jpg</MediaPreview>
    </MediaLocator>
    <MediaCreationInformation>
     <Author>
      <Name>flydime</Name>
     </Author>
     <Licensing>All Rights Reserved</Licensing>
    </MediaCreationInformation>
    <Size>419636</Size>
   </MultimediaContent>
   <RealWorldInfo>
    <MetadataUri filetype="rwml">Seabass_2.rwml</MetadataUri>
   </RealWorldInfo>
  </ContentObjectTypes>
  <Tags>
   <MetaTag type="xsd:string" name="UserTag">Seabass</MetaTag>
   <MetaTag type="xsd:string" name="UserTag">Lubina</MetaTag>
   <MetaTag type="xsd:string" name="UserTag">Pez</MetaTag>
   <MetaTag type="xsd:string" name="UserTag">Fish</MetaTag>
   <MetaTag type="xsd:string" name="UserTag">Food</MetaTag>
   <MetaTag type="xsd:string" name="UserTag">Spain</MetaTag>
   <MetaTag type="xsd:string" name="Category">02 Fish</MetaTag>
  </Tags>
 </Header>
 <Description>
  <L_Descriptor type="ImageType">
   <MediaName>European Seabass (Lubina)</MediaName>
   <ImageDescription matching="L2Distance" type="SIFT">
    <LowLevelDescriptor descriptorType="xsd:float" totalNumOfDescriptors="8168" descriptorSize="1021">
     <Store type="text">
      <DescriptorLocator>
       <DescriptorUri>http://vcl.iti.gr/is/UC/descr/2D/80000000-8000-0000-F000-0000800002DD.imgdescr</DescriptorUri>
      </DescriptorLocator>
     </Store>
    </LowLevelDescriptor>
   </ImageDescription>
  </L_Descriptor>
 </Description>
</RUCoD>
