<?xml version='1.0' encoding='UTF-8'?>
<RUCoD xmlns:xsi="http://www.w3.org/2001/XMLSchema-instance" xmlns="http://www.isearch-project.eu/isearch/RUCoD" xmlns:gml="http://www.opengis.net/gml" xmlns:xsd="http://www.w3.org/2001/XMLSchema">
 <Header>
  <ContentObjectType>Multimedia Collection</ContentObjectType>
  <ContentObjectName xml:lang="en-US">Seabass</ContentObjectName>
  <ContentObjectID>80000000-8000-0000-F000-0000800002DC</ContentObjectID>
  <ContentObjectVersion>1</ContentObjectVersion>
  <ContentObjectCreationInformation>
   <Creator>
    <Name>CoFetch Script</Name>
   </Creator>
   <Contributor>
    <Name>HS Fulda</Name>
   </Contributor>
   <Contributor>
    <Name>Google</Name>
   </Contributor>
   <Contributor>
    <Name>flickr.com</Name>
   </Contributor>
   <Contributor>
    <Name>wikipedia.org</Name>
   </Contributor>
   <Contributor>
    <Name>freesound.org</Name>
   </Contributor>
   <Contributor>
    <Name>wunderground.com</Name>
   </Contributor>
   <Contributor>
    <Name>youtube.com</Name>
   </Contributor>
  </ContentObjectCreationInformation>
  <ContentObjectTypes>
   <MultimediaContent type="ImageType">
    <FreeText>Seabass in our kitchen.</FreeText>
    <MediaName>Zeebaars / Seabass</MediaName>
    <FileFormat>image/jpeg</FileFormat>
    <MetaTag type="xsd:string" name="UserTag">Seabass</MetaTag>
    <MetaTag type="xsd:string" name="UserTag">Kitchen</MetaTag>
    <MediaLocator>
     <MediaUri>http://farm4.staticflickr.com/3158/3011092618_646500fbcf_b.jpg</MediaUri>
     <MediaPreview>http://farm4.staticflickr.com/3158/3011092618_646500fbcf_s.jpg</MediaPreview>
    </MediaLocator>
    <MediaCreationInformation>
     <Author>
      <Name>Timo van Dockum</Name>
     </Author>
     <Licensing>Attribution-NonCommercial-ShareAlike License</Licensing>
    </MediaCreationInformation>
    <Size>471860</Size>
   </MultimediaContent>
   <MultimediaContent type="VideoType">
    <FreeText>A study of the Giant Sea Bass in Southern California waters from divers, and scientist Dr Michael Domieir of PIER in Oceanside, CA. Are Giant Sea Bass populations impacted by feeding preferences? Divers now sek out the giant sea bass as swimming "companions".</FreeText>
    <MediaName>Giant Sea Bass of California, Part - 2</MediaName>
    <MetaTag type="xsd:string" name="UserTag">Animals</MetaTag>
    <MetaTag type="xsd:string" name="UserTag">Black</MetaTag>
    <MetaTag type="xsd:string" name="UserTag">Sea</MetaTag>
    <MetaTag type="xsd:string" name="UserTag">Bass</MetaTag>
    <MetaTag type="xsd:string" name="UserTag">California</MetaTag>
    <MetaTag type="xsd:string" name="UserTag">Diving</MetaTag>
    <MetaTag type="xsd:string" name="UserTag">Science</MetaTag>
    <MediaLocator>
     <MediaUri>https://www.youtube.com/watch?v=y5q-6xhm3sQ</MediaUri>
     <MediaPreview>http://i.ytimg.com/vi/y5q-6xhm3sQ/default.jpg</MediaPreview>
    </MediaLocator>
    <MediaCreationInformation>
     <Author>
      <Name>007bmac</Name>
     </Author>
     <Licensing>All right reserved</Licensing>
    </MediaCreationInformation>
    <MediaTime>457</MediaTime>
   </MultimediaContent>
   <RealWorldInfo>
    <MetadataUri filetype="rwml">Seabass_1.rwml</MetadataUri>
   </RealWorldInfo>
  </ContentObjectTypes>
  <Tags>
   <MetaTag type="xsd:string" name="UserTag">Seabass</MetaTag>
   <MetaTag type="xsd:string" name="UserTag">Kitchen</MetaTag>
   <MetaTag type="xsd:string" name="UserTag">Animals</MetaTag>
   <MetaTag type="xsd:string" name="UserTag">Black</MetaTag>
   <MetaTag type="xsd:string" name="UserTag">Sea</MetaTag>
   <MetaTag type="xsd:string" name="UserTag">Bass</MetaTag>
   <MetaTag type="xsd:string" name="UserTag">California</MetaTag>
   <MetaTag type="xsd:string" name="UserTag">Diving</MetaTag>
   <MetaTag type="xsd:string" name="UserTag">Science</MetaTag>
   <MetaTag type="xsd:string" name="Category">02 Fish</MetaTag>
  </Tags>
 </Header>
 <Description>
  <L_Descriptor type="ImageType">
   <MediaName>Zeebaars / Seabass</MediaName>
   <ImageDescription matching="L2Distance" type="SIFT">
    <LowLevelDescriptor descriptorType="xsd:float" totalNumOfDescriptors="8168" descriptorSize="1021">
     <Store type="text">
      <DescriptorLocator>
       <DescriptorUri>http://vcl.iti.gr/is/UC/descr/2D/80000000-8000-0000-F000-0000800002DC.imgdescr</DescriptorUri>
      </DescriptorLocator>
     </Store>
    </LowLevelDescriptor>
   </ImageDescription>
  </L_Descriptor>
 </Description>
</RUCoD>
