<?xml version='1.0' encoding='UTF-8'?>
<RUCoD xmlns:xsi="http://www.w3.org/2001/XMLSchema-instance" xmlns="http://www.isearch-project.eu/isearch/RUCoD" xmlns:gml="http://www.opengis.net/gml" xmlns:xsd="http://www.w3.org/2001/XMLSchema">
 <Header>
  <ContentObjectType>Multimedia Collection</ContentObjectType>
  <ContentObjectName xml:lang="en-US">Shark</ContentObjectName>
  <ContentObjectID>80000000-8000-0000-F000-0000800002E9</ContentObjectID>
  <ContentObjectVersion>1</ContentObjectVersion>
  <ContentObjectCreationInformation>
   <Creator>
    <Name>CoFetch Script</Name>
   </Creator>
   <Contributor>
    <Name>HS Fulda</Name>
   </Contributor>
   <Contributor>
    <Name>Google</Name>
   </Contributor>
   <Contributor>
    <Name>flickr.com</Name>
   </Contributor>
   <Contributor>
    <Name>wikipedia.org</Name>
   </Contributor>
   <Contributor>
    <Name>freesound.org</Name>
   </Contributor>
   <Contributor>
    <Name>wunderground.com</Name>
   </Contributor>
   <Contributor>
    <Name>youtube.com</Name>
   </Contributor>
  </ContentObjectCreationInformation>
  <ContentObjectTypes>
   <MultimediaContent type="ImageType">
    <FreeText>The sharks in this tank were swimming rather rapidly back and forth, so I saw it as an opportuity to practice my panning skills.  I would like to have gotten more of a motion blur in the background but the shark itself is pretty crisp.  I should have tried 1/50th of a second, or even a bit slower.</FreeText>
    <MediaName>Shark!</MediaName>
    <FileFormat>image/jpeg</FileFormat>
    <MetaTag type="xsd:string" name="UserTag">Aquariumofthepacific</MetaTag>
    <MetaTag type="xsd:string" name="UserTag">Longbeach</MetaTag>
    <MetaTag type="xsd:string" name="UserTag">Shark</MetaTag>
    <MetaTag type="xsd:string" name="UserTag">Panning</MetaTag>
    <MetaTag type="xsd:string" name="UserTag">Hammerhead</MetaTag>
    <MediaLocator>
     <MediaUri>http://farm8.staticflickr.com/7146/6648793569_e01e6c8af1_b.jpg</MediaUri>
     <MediaPreview>http://farm8.staticflickr.com/7146/6648793569_e01e6c8af1_s.jpg</MediaPreview>
    </MediaLocator>
    <MediaCreationInformation>
     <Author>
      <Name>Non Paratus</Name>
     </Author>
     <Licensing>All Rights Reserved</Licensing>
    </MediaCreationInformation>
    <Size>419636</Size>
   </MultimediaContent>
   <RealWorldInfo>
    <MetadataUri filetype="rwml">Shark_14.rwml</MetadataUri>
   </RealWorldInfo>
  </ContentObjectTypes>
  <Tags>
   <MetaTag type="xsd:string" name="UserTag">Aquariumofthepacific</MetaTag>
   <MetaTag type="xsd:string" name="UserTag">Longbeach</MetaTag>
   <MetaTag type="xsd:string" name="UserTag">Shark</MetaTag>
   <MetaTag type="xsd:string" name="UserTag">Panning</MetaTag>
   <MetaTag type="xsd:string" name="UserTag">Hammerhead</MetaTag>
   <MetaTag type="xsd:string" name="Category">02 Fish</MetaTag>
  </Tags>
 </Header>
 <Description>
  <L_Descriptor type="ImageType">
   <MediaName>Shark!</MediaName>
   <ImageDescription matching="L2Distance" type="SIFT">
    <LowLevelDescriptor descriptorType="xsd:float" totalNumOfDescriptors="8168" descriptorSize="1021">
     <Store type="text">
      <DescriptorLocator>
       <DescriptorUri>http://vcl.iti.gr/is/UC/descr/2D/80000000-8000-0000-F000-0000800002E9.imgdescr</DescriptorUri>
      </DescriptorLocator>
     </Store>
    </LowLevelDescriptor>
   </ImageDescription>
  </L_Descriptor>
 </Description>
</RUCoD>
