<?xml version='1.0' encoding='UTF-8'?>
<RUCoD xmlns:xsi="http://www.w3.org/2001/XMLSchema-instance" xmlns="http://www.isearch-project.eu/isearch/RUCoD" xmlns:gml="http://www.opengis.net/gml" xmlns:xsd="http://www.w3.org/2001/XMLSchema">
 <Header>
  <ContentObjectType>Multimedia Collection</ContentObjectType>
  <ContentObjectName xml:lang="en-US">Shark</ContentObjectName>
  <ContentObjectID>80000000-8000-0000-F000-0000800002EF</ContentObjectID>
  <ContentObjectVersion>1</ContentObjectVersion>
  <ContentObjectCreationInformation>
   <Creator>
    <Name>CoFetch Script</Name>
   </Creator>
   <Contributor>
    <Name>HS Fulda</Name>
   </Contributor>
   <Contributor>
    <Name>Google</Name>
   </Contributor>
   <Contributor>
    <Name>flickr.com</Name>
   </Contributor>
   <Contributor>
    <Name>wikipedia.org</Name>
   </Contributor>
   <Contributor>
    <Name>freesound.org</Name>
   </Contributor>
   <Contributor>
    <Name>wunderground.com</Name>
   </Contributor>
   <Contributor>
    <Name>youtube.com</Name>
   </Contributor>
  </ContentObjectCreationInformation>
  <ContentObjectTypes>
   <MultimediaContent type="Object3D">
    <FreeText>3D model of a Bull Shark.  Thanks to BTM for the tutorial on how to make animals.  This is my second attempt at modelling an animal.  Actually looks pretty good rendered (in profile).  Oh yeah - thanks to the Discovery Channel for 'Shark Week'.  Yes, it was all done in Sketch-up from scratch, it is not imported.</FreeText>
    <MediaName>Bull Shark</MediaName>
    <MetaTag type="xsd:string" name="UserTag">Shark</MetaTag>
    <MediaLocator>
     <MediaUri>http://sketchup.google.com/3dwarehouse/download?mid=a8857272b0aaa39cdb47526c03b19e7b&amp;rtyp=zip&amp;fn=export+bull+shark&amp;ctyp=other&amp;ts=1229026688000&amp;ct=gd</MediaUri>
     <MediaPreview>http://sketchup.google.com/3dwarehouse/download?mid=a8857272b0aaa39cdb47526c03b19e7b&amp;rtyp=lt&amp;ctyp=other&amp;ts=1229026688000&amp;ct=gd</MediaPreview>
    </MediaLocator>
    <MediaCreationInformation>
     <Author>
      <Name>p.m.dawe (http://sketchup.google.com/3dwarehouse/search?uq=0484649552250334104808967&amp;scoring=m&amp;ct=gd)</Name>
     </Author>
     <Licensing>Google 3D Warehouse License</Licensing>
    </MediaCreationInformation>
    <Size>600417</Size>
   </MultimediaContent>
   <MultimediaContent type="ImageType">
    <FreeText>Little Bahamas Bank, shark crossing (lemon below, tiger above)</FreeText>
    <MediaName>Tiger shark</MediaName>
    <FileFormat>image/jpeg</FileFormat>
    <MetaTag type="xsd:string" name="UserTag">Shark</MetaTag>
    <MetaTag type="xsd:string" name="UserTag">Underwater</MetaTag>
    <MediaLocator>
     <MediaUri>http://farm4.staticflickr.com/3040/2340350691_c2fa916c59_z.jpg?zz=1</MediaUri>
     <MediaPreview>http://farm4.staticflickr.com/3040/2340350691_c2fa916c59_s.jpg</MediaPreview>
    </MediaLocator>
    <MediaCreationInformation>
     <Author>
      <Name>Ken Bondy</Name>
     </Author>
     <Licensing>All Rights Reserved</Licensing>
    </MediaCreationInformation>
    <Size>154368</Size>
   </MultimediaContent>
   <MultimediaContent type="VideoType">
    <FreeText>Supposedly one of the best underwater shark feeds in the world: feeding fish heads to 15+ ft Bull Sharks, Reef-, White tip and black tip sharks at Shark Reef, in Fiji off Pacific Harbour. Unbelievable experience. Excerpts from this video have been featured on UK TV Channel 5 documentary, Red Sea Jaws, which explores the reasons behind the tragic 2010 deaths in Egypt. I recently joined the San Diego-based Shark Protectorate; a non-profit group that seeks to educate the public on the threats facing sharks worldwide from man-made problems, including their cruel &amp; senseless slaughter for shark-fin soup; a recent status symbol in some parts of the Chinese community. 95% of the shark is unused &amp; thrown back helpless but still alive into the water. Much as I love Chinese food, I will not eat at any restaurant that serves it, whether on their regular or "special events" menus &amp; encourage others to consider similar action &amp; raise awareness.</FreeText>
    <MediaName>Fiji Underwater Shark Feeding</MediaName>
    <MetaTag type="xsd:string" name="UserTag">Animals</MetaTag>
    <MetaTag type="xsd:string" name="UserTag">Shark</MetaTag>
    <MetaTag type="xsd:string" name="UserTag">Bull</MetaTag>
    <MetaTag type="xsd:string" name="UserTag">White</MetaTag>
    <MetaTag type="xsd:string" name="UserTag">Tip</MetaTag>
    <MetaTag type="xsd:string" name="UserTag">Black</MetaTag>
    <MetaTag type="xsd:string" name="UserTag">Reef</MetaTag>
    <MediaLocator>
     <MediaUri>https://www.youtube.com/watch?v=lgM9XWzP-hg</MediaUri>
     <MediaPreview>http://i.ytimg.com/vi/lgM9XWzP-hg/default.jpg</MediaPreview>
    </MediaLocator>
    <MediaCreationInformation>
     <Author>
      <Name>LimeyInSD</Name>
     </Author>
     <Licensing>All right reserved</Licensing>
    </MediaCreationInformation>
    <MediaTime>208</MediaTime>
   </MultimediaContent>
   <RealWorldInfo>
    <MetadataUri filetype="rwml">Shark_1.rwml</MetadataUri>
   </RealWorldInfo>
  </ContentObjectTypes>
  <Tags>
   <MetaTag type="xsd:string" name="UserTag">Shark</MetaTag>
   <MetaTag type="xsd:string" name="UserTag">Underwater</MetaTag>
   <MetaTag type="xsd:string" name="UserTag">Animals</MetaTag>
   <MetaTag type="xsd:string" name="UserTag">Bull</MetaTag>
   <MetaTag type="xsd:string" name="UserTag">White</MetaTag>
   <MetaTag type="xsd:string" name="UserTag">Tip</MetaTag>
   <MetaTag type="xsd:string" name="UserTag">Black</MetaTag>
   <MetaTag type="xsd:string" name="UserTag">Reef</MetaTag>
   <MetaTag type="xsd:string" name="Category">02 Fish</MetaTag>
  </Tags>
 </Header>
 <Description>
  <L_Descriptor type="ImageType">
   <MediaName>Tiger shark</MediaName>
   <ImageDescription matching="L2Distance" type="SIFT">
    <LowLevelDescriptor descriptorType="xsd:float" totalNumOfDescriptors="8168" descriptorSize="1021">
     <Store type="text">
      <DescriptorLocator>
       <DescriptorUri>http://vcl.iti.gr/is/UC/descr/2D/80000000-8000-0000-F000-0000800002EF.imgdescr</DescriptorUri>
      </DescriptorLocator>
     </Store>
    </LowLevelDescriptor>
   </ImageDescription>
  </L_Descriptor>
  <L_Descriptor type="Object3D">
   <MediaName>Bull Shark</MediaName>
   <Shape3DDescription matching="MultiViewL2" type="CMVD">
    <LowLevelDescriptor descriptorType="xsd:float" totalNumOfDescriptors="212" descriptorSize="3816" totalNumOfViews="18">
     <Store type="text">
      <DescriptorLocator>
       <DescriptorUri>http://vcl.iti.gr/is/UC/descr/3D/80000000-8000-0000-F000-0000800002EF.zip.txt</DescriptorUri>
      </DescriptorLocator>
     </Store>
    </LowLevelDescriptor>
   </Shape3DDescription>
  </L_Descriptor>
 </Description>
</RUCoD>
