<?xml version='1.0' encoding='UTF-8'?>
<RUCoD xmlns:xsi="http://www.w3.org/2001/XMLSchema-instance" xmlns="http://www.isearch-project.eu/isearch/RUCoD" xmlns:gml="http://www.opengis.net/gml" xmlns:xsd="http://www.w3.org/2001/XMLSchema">
 <Header>
  <ContentObjectType>Multimedia Collection</ContentObjectType>
  <ContentObjectName xml:lang="en-US">Shark</ContentObjectName>
  <ContentObjectID>80000000-8000-0000-F000-0000800002ED</ContentObjectID>
  <ContentObjectVersion>1</ContentObjectVersion>
  <ContentObjectCreationInformation>
   <Creator>
    <Name>CoFetch Script</Name>
   </Creator>
   <Contributor>
    <Name>HS Fulda</Name>
   </Contributor>
   <Contributor>
    <Name>Google</Name>
   </Contributor>
   <Contributor>
    <Name>flickr.com</Name>
   </Contributor>
   <Contributor>
    <Name>wikipedia.org</Name>
   </Contributor>
   <Contributor>
    <Name>freesound.org</Name>
   </Contributor>
   <Contributor>
    <Name>wunderground.com</Name>
   </Contributor>
   <Contributor>
    <Name>youtube.com</Name>
   </Contributor>
  </ContentObjectCreationInformation>
  <ContentObjectTypes>
   <MultimediaContent type="ImageType">
    <FreeText>Sharks and other large fish are common on most reefs throughout the Northwestern Hawaiian Islands, one of the few marine ecosystems remaining on the planet still dominated by apex predators. Credit: James Watt.  Please contact &lt;a href="http://www.oceanstock.com" rel="nofollow">www.oceanstock.com&lt;/a> for image usage. </FreeText>
    <MediaName>Sharks - Papahānaumokuākea Marine National Monument</MediaName>
    <FileFormat>image/jpeg</FileFormat>
    <MetaTag type="xsd:string" name="UserTag">Papahānaumokuākeamarinenationalmonument</MetaTag>
    <MetaTag type="xsd:string" name="UserTag">Pacificislands</MetaTag>
    <MetaTag type="xsd:string" name="UserTag">Hawaiianislands</MetaTag>
    <MetaTag type="xsd:string" name="UserTag">Sharks</MetaTag>
    <MetaTag type="xsd:string" name="UserTag">Predators</MetaTag>
    <MetaTag type="xsd:string" name="UserTag">Apexpredators</MetaTag>
    <MediaLocator>
     <MediaUri>http://farm5.staticflickr.com/4154/4967557703_0f0a2e262b_b.jpg</MediaUri>
     <MediaPreview>http://farm5.staticflickr.com/4154/4967557703_0f0a2e262b_s.jpg</MediaPreview>
    </MediaLocator>
    <MediaCreationInformation>
     <Author>
      <Name>U.S. Fish &amp; Wildlife Service - Pacific Region's</Name>
     </Author>
     <Licensing>Attribution License</Licensing>
    </MediaCreationInformation>
    <Size>305357</Size>
   </MultimediaContent>
   <RealWorldInfo>
    <MetadataUri filetype="rwml">Shark_18.rwml</MetadataUri>
   </RealWorldInfo>
  </ContentObjectTypes>
  <Tags>
   <MetaTag type="xsd:string" name="UserTag">Papahānaumokuākeamarinenationalmonument</MetaTag>
   <MetaTag type="xsd:string" name="UserTag">Pacificislands</MetaTag>
   <MetaTag type="xsd:string" name="UserTag">Hawaiianislands</MetaTag>
   <MetaTag type="xsd:string" name="UserTag">Sharks</MetaTag>
   <MetaTag type="xsd:string" name="UserTag">Predators</MetaTag>
   <MetaTag type="xsd:string" name="UserTag">Apexpredators</MetaTag>
   <MetaTag type="xsd:string" name="Category">02 Fish</MetaTag>
  </Tags>
 </Header>
 <Description>
  <L_Descriptor type="ImageType">
   <MediaName>Sharks - Papahānaumokuākea Marine National Monument</MediaName>
   <ImageDescription matching="L2Distance" type="SIFT">
    <LowLevelDescriptor descriptorType="xsd:float" totalNumOfDescriptors="8168" descriptorSize="1021">
     <Store type="text">
      <DescriptorLocator>
       <DescriptorUri>http://vcl.iti.gr/is/UC/descr/2D/80000000-8000-0000-F000-0000800002ED.imgdescr</DescriptorUri>
      </DescriptorLocator>
     </Store>
    </LowLevelDescriptor>
   </ImageDescription>
  </L_Descriptor>
 </Description>
</RUCoD>
