<?xml version='1.0' encoding='UTF-8'?>
<RUCoD xmlns:xsi="http://www.w3.org/2001/XMLSchema-instance" xmlns="http://www.isearch-project.eu/isearch/RUCoD" xmlns:gml="http://www.opengis.net/gml" xmlns:xsd="http://www.w3.org/2001/XMLSchema">
 <Header>
  <ContentObjectType>Multimedia Collection</ContentObjectType>
  <ContentObjectName xml:lang="en-US">Shark</ContentObjectName>
  <ContentObjectID>80000000-8000-0000-F000-0000800002F0</ContentObjectID>
  <ContentObjectVersion>1</ContentObjectVersion>
  <ContentObjectCreationInformation>
   <Creator>
    <Name>CoFetch Script</Name>
   </Creator>
   <Contributor>
    <Name>HS Fulda</Name>
   </Contributor>
   <Contributor>
    <Name>Google</Name>
   </Contributor>
   <Contributor>
    <Name>flickr.com</Name>
   </Contributor>
   <Contributor>
    <Name>wikipedia.org</Name>
   </Contributor>
   <Contributor>
    <Name>freesound.org</Name>
   </Contributor>
   <Contributor>
    <Name>wunderground.com</Name>
   </Contributor>
   <Contributor>
    <Name>youtube.com</Name>
   </Contributor>
  </ContentObjectCreationInformation>
  <ContentObjectTypes>
   <MultimediaContent type="ImageType">
    <FreeText>Shark in Ocean World at Burgers Bush.</FreeText>
    <MediaName>Shark</MediaName>
    <FileFormat>image/jpeg</FileFormat>
    <MetaTag type="xsd:string" name="UserTag">Burgers</MetaTag>
    <MetaTag type="xsd:string" name="UserTag">Bush</MetaTag>
    <MetaTag type="xsd:string" name="UserTag">Netherlands</MetaTag>
    <MetaTag type="xsd:string" name="UserTag">Holland</MetaTag>
    <MetaTag type="xsd:string" name="UserTag">Bsidez</MetaTag>
    <MetaTag type="xsd:string" name="UserTag">Zoo</MetaTag>
    <MetaTag type="xsd:string" name="UserTag">Shark</MetaTag>
    <MediaLocator>
     <MediaUri>http://farm1.staticflickr.com/55/131302876_14398e9e55_z.jpg?zz=1</MediaUri>
     <MediaPreview>http://farm1.staticflickr.com/55/131302876_14398e9e55_s.jpg</MediaPreview>
    </MediaLocator>
    <MediaCreationInformation>
     <Author>
      <Name>Jeroen van Vliet</Name>
     </Author>
     <Licensing>All Rights Reserved</Licensing>
    </MediaCreationInformation>
    <Size>174336</Size>
   </MultimediaContent>
   <RealWorldInfo>
    <MetadataUri filetype="rwml">Shark_20.rwml</MetadataUri>
   </RealWorldInfo>
  </ContentObjectTypes>
  <Tags>
   <MetaTag type="xsd:string" name="UserTag">Burgers</MetaTag>
   <MetaTag type="xsd:string" name="UserTag">Bush</MetaTag>
   <MetaTag type="xsd:string" name="UserTag">Netherlands</MetaTag>
   <MetaTag type="xsd:string" name="UserTag">Holland</MetaTag>
   <MetaTag type="xsd:string" name="UserTag">Bsidez</MetaTag>
   <MetaTag type="xsd:string" name="UserTag">Zoo</MetaTag>
   <MetaTag type="xsd:string" name="UserTag">Shark</MetaTag>
   <MetaTag type="xsd:string" name="Category">02 Fish</MetaTag>
  </Tags>
 </Header>
 <Description>
  <L_Descriptor type="ImageType">
   <MediaName>Shark</MediaName>
   <ImageDescription matching="L2Distance" type="SIFT">
    <LowLevelDescriptor descriptorType="xsd:float" totalNumOfDescriptors="8168" descriptorSize="1021">
     <Store type="text">
      <DescriptorLocator>
       <DescriptorUri>http://vcl.iti.gr/is/UC/descr/2D/80000000-8000-0000-F000-0000800002F0.imgdescr</DescriptorUri>
      </DescriptorLocator>
     </Store>
    </LowLevelDescriptor>
   </ImageDescription>
  </L_Descriptor>
 </Description>
</RUCoD>
